time,symbol,side,long,short,confidence,price,weekly_zone,daily_sr,corr,rr1,rr2,counter
2026-09-05T14:26:50.227520+00:00,USD_JPY,WAIT,31,33,33,156.227,UPPER_MID,S=155.245(3) R=157.918(1),CORR EUR_JPY=+0.90,,,
2026-09-05T14:26:50.227541+00:00,EUR_JPY,WAIT,29,54,54,181.417,UPPER_25,S=181.228(1) R=185.3352(5),CORR GBP_JPY=+0.95,,,
2026-09-05T14:26:50.227552+00:00,GBP_JPY,WAIT,18,50,50,211.145,UPPER_25,S=210.59(2) R=214.49949999999998(4),CORR EUR_JPY=+0.95,,,
2026-09-05T14:26:50.227561+00:00,EUR_USD,WAIT,36,36,36,1.16122,UPPER_25,S=1.15811(2) R=1.16218(1),CORR USD_JPY=-0.40,,,
2026-09-05T14:32:31.677524+00:00,USD_JPY,WAIT,31,33,33,156.227,UPPER_MID,S=155.245(3) R=157.918(1),CORR EUR_JPY=+0.90,,,
2026-09-05T14:32:31.677552+00:00,EUR_JPY,WAIT,29,54,54,181.417,UPPER_25,S=181.228(1) R=185.3352(5),CORR GBP_JPY=+0.95,,,
2026-09-05T14:32:31.677564+00:00,GBP_JPY,WAIT,18,50,50,211.145,UPPER_25,S=210.59(2) R=214.49949999999998(4),CORR EUR_JPY=+0.95,,,
2026-09-05T14:32:31.677575+00:00,EUR_USD,WAIT,36,36,36,1.16122,UPPER_25,S=1.15811(2) R=1.16218(1),CORR USD_JPY=-0.40,,,
2026-09-05T14:38:12.360043+00:00,USD_JPY,WAIT,31,33,33,156.227,UPPER_MID,S=155.245(3) R=157.918(1),CORR EUR_JPY=+0.90,,,
2026-09-05T14:38:12.360066+00:00,EUR_JPY,WAIT,29,54,54,181.417,UPPER_25,S=181.228(1) R=185.3352(5),CORR GBP_JPY=+0.95,,,
2026-09-05T14:38:12.360077+00:00,GBP_JPY,WAIT,18,50,50,211.145,UPPER_25,S=210.59(2) R=214.49949999999998(4),CORR EUR_JPY=+0.95,,,
2026-09-05T14:38:12.360087+00:00,EUR_USD,WAIT,36,36,36,1.16122,UPPER_25,S=1.15811(2) R=1.16218(1),CORR USD_JPY=-0.40,,,
2026-09-05T14:43:55.300358+00:00,USD_JPY,WAIT,31,33,33,156.227,UPPER_MID,S=155.245(3) R=157.918(1),CORR EUR_JPY=+0.90,,,
2026-09-05T14:43:55.300380+00:00,EUR_JPY,WAIT,29,54,54,181.417,UPPER_25,S=181.228(1) R=185.3352(5),CORR GBP_JPY=+0.95,,,
2026-09-05T14:43:55.300393+00:00,GBP_JPY,WAIT,18,50,50,211.145,UPPER_25,S=210.59(2) R=214.49949999999998(4),CORR EUR_JPY=+0.95,,,
2026-09-05T14:43:55.300403+00:00,EUR_USD,WAIT,36,36,36,1.16122,UPPER_25,S=1.15811(2) R=1.16218(1),CORR USD_JPY=-0.40,,,
2026-09-05T14:49:38.224016+00:00,USD_JPY,WAIT,31,33,33,156.227,UPPER_MID,S=155.245(3) R=157.918(1),CORR EUR_JPY=+0.90,,,
2026-09-05T14:49:38.224060+00:00,EUR_JPY,WAIT,29,54,54,181.417,UPPER_25,S=181.228(1) R=185.3352(5),CORR GBP_JPY=+0.95,,,
2026-09-05T14:49:38.224072+00:00,GBP_JPY,WAIT,18,50,50,211.145,UPPER_25,S=210.59(2) R=214.49949999999998(4),CORR EUR_JPY=+0.95,,,
2026-09-05T14:49:38.224083+00:00,EUR_USD,WAIT,36,36,36,1.16122,UPPER_25,S=1.15811(2) R=1.16218(1),CORR USD_JPY=-0.40,,,
2026-09-05T14:55:20.928658+00:00,USD_JPY,WAIT,31,33,33,156.227,UPPER_MID,S=155.245(3) R=157.918(1),CORR EUR_JPY=+0.90,,,
2026-09-05T14:55:20.928682+00:00,EUR_JPY,WAIT,29,54,54,181.417,UPPER_25,S=181.228(1) R=185.3352(5),CORR GBP_JPY=+0.95,,,
2026-09-05T14:55:20.928695+00:00,GBP_JPY,WAIT,18,50,50,211.145,UPPER_25,S=210.59(2) R=214.49949999999998(4),CORR EUR_JPY=+0.95,,,
2026-09-05T14:55:20.928706+00:00,EUR_USD,WAIT,36,36,36,1.16122,UPPER_25,S=1.15811(2) R=1.16218(1),CORR USD_JPY=-0.40,,,
2026-09-05T14:58:40.594213+00:00,USD_JPY,WAIT,31,33,33,156.227,UPPER_MID,S=155.245(3) R=157.918(1),CORR EUR_JPY=+0.90,,,
2026-09-05T14:58:40.594230+00:00,EUR_JPY,WAIT,29,54,54,181.417,UPPER_25,S=181.228(1) R=185.3352(5),CORR GBP_JPY=+0.95,,,
2026-09-05T14:58:40.594234+00:00,GBP_JPY,WAIT,18,50,50,211.145,UPPER_25,S=210.59(2) R=214.49949999999998(4),CORR EUR_JPY=+0.95,,,
2026-09-05T14:58:40.594238+00:00,EUR_USD,WAIT,36,36,36,1.16122,UPPER_25,S=1.15811(2) R=1.16218(1),CORR USD_JPY=-0.40,,,
2026-09-05T15:04:30.831632+00:00,USD_JPY,WAIT,31,33,33,156.227,UPPER_MID,S=155.245(3) R=157.918(1),CORR EUR_JPY=+0.90,,,
2026-09-05T15:04:30.831654+00:00,EUR_JPY,WAIT,29,54,54,181.417,UPPER_25,S=181.228(1) R=185.3352(5),CORR GBP_JPY=+0.95,,,
2026-09-05T15:04:30.831660+00:00,GBP_JPY,WAIT,18,50,50,211.145,UPPER_25,S=210.59(2) R=214.49949999999998(4),CORR EUR_JPY=+0.95,,,
2026-09-05T15:04:30.831666+00:00,EUR_USD,WAIT,36,36,36,1.16122,UPPER_25,S=1.15811(2) R=1.16218(1),CORR USD_JPY=-0.40,,,
2026-09-05T15:10:20.018447+00:00,USD_JPY,WAIT,31,33,33,156.227,UPPER_MID,S=155.245(3) R=157.918(1),CORR EUR_JPY=+0.90,,,
2026-09-05T15:10:20.018464+00:00,EUR_JPY,WAIT,29,54,54,181.417,UPPER_25,S=181.228(1) R=185.3352(5),CORR GBP_JPY=+0.95,,,
2026-09-05T15:10:20.018468+00:00,GBP_JPY,WAIT,18,50,50,211.145,UPPER_25,S=210.59(2) R=214.49949999999998(4),CORR EUR_JPY=+0.95,,,
2026-09-05T15:10:20.018472+00:00,EUR_USD,WAIT,36,36,36,1.16122,UPPER_25,S=1.15811(2) R=1.16218(1),CORR USD_JPY=-0.40,,,
2026-09-05T15:16:07.887313+00:00,USD_JPY,WAIT,31,33,33,156.227,UPPER_MID,S=155.245(3) R=157.918(1),CORR EUR_JPY=+0.90,,,
2026-09-05T15:16:07.887327+00:00,EUR_JPY,WAIT,29,54,54,181.417,UPPER_25,S=181.228(1) R=185.3352(5),CORR GBP_JPY=+0.95,,,
2026-09-05T15:16:07.887332+00:00,GBP_JPY,WAIT,18,50,50,211.145,UPPER_25,S=210.59(2) R=214.49949999999998(4),CORR EUR_JPY=+0.95,,,
2026-09-05T15:16:07.887336+00:00,EUR_USD,WAIT,36,36,36,1.16122,UPPER_25,S=1.15811(2) R=1.16218(1),CORR USD_JPY=-0.40,,,
2026-09-05T15:21:56.360404+00:00,USD_JPY,WAIT,31,33,33,156.227,UPPER_MID,S=155.245(3) R=157.918(1),CORR EUR_JPY=+0.90,,,
2026-09-05T15:21:56.360427+00:00,EUR_JPY,WAIT,29,54,54,181.417,UPPER_25,S=181.228(1) R=185.3352(5),CORR GBP_JPY=+0.95,,,
2026-09-05T15:21:56.360434+00:00,GBP_JPY,WAIT,18,50,50,211.145,UPPER_25,S=210.59(2) R=214.49949999999998(4),CORR EUR_JPY=+0.95,,,
2026-09-05T15:21:56.360440+00:00,EUR_USD,WAIT,36,36,36,1.16122,UPPER_25,S=1.15811(2) R=1.16218(1),CORR USD_JPY=-0.40,,,
2026-09-05T15:27:45.872546+00:00,USD_JPY,WAIT,31,33,33,156.227,UPPER_MID,S=155.245(3) R=157.918(1),CORR EUR_JPY=+0.90,,,
2026-09-05T15:27:45.872568+00:00,EUR_JPY,WAIT,29,54,54,181.417,UPPER_25,S=181.228(1) R=185.3352(5),CORR GBP_JPY=+0.95,,,
2026-09-05T15:27:45.872574+00:00,GBP_JPY,WAIT,18,50,50,211.145,UPPER_25,S=210.59(2) R=214.49949999999998(4),CORR EUR_JPY=+0.95,,,
2026-09-05T15:27:45.872579+00:00,EUR_USD,WAIT,36,36,36,1.16122,UPPER_25,S=1.15811(2) R=1.16218(1),CORR USD_JPY=-0.40,,,
2026-09-05T15:33:36.121161+00:00,USD_JPY,WAIT,31,33,33,156.227,UPPER_MID,S=155.245(3) R=157.918(1),CORR EUR_JPY=+0.90,,,
2026-09-05T15:33:36.121177+00:00,EUR_JPY,WAIT,29,54,54,181.417,UPPER_25,S=181.228(1) R=185.3352(5),CORR GBP_JPY=+0.95,,,
2026-09-05T15:33:36.121181+00:00,GBP_JPY,WAIT,18,50,50,211.145,UPPER_25,S=210.59(2) R=214.49949999999998(4),CORR EUR_JPY=+0.95,,,
2026-09-05T15:33:36.121185+00:00,EUR_USD,WAIT,36,36,36,1.16122,UPPER_25,S=1.15811(2) R=1.16218(1),CORR USD_JPY=-0.40,,,
2026-09-05T15:39:27.246156+00:00,USD_JPY,WAIT,31,33,33,156.227,UPPER_MID,S=155.245(3) R=157.918(1),CORR EUR_JPY=+0.90,,,
2026-09-05T15:39:27.246173+00:00,EUR_JPY,WAIT,29,54,54,181.417,UPPER_25,S=181.228(1) R=185.3352(5),CORR GBP_JPY=+0.95,,,
2026-09-05T15:39:27.246178+00:00,GBP_JPY,WAIT,18,50,50,211.145,UPPER_25,S=210.59(2) R=214.49949999999998(4),CORR EUR_JPY=+0.95,,,
2026-09-05T15:39:27.246182+00:00,EUR_USD,WAIT,36,36,36,1.16122,UPPER_25,S=1.15811(2) R=1.16218(1),CORR USD_JPY=-0.40,,,
2026-09-05T15:45:17.046903+00:00,USD_JPY,WAIT,31,33,33,156.227,UPPER_MID,S=155.245(3) R=157.918(1),CORR EUR_JPY=+0.90,,,
2026-09-05T15:45:17.046920+00:00,EUR_JPY,WAIT,29,54,54,181.417,UPPER_25,S=181.228(1) R=185.3352(5),CORR GBP_JPY=+0.95,,,
2026-09-05T15:45:17.046924+00:00,GBP_JPY,WAIT,18,50,50,211.145,UPPER_25,S=210.59(2) R=214.49949999999998(4),CORR EUR_JPY=+0.95,,,
2026-09-05T15:45:17.046928+00:00,EUR_USD,WAIT,36,36,36,1.16122,UPPER_25,S=1.15811(2) R=1.16218(1),CORR USD_JPY=-0.40,,,
2026-09-05T15:51:05.133688+00:00,USD_JPY,WAIT,31,33,33,156.227,UPPER_MID,S=155.245(3) R=157.918(1),CORR EUR_JPY=+0.90,,,
2026-09-05T15:51:05.133703+00:00,EUR_JPY,WAIT,29,54,54,181.417,UPPER_25,S=181.228(1) R=185.3352(5),CORR GBP_JPY=+0.95,,,
2026-09-05T15:51:05.133707+00:00,GBP_JPY,WAIT,18,50,50,211.145,UPPER_25,S=210.59(2) R=214.49949999999998(4),CORR EUR_JPY=+0.95,,,
2026-09-05T15:51:05.133712+00:00,EUR_USD,WAIT,36,36,36,1.16122,UPPER_25,S=1.15811(2) R=1.16218(1),CORR USD_JPY=-0.40,,,
2026-09-05T15:56:55.205835+00:00,USD_JPY,WAIT,31,33,33,156.227,UPPER_MID,S=155.245(3) R=157.918(1),CORR EUR_JPY=+0.90,,,
2026-09-05T15:56:55.205857+00:00,EUR_JPY,WAIT,29,54,54,181.417,UPPER_25,S=181.228(1) R=185.3352(5),CORR GBP_JPY=+0.95,,,
2026-09-05T15:56:55.205862+00:00,GBP_JPY,WAIT,18,50,50,211.145,UPPER_25,S=210.59(2) R=214.49949999999998(4),CORR EUR_JPY=+0.95,,,
2026-09-05T15:56:55.205866+00:00,EUR_USD,WAIT,36,36,36,1.16122,UPPER_25,S=1.15811(2) R=1.16218(1),CORR USD_JPY=-0.40,,,
2026-09-05T16:02:45.556561+00:00,USD_JPY,WAIT,31,33,33,156.227,UPPER_MID,S=155.245(3) R=157.918(1),CORR EUR_JPY=+0.90,,,
2026-09-05T16:02:45.556581+00:00,EUR_JPY,WAIT,29,54,54,181.417,UPPER_25,S=181.228(1) R=185.3352(5),CORR GBP_JPY=+0.95,,,
2026-09-05T16:02:45.556588+00:00,GBP_JPY,WAIT,18,50,50,211.145,UPPER_25,S=210.59(2) R=214.49949999999998(4),CORR EUR_JPY=+0.95,,,
2026-09-05T16:02:45.556593+00:00,EUR_USD,WAIT,36,36,36,1.16122,UPPER_25,S=1.15811(2) R=1.16218(1),CORR USD_JPY=-0.40,,,
2026-09-05T16:04:03.121635+00:00,USD_JPY,WAIT,31,33,33,156.227,UPPER_MID,S=155.245(3) R=157.918(1),CORR EUR_JPY=+0.90,,,
2026-09-05T16:04:03.121660+00:00,EUR_JPY,WAIT,29,54,54,181.417,UPPER_25,S=181.228(1) R=185.3352(5),CORR GBP_JPY=+0.95,,,
2026-09-05T16:04:03.121673+00:00,GBP_JPY,WAIT,18,50,50,211.145,UPPER_25,S=210.59(2) R=214.49949999999998(4),CORR EUR_JPY=+0.95,,,
2026-09-05T16:04:03.121683+00:00,EUR_USD,WAIT,36,36,36,1.16122,UPPER_25,S=1.15811(2) R=1.16218(1),CORR USD_JPY=-0.40,,,
2026-09-05T16:09:59.393177+00:00,USD_JPY,WAIT,31,33,33,156.227,UPPER_MID,S=155.245(3) R=157.918(1),CORR EUR_JPY=+0.90,,,
2026-09-05T16:09:59.393198+00:00,EUR_JPY,WAIT,29,54,54,181.417,UPPER_25,S=181.228(1) R=185.3352(5),CORR GBP_JPY=+0.95,,,
2026-09-05T16:09:59.393209+00:00,GBP_JPY,WAIT,18,50,50,211.145,UPPER_25,S=210.59(2) R=214.49949999999998(4),CORR EUR_JPY=+0.95,,,
2026-09-05T16:09:59.393219+00:00,EUR_USD,WAIT,36,36,36,1.16122,UPPER_25,S=1.15811(2) R=1.16218(1),CORR USD_JPY=-0.40,,,
2026-09-05T16:15:55.756699+00:00,USD_JPY,WAIT,31,33,33,156.227,UPPER_MID,S=155.245(3) R=157.918(1),CORR EUR_JPY=+0.90,,,
2026-09-05T16:15:55.756729+00:00,EUR_JPY,WAIT,29,54,54,181.417,UPPER_25,S=181.228(1) R=185.3352(5),CORR GBP_JPY=+0.95,,,
2026-09-05T16:15:55.756742+00:00,GBP_JPY,WAIT,18,50,50,211.145,UPPER_25,S=210.59(2) R=214.49949999999998(4),CORR EUR_JPY=+0.95,,,
2026-09-05T16:15:55.756752+00:00,EUR_USD,WAIT,36,36,36,1.16122,UPPER_25,S=1.15811(2) R=1.16218(1),CORR USD_JPY=-0.40,,,
2026-09-05T16:21:49.469536+00:00,USD_JPY,WAIT,31,33,33,156.227,UPPER_MID,S=155.245(3) R=157.918(1),CORR EUR_JPY=+0.90,,,
2026-09-05T16:21:49.469561+00:00,EUR_JPY,WAIT,29,54,54,181.417,UPPER_25,S=181.228(1) R=185.3352(5),CORR GBP_JPY=+0.95,,,
2026-09-05T16:21:49.469573+00:00,GBP_JPY,WAIT,18,50,50,211.145,UPPER_25,S=210.59(2) R=214.49949999999998(4),CORR EUR_JPY=+0.95,,,
2026-09-05T16:21:49.469582+00:00,EUR_USD,WAIT,36,36,36,1.16122,UPPER_25,S=1.15811(2) R=1.16218(1),CORR USD_JPY=-0.40,,,
2026-09-05T16:27:42.505092+00:00,USD_JPY,WAIT,31,33,33,156.227,UPPER_MID,S=155.245(3) R=157.918(1),CORR EUR_JPY=+0.90,,,
2026-09-05T16:27:42.505115+00:00,EUR_JPY,WAIT,29,54,54,181.417,UPPER_25,S=181.228(1) R=185.3352(5),CORR GBP_JPY=+0.95,,,
2026-09-05T16:27:42.505127+00:00,GBP_JPY,WAIT,18,50,50,211.145,UPPER_25,S=210.59(2) R=214.49949999999998(4),CORR EUR_JPY=+0.95,,,
2026-09-05T16:27:42.505136+00:00,EUR_USD,WAIT,36,36,36,1.16122,UPPER_25,S=1.15811(2) R=1.16218(1),CORR USD_JPY=-0.40,,,
2026-09-05T16:33:40.145975+00:00,USD_JPY,WAIT,31,33,33,156.227,UPPER_MID,S=155.245(3) R=157.918(1),CORR EUR_JPY=+0.90,,,
2026-09-05T16:33:40.146020+00:00,EUR_JPY,WAIT,29,54,54,181.417,UPPER_25,S=181.228(1) R=185.3352(5),CORR GBP_JPY=+0.95,,,
2026-09-05T16:33:40.146033+00:00,GBP_JPY,WAIT,18,50,50,211.145,UPPER_25,S=210.59(2) R=214.49949999999998(4),CORR EUR_JPY=+0.95,,,
2026-09-05T16:33:40.146043+00:00,EUR_USD,WAIT,36,36,36,1.16122,UPPER_25,S=1.15811(2) R=1.16218(1),CORR USD_JPY=-0.40,,,
2026-09-05T16:39:35.130701+00:00,USD_JPY,WAIT,31,33,33,156.227,UPPER_MID,S=155.245(3) R=157.918(1),CORR EUR_JPY=+0.90,,,
2026-09-05T16:39:35.130717+00:00,EUR_JPY,WAIT,29,54,54,181.417,UPPER_25,S=181.228(1) R=185.3352(5),CORR GBP_JPY=+0.95,,,
2026-09-05T16:39:35.130724+00:00,GBP_JPY,WAIT,18,50,50,211.145,UPPER_25,S=210.59(2) R=214.49949999999998(4),CORR EUR_JPY=+0.95,,,
2026-09-05T16:39:35.130730+00:00,EUR_USD,WAIT,36,36,36,1.16122,UPPER_25,S=1.15811(2) R=1.16218(1),CORR USD_JPY=-0.40,,,
2026-09-05T16:45:29.963100+00:00,USD_JPY,WAIT,31,33,33,156.227,UPPER_MID,S=155.245(3) R=157.918(1),CORR EUR_JPY=+0.90,,,
2026-09-05T16:45:29.963126+00:00,EUR_JPY,WAIT,29,54,54,181.417,UPPER_25,S=181.228(1) R=185.3352(5),CORR GBP_JPY=+0.95,,,
2026-09-05T16:45:29.963139+00:00,GBP_JPY,WAIT,18,50,50,211.145,UPPER_25,S=210.59(2) R=214.49949999999998(4),CORR EUR_JPY=+0.95,,,
2026-09-05T16:45:29.963151+00:00,EUR_USD,WAIT,36,36,36,1.16122,UPPER_25,S=1.15811(2) R=1.16218(1),CORR USD_JPY=-0.40,,,
2026-09-05T16:51:26.139907+00:00,USD_JPY,WAIT,31,33,33,156.227,UPPER_MID,S=155.245(3) R=157.918(1),CORR EUR_JPY=+0.90,,,
2026-09-05T16:51:26.139929+00:00,EUR_JPY,WAIT,29,54,54,181.417,UPPER_25,S=181.228(1) R=185.3352(5),CORR GBP_JPY=+0.95,,,
2026-09-05T16:51:26.139940+00:00,GBP_JPY,WAIT,18,50,50,211.145,UPPER_25,S=210.59(2) R=214.49949999999998(4),CORR EUR_JPY=+0.95,,,
2026-09-05T16:51:26.139950+00:00,EUR_USD,WAIT,36,36,36,1.16122,UPPER_25,S=1.15811(2) R=1.16218(1),CORR USD_JPY=-0.40,,,
2026-09-05T16:57:23.182584+00:00,USD_JPY,WAIT,31,33,33,156.227,UPPER_MID,S=155.245(3) R=157.918(1),CORR EUR_JPY=+0.90,,,
2026-09-05T16:57:23.182606+00:00,EUR_JPY,WAIT,29,54,54,181.417,UPPER_25,S=181.228(1) R=185.3352(5),CORR GBP_JPY=+0.95,,,
2026-09-05T16:57:23.182615+00:00,GBP_JPY,WAIT,18,50,50,211.145,UPPER_25,S=210.59(2) R=214.49949999999998(4),CORR EUR_JPY=+0.95,,,
2026-09-05T16:57:23.182630+00:00,EUR_USD,WAIT,36,36,36,1.16122,UPPER_25,S=1.15811(2) R=1.16218(1),CORR USD_JPY=-0.40,,,
2026-09-05T17:03:20.040874+00:00,USD_JPY,WAIT,31,33,33,156.227,UPPER_MID,S=155.245(3) R=157.918(1),CORR EUR_JPY=+0.90,,,
2026-09-05T17:03:20.040900+00:00,EUR_JPY,WAIT,29,54,54,181.417,UPPER_25,S=181.228(1) R=185.3352(5),CORR GBP_JPY=+0.95,,,
2026-09-05T17:03:20.040913+00:00,GBP_JPY,WAIT,18,50,50,211.145,UPPER_25,S=210.59(2) R=214.49949999999998(4),CORR EUR_JPY=+0.95,,,
2026-09-05T17:03:20.040920+00:00,EUR_USD,WAIT,36,36,36,1.16122,UPPER_25,S=1.15811(2) R=1.16218(1),CORR USD_JPY=-0.40,,,
2026-09-05T17:09:16.274054+00:00,USD_JPY,WAIT,31,33,33,156.227,UPPER_MID,S=155.245(3) R=157.918(1),CORR EUR_JPY=+0.90,,,
2026-09-05T17:09:16.274081+00:00,EUR_JPY,WAIT,29,54,54,181.417,UPPER_25,S=181.228(1) R=185.3352(5),CORR GBP_JPY=+0.95,,,
2026-09-05T17:09:16.274093+00:00,GBP_JPY,WAIT,18,50,50,211.145,UPPER_25,S=210.59(2) R=214.49949999999998(4),CORR EUR_JPY=+0.95,,,
2026-09-05T17:09:16.274105+00:00,EUR_USD,WAIT,36,36,36,1.16122,UPPER_25,S=1.15811(2) R=1.16218(1),CORR USD_JPY=-0.40,,,
2026-09-05T17:10:25.095288+00:00,USD_JPY,WAIT,31,33,33,156.227,UPPER_MID,S=155.245(3) R=157.918(1),CORR EUR_JPY=+0.90,,,
2026-09-05T17:10:25.095310+00:00,EUR_JPY,WAIT,29,54,54,181.417,UPPER_25,S=181.228(1) R=185.3352(5),CORR GBP_JPY=+0.95,,,
2026-09-05T17:10:25.095322+00:00,GBP_JPY,WAIT,18,50,50,211.145,UPPER_25,S=210.59(2) R=214.49949999999998(4),CORR EUR_JPY=+0.95,,,
2026-09-05T17:10:25.095332+00:00,EUR_USD,WAIT,36,36,36,1.16122,UPPER_25,S=1.15811(2) R=1.16218(1),CORR USD_JPY=-0.40,,,
2026-09-05T17:16:16.339179+00:00,USD_JPY,WAIT,31,33,33,156.227,UPPER_MID,S=155.245(3) R=157.918(1),CORR EUR_JPY=+0.90,,,
2026-09-05T17:16:16.339195+00:00,EUR_JPY,WAIT,29,54,54,181.417,UPPER_25,S=181.228(1) R=185.3352(5),CORR GBP_JPY=+0.95,,,
2026-09-05T17:16:16.339208+00:00,GBP_JPY,WAIT,18,50,50,211.145,UPPER_25,S=210.59(2) R=214.49949999999998(4),CORR EUR_JPY=+0.95,,,
2026-09-05T17:16:16.339219+00:00,EUR_USD,WAIT,36,36,36,1.16122,UPPER_25,S=1.15811(2) R=1.16218(1),CORR USD_JPY=-0.40,,,
2026-09-05T17:22:06.074636+00:00,USD_JPY,WAIT,31,33,33,156.227,UPPER_MID,S=155.245(3) R=157.918(1),CORR EUR_JPY=+0.90,,,
2026-09-05T17:22:06.074651+00:00,EUR_JPY,WAIT,29,54,54,181.417,UPPER_25,S=181.228(1) R=185.3352(5),CORR GBP_JPY=+0.95,,,
2026-09-05T17:22:06.074658+00:00,GBP_JPY,WAIT,18,50,50,211.145,UPPER_25,S=210.59(2) R=214.49949999999998(4),CORR EUR_JPY=+0.95,,,
2026-09-05T17:22:06.074664+00:00,EUR_USD,WAIT,36,36,36,1.16122,UPPER_25,S=1.15811(2) R=1.16218(1),CORR USD_JPY=-0.40,,,
2026-09-05T17:27:54.408571+00:00,USD_JPY,WAIT,31,33,33,156.227,UPPER_MID,S=155.245(3) R=157.918(1),CORR EUR_JPY=+0.90,,,
2026-09-05T17:27:54.408594+00:00,EUR_JPY,WAIT,29,54,54,181.417,UPPER_25,S=181.228(1) R=185.3352(5),CORR GBP_JPY=+0.95,,,
2026-09-05T17:27:54.408605+00:00,GBP_JPY,WAIT,18,50,50,211.145,UPPER_25,S=210.59(2) R=214.49949999999998(4),CORR EUR_JPY=+0.95,,,
2026-09-05T17:27:54.408615+00:00,EUR_USD,WAIT,36,36,36,1.16122,UPPER_25,S=1.15811(2) R=1.16218(1),CORR USD_JPY=-0.40,,,
2026-09-05T17:33:45.716721+00:00,USD_JPY,WAIT,31,33,33,156.227,UPPER_MID,S=155.245(3) R=157.918(1),CORR EUR_JPY=+0.90,,,
2026-09-05T17:33:45.716743+00:00,EUR_JPY,WAIT,29,54,54,181.417,UPPER_25,S=181.228(1) R=185.3352(5),CORR GBP_JPY=+0.95,,,
2026-09-05T17:33:45.716756+00:00,GBP_JPY,WAIT,18,50,50,211.145,UPPER_25,S=210.59(2) R=214.49949999999998(4),CORR EUR_JPY=+0.95,,,
2026-09-05T17:33:45.716767+00:00,EUR_USD,WAIT,36,36,36,1.16122,UPPER_25,S=1.15811(2) R=1.16218(1),CORR USD_JPY=-0.40,,,
2026-09-05T17:39:37.250061+00:00,USD_JPY,WAIT,31,33,33,156.227,UPPER_MID,S=155.245(3) R=157.918(1),CORR EUR_JPY=+0.90,,,
2026-09-05T17:39:37.250083+00:00,EUR_JPY,WAIT,29,54,54,181.417,UPPER_25,S=181.228(1) R=185.3352(5),CORR GBP_JPY=+0.95,,,
2026-09-05T17:39:37.250095+00:00,GBP_JPY,WAIT,18,50,50,211.145,UPPER_25,S=210.59(2) R=214.49949999999998(4),CORR EUR_JPY=+0.95,,,
2026-09-05T17:39:37.250105+00:00,EUR_USD,WAIT,36,36,36,1.16122,UPPER_25,S=1.15811(2) R=1.16218(1),CORR USD_JPY=-0.40,,,
2026-09-05T17:45:28.829090+00:00,USD_JPY,WAIT,31,33,33,156.227,UPPER_MID,S=155.245(3) R=157.918(1),CORR EUR_JPY=+0.90,,,
2026-09-05T17:45:28.829105+00:00,EUR_JPY,WAIT,29,54,54,181.417,UPPER_25,S=181.228(1) R=185.3352(5),CORR GBP_JPY=+0.95,,,
2026-09-05T17:45:28.829113+00:00,GBP_JPY,WAIT,18,50,50,211.145,UPPER_25,S=210.59(2) R=214.49949999999998(4),CORR EUR_JPY=+0.95,,,
2026-09-05T17:45:28.829118+00:00,EUR_USD,WAIT,36,36,36,1.16122,UPPER_25,S=1.15811(2) R=1.16218(1),CORR USD_JPY=-0.40,,,
2026-09-05T17:51:19.376329+00:00,USD_JPY,WAIT,31,33,33,156.227,UPPER_MID,S=155.245(3) R=157.918(1),CORR EUR_JPY=+0.90,,,
2026-09-05T17:51:19.376350+00:00,EUR_JPY,WAIT,29,54,54,181.417,UPPER_25,S=181.228(1) R=185.3352(5),CORR GBP_JPY=+0.95,,,
2026-09-05T17:51:19.376363+00:00,GBP_JPY,WAIT,18,50,50,211.145,UPPER_25,S=210.59(2) R=214.49949999999998(4),CORR EUR_JPY=+0.95,,,
2026-09-05T17:51:19.376374+00:00,EUR_USD,WAIT,36,36,36,1.16122,UPPER_25,S=1.15811(2) R=1.16218(1),CORR USD_JPY=-0.40,,,
2026-09-05T17:57:09.381705+00:00,USD_JPY,WAIT,31,33,33,156.227,UPPER_MID,S=155.245(3) R=157.918(1),CORR EUR_JPY=+0.90,,,
2026-09-05T17:57:09.381729+00:00,EUR_JPY,WAIT,29,54,54,181.417,UPPER_25,S=181.228(1) R=185.3352(5),CORR GBP_JPY=+0.95,,,
2026-09-05T17:57:09.381741+00:00,GBP_JPY,WAIT,18,50,50,211.145,UPPER_25,S=210.59(2) R=214.49949999999998(4),CORR EUR_JPY=+0.95,,,
2026-09-05T17:57:09.381751+00:00,EUR_USD,WAIT,36,36,36,1.16122,UPPER_25,S=1.15811(2) R=1.16218(1),CORR USD_JPY=-0.40,,,
2026-09-05T18:02:59.283161+00:00,USD_JPY,WAIT,31,33,33,156.227,UPPER_MID,S=155.245(3) R=157.918(1),CORR EUR_JPY=+0.90,,,
2026-09-05T18:02:59.283184+00:00,EUR_JPY,WAIT,29,54,54,181.417,UPPER_25,S=181.228(1) R=185.3352(5),CORR GBP_JPY=+0.95,,,
2026-09-05T18:02:59.283197+00:00,GBP_JPY,WAIT,18,50,50,211.145,UPPER_25,S=210.59(2) R=214.49949999999998(4),CORR EUR_JPY=+0.95,,,
2026-09-05T18:02:59.283208+00:00,EUR_USD,WAIT,36,36,36,1.16122,UPPER_25,S=1.15811(2) R=1.16218(1),CORR USD_JPY=-0.40,,,
2026-09-05T18:08:50.013550+00:00,USD_JPY,WAIT,31,33,33,156.227,UPPER_MID,S=155.245(3) R=157.918(1),CORR EUR_JPY=+0.90,,,
2026-09-05T18:08:50.013575+00:00,EUR_JPY,WAIT,29,54,54,181.417,UPPER_25,S=181.228(1) R=185.3352(5),CORR GBP_JPY=+0.95,,,
2026-09-05T18:08:50.013588+00:00,GBP_JPY,WAIT,18,50,50,211.145,UPPER_25,S=210.59(2) R=214.49949999999998(4),CORR EUR_JPY=+0.95,,,
2026-09-05T18:08:50.013600+00:00,EUR_USD,WAIT,36,36,36,1.16122,UPPER_25,S=1.15811(2) R=1.16218(1),CORR USD_JPY=-0.40,,,
2026-09-05T18:14:41.985671+00:00,USD_JPY,WAIT,31,33,33,156.227,UPPER_MID,S=155.245(3) R=157.918(1),CORR EUR_JPY=+0.90,,,
2026-09-05T18:14:41.985686+00:00,EUR_JPY,WAIT,29,54,54,181.417,UPPER_25,S=181.228(1) R=185.3352(5),CORR GBP_JPY=+0.95,,,
2026-09-05T18:14:41.985693+00:00,GBP_JPY,WAIT,18,50,50,211.145,UPPER_25,S=210.59(2) R=214.49949999999998(4),CORR EUR_JPY=+0.95,,,
2026-09-05T18:14:41.985699+00:00,EUR_USD,WAIT,36,36,36,1.16122,UPPER_25,S=1.15811(2) R=1.16218(1),CORR USD_JPY=-0.40,,,
2026-09-05T18:15:58.323371+00:00,USD_JPY,WAIT,31,33,33,156.227,UPPER_MID,S=155.245(3) R=157.918(1),CORR EUR_JPY=+0.90,,,
2026-09-05T18:15:58.323393+00:00,EUR_JPY,WAIT,29,54,54,181.417,UPPER_25,S=181.228(1) R=185.3352(5),CORR GBP_JPY=+0.95,,,
2026-09-05T18:15:58.323403+00:00,GBP_JPY,WAIT,18,50,50,211.145,UPPER_25,S=210.59(2) R=214.49949999999998(4),CORR EUR_JPY=+0.95,,,
2026-09-05T18:15:58.323411+00:00,EUR_USD,WAIT,36,36,36,1.16122,UPPER_25,S=1.15811(2) R=1.16218(1),CORR USD_JPY=-0.40,,,
2026-09-05T18:21:58.239946+00:00,USD_JPY,WAIT,31,33,33,156.227,UPPER_MID,S=155.245(3) R=157.918(1),CORR EUR_JPY=+0.90,,,
2026-09-05T18:21:58.239969+00:00,EUR_JPY,WAIT,29,54,54,181.417,UPPER_25,S=181.228(1) R=185.3352(5),CORR GBP_JPY=+0.95,,,
2026-09-05T18:21:58.239979+00:00,GBP_JPY,WAIT,18,50,50,211.145,UPPER_25,S=210.59(2) R=214.49949999999998(4),CORR EUR_JPY=+0.95,,,
2026-09-05T18:21:58.239988+00:00,EUR_USD,WAIT,36,36,36,1.16122,UPPER_25,S=1.15811(2) R=1.16218(1),CORR USD_JPY=-0.40,,,
2026-09-05T18:27:56.547780+00:00,USD_JPY,WAIT,31,33,33,156.227,UPPER_MID,S=155.245(3) R=157.918(1),CORR EUR_JPY=+0.90,,,
2026-09-05T18:27:56.547801+00:00,EUR_JPY,WAIT,29,54,54,181.417,UPPER_25,S=181.228(1) R=185.3352(5),CORR GBP_JPY=+0.95,,,
2026-09-05T18:27:56.547816+00:00,GBP_JPY,WAIT,18,50,50,211.145,UPPER_25,S=210.59(2) R=214.49949999999998(4),CORR EUR_JPY=+0.95,,,
2026-09-05T18:27:56.547826+00:00,EUR_USD,WAIT,36,36,36,1.16122,UPPER_25,S=1.15811(2) R=1.16218(1),CORR USD_JPY=-0.40,,,
2026-09-05T18:33:56.769985+00:00,USD_JPY,WAIT,31,33,33,156.227,UPPER_MID,S=155.245(3) R=157.918(1),CORR EUR_JPY=+0.90,,,
2026-09-05T18:33:56.770010+00:00,EUR_JPY,WAIT,29,54,54,181.417,UPPER_25,S=181.228(1) R=185.3352(5),CORR GBP_JPY=+0.95,,,
2026-09-05T18:33:56.770029+00:00,GBP_JPY,WAIT,18,50,50,211.145,UPPER_25,S=210.59(2) R=214.49949999999998(4),CORR EUR_JPY=+0.95,,,
2026-09-05T18:33:56.770039+00:00,EUR_USD,WAIT,36,36,36,1.16122,UPPER_25,S=1.15811(2) R=1.16218(1),CORR USD_JPY=-0.40,,,
2026-09-05T18:39:53.835721+00:00,USD_JPY,WAIT,31,33,33,156.227,UPPER_MID,S=155.245(3) R=157.918(1),CORR EUR_JPY=+0.90,,,
2026-09-05T18:39:53.835742+00:00,EUR_JPY,WAIT,29,54,54,181.417,UPPER_25,S=181.228(1) R=185.3352(5),CORR GBP_JPY=+0.95,,,
2026-09-05T18:39:53.835752+00:00,GBP_JPY,WAIT,18,50,50,211.145,UPPER_25,S=210.59(2) R=214.49949999999998(4),CORR EUR_JPY=+0.95,,,
2026-09-05T18:39:53.835761+00:00,EUR_USD,WAIT,36,36,36,1.16122,UPPER_25,S=1.15811(2) R=1.16218(1),CORR USD_JPY=-0.40,,,
2026-09-05T18:45:50.765332+00:00,USD_JPY,WAIT,31,33,33,156.227,UPPER_MID,S=155.245(3) R=157.918(1),CORR EUR_JPY=+0.90,,,
2026-09-05T18:45:50.765353+00:00,EUR_JPY,WAIT,29,54,54,181.417,UPPER_25,S=181.228(1) R=185.3352(5),CORR GBP_JPY=+0.95,,,
2026-09-05T18:45:50.765363+00:00,GBP_JPY,WAIT,18,50,50,211.145,UPPER_25,S=210.59(2) R=214.49949999999998(4),CORR EUR_JPY=+0.95,,,
2026-09-05T18:45:50.765372+00:00,EUR_USD,WAIT,36,36,36,1.16122,UPPER_25,S=1.15811(2) R=1.16218(1),CORR USD_JPY=-0.40,,,
2026-09-05T18:51:52.164527+00:00,USD_JPY,WAIT,31,33,33,156.227,UPPER_MID,S=155.245(3) R=157.918(1),CORR EUR_JPY=+0.90,,,
2026-09-05T18:51:52.164553+00:00,EUR_JPY,WAIT,29,54,54,181.417,UPPER_25,S=181.228(1) R=185.3352(5),CORR GBP_JPY=+0.95,,,
2026-09-05T18:51:52.164564+00:00,GBP_JPY,WAIT,18,50,50,211.145,UPPER_25,S=210.59(2) R=214.49949999999998(4),CORR EUR_JPY=+0.95,,,
2026-09-05T18:51:52.164572+00:00,EUR_USD,WAIT,36,36,36,1.16122,UPPER_25,S=1.15811(2) R=1.16218(1),CORR USD_JPY=-0.40,,,
2026-09-05T18:57:52.022148+00:00,USD_JPY,WAIT,31,33,33,156.227,UPPER_MID,S=155.245(3) R=157.918(1),CORR EUR_JPY=+0.90,,,
2026-09-05T18:57:52.022170+00:00,EUR_JPY,WAIT,29,54,54,181.417,UPPER_25,S=181.228(1) R=185.3352(5),CORR GBP_JPY=+0.95,,,
2026-09-05T18:57:52.022181+00:00,GBP_JPY,WAIT,18,50,50,211.145,UPPER_25,S=210.59(2) R=214.49949999999998(4),CORR EUR_JPY=+0.95,,,
2026-09-05T18:57:52.022189+00:00,EUR_USD,WAIT,36,36,36,1.16122,UPPER_25,S=1.15811(2) R=1.16218(1),CORR USD_JPY=-0.40,,,
2026-09-05T19:03:48.194029+00:00,USD_JPY,WAIT,31,33,33,156.227,UPPER_MID,S=155.245(3) R=157.918(1),CORR EUR_JPY=+0.90,,,
2026-09-05T19:03:48.194052+00:00,EUR_JPY,WAIT,29,54,54,181.417,UPPER_25,S=181.228(1) R=185.3352(5),CORR GBP_JPY=+0.95,,,
2026-09-05T19:03:48.194062+00:00,GBP_JPY,WAIT,18,50,50,211.145,UPPER_25,S=210.59(2) R=214.49949999999998(4),CORR EUR_JPY=+0.95,,,
2026-09-05T19:03:48.194071+00:00,EUR_USD,WAIT,36,36,36,1.16122,UPPER_25,S=1.15811(2) R=1.16218(1),CORR USD_JPY=-0.40,,,
2026-09-05T19:09:45.539645+00:00,USD_JPY,WAIT,31,33,33,156.227,UPPER_MID,S=155.245(3) R=157.918(1),CORR EUR_JPY=+0.90,,,
2026-09-05T19:09:45.539666+00:00,EUR_JPY,WAIT,29,54,54,181.417,UPPER_25,S=181.228(1) R=185.3352(5),CORR GBP_JPY=+0.95,,,
2026-09-05T19:09:45.539677+00:00,GBP_JPY,WAIT,18,50,50,211.145,UPPER_25,S=210.59(2) R=214.49949999999998(4),CORR EUR_JPY=+0.95,,,
2026-09-05T19:09:45.539687+00:00,EUR_USD,WAIT,36,36,36,1.16122,UPPER_25,S=1.15811(2) R=1.16218(1),CORR USD_JPY=-0.40,,,
2026-09-05T19:15:45.066236+00:00,USD_JPY,WAIT,31,33,33,156.227,UPPER_MID,S=155.245(3) R=157.918(1),CORR EUR_JPY=+0.90,,,
2026-09-05T19:15:45.066259+00:00,EUR_JPY,WAIT,29,54,54,181.417,UPPER_25,S=181.228(1) R=185.3352(5),CORR GBP_JPY=+0.95,,,
2026-09-05T19:15:45.066271+00:00,GBP_JPY,WAIT,18,50,50,211.145,UPPER_25,S=210.59(2) R=214.49949999999998(4),CORR EUR_JPY=+0.95,,,
2026-09-05T19:15:45.066280+00:00,EUR_USD,WAIT,36,36,36,1.16122,UPPER_25,S=1.15811(2) R=1.16218(1),CORR USD_JPY=-0.40,,,
2026-09-05T19:21:45.857649+00:00,USD_JPY,WAIT,31,33,33,156.227,UPPER_MID,S=155.245(3) R=157.918(1),CORR EUR_JPY=+0.90,,,
2026-09-05T19:21:45.857672+00:00,EUR_JPY,WAIT,29,54,54,181.417,UPPER_25,S=181.228(1) R=185.3352(5),CORR GBP_JPY=+0.95,,,
2026-09-05T19:21:45.857682+00:00,GBP_JPY,WAIT,18,50,50,211.145,UPPER_25,S=210.59(2) R=214.49949999999998(4),CORR EUR_JPY=+0.95,,,
2026-09-05T19:21:45.857690+00:00,EUR_USD,WAIT,36,36,36,1.16122,UPPER_25,S=1.15811(2) R=1.16218(1),CORR USD_JPY=-0.40,,,
2026-09-05T19:22:55.200336+00:00,USD_JPY,WAIT,31,33,33,156.227,UPPER_MID,S=155.245(3) R=157.918(1),CORR EUR_JPY=+0.90,,,
2026-09-05T19:22:55.200352+00:00,EUR_JPY,WAIT,29,54,54,181.417,UPPER_25,S=181.228(1) R=185.3352(5),CORR GBP_JPY=+0.95,,,
2026-09-05T19:22:55.200356+00:00,GBP_JPY,WAIT,18,50,50,211.145,UPPER_25,S=210.59(2) R=214.49949999999998(4),CORR EUR_JPY=+0.95,,,
2026-09-05T19:22:55.200360+00:00,EUR_USD,WAIT,36,36,36,1.16122,UPPER_25,S=1.15811(2) R=1.16218(1),CORR USD_JPY=-0.40,,,
2026-09-05T19:28:46.685853+00:00,USD_JPY,WAIT,31,33,33,156.227,UPPER_MID,S=155.245(3) R=157.918(1),CORR EUR_JPY=+0.90,,,
2026-09-05T19:28:46.685869+00:00,EUR_JPY,WAIT,29,54,54,181.417,UPPER_25,S=181.228(1) R=185.3352(5),CORR GBP_JPY=+0.95,,,
2026-09-05T19:28:46.685874+00:00,GBP_JPY,WAIT,18,50,50,211.145,UPPER_25,S=210.59(2) R=214.49949999999998(4),CORR EUR_JPY=+0.95,,,
2026-09-05T19:28:46.685877+00:00,EUR_USD,WAIT,36,36,36,1.16122,UPPER_25,S=1.15811(2) R=1.16218(1),CORR USD_JPY=-0.40,,,
2026-09-05T19:34:34.781305+00:00,USD_JPY,WAIT,31,33,33,156.227,UPPER_MID,S=155.245(3) R=157.918(1),CORR EUR_JPY=+0.90,,,
2026-09-05T19:34:34.781326+00:00,EUR_JPY,WAIT,29,54,54,181.417,UPPER_25,S=181.228(1) R=185.3352(5),CORR GBP_JPY=+0.95,,,
2026-09-05T19:34:34.781331+00:00,GBP_JPY,WAIT,18,50,50,211.145,UPPER_25,S=210.59(2) R=214.49949999999998(4),CORR EUR_JPY=+0.95,,,
2026-09-05T19:34:34.781335+00:00,EUR_USD,WAIT,36,36,36,1.16122,UPPER_25,S=1.15811(2) R=1.16218(1),CORR USD_JPY=-0.40,,,
2026-09-05T19:40:25.285890+00:00,USD_JPY,WAIT,31,33,33,156.227,UPPER_MID,S=155.245(3) R=157.918(1),CORR EUR_JPY=+0.90,,,
2026-09-05T19:40:25.285905+00:00,EUR_JPY,WAIT,29,54,54,181.417,UPPER_25,S=181.228(1) R=185.3352(5),CORR GBP_JPY=+0.95,,,
2026-09-05T19:40:25.285909+00:00,GBP_JPY,WAIT,18,50,50,211.145,UPPER_25,S=210.59(2) R=214.49949999999998(4),CORR EUR_JPY=+0.95,,,
2026-09-05T19:40:25.285913+00:00,EUR_USD,WAIT,36,36,36,1.16122,UPPER_25,S=1.15811(2) R=1.16218(1),CORR USD_JPY=-0.40,,,
2026-09-05T19:46:13.513442+00:00,USD_JPY,WAIT,31,33,33,156.227,UPPER_MID,S=155.245(3) R=157.918(1),CORR EUR_JPY=+0.90,,,
2026-09-05T19:46:13.513457+00:00,EUR_JPY,WAIT,29,54,54,181.417,UPPER_25,S=181.228(1) R=185.3352(5),CORR GBP_JPY=+0.95,,,
2026-09-05T19:46:13.513461+00:00,GBP_JPY,WAIT,18,50,50,211.145,UPPER_25,S=210.59(2) R=214.49949999999998(4),CORR EUR_JPY=+0.95,,,
2026-09-05T19:46:13.513465+00:00,EUR_USD,WAIT,36,36,36,1.16122,UPPER_25,S=1.15811(2) R=1.16218(1),CORR USD_JPY=-0.40,,,
2026-09-05T19:52:01.881765+00:00,USD_JPY,WAIT,31,33,33,156.227,UPPER_MID,S=155.245(3) R=157.918(1),CORR EUR_JPY=+0.90,,,
2026-09-05T19:52:01.881785+00:00,EUR_JPY,WAIT,29,54,54,181.417,UPPER_25,S=181.228(1) R=185.3352(5),CORR GBP_JPY=+0.95,,,
2026-09-05T19:52:01.881791+00:00,GBP_JPY,WAIT,18,50,50,211.145,UPPER_25,S=210.59(2) R=214.49949999999998(4),CORR EUR_JPY=+0.95,,,
2026-09-05T19:52:01.881795+00:00,EUR_USD,WAIT,36,36,36,1.16122,UPPER_25,S=1.15811(2) R=1.16218(1),CORR USD_JPY=-0.40,,,
2026-09-05T19:57:49.303102+00:00,USD_JPY,WAIT,31,33,33,156.227,UPPER_MID,S=155.245(3) R=157.918(1),CORR EUR_JPY=+0.90,,,
2026-09-05T19:57:49.303123+00:00,EUR_JPY,WAIT,29,54,54,181.417,UPPER_25,S=181.228(1) R=185.3352(5),CORR GBP_JPY=+0.95,,,
2026-09-05T19:57:49.303129+00:00,GBP_JPY,WAIT,18,50,50,211.145,UPPER_25,S=210.59(2) R=214.49949999999998(4),CORR EUR_JPY=+0.95,,,
2026-09-05T19:57:49.303134+00:00,EUR_USD,WAIT,36,36,36,1.16122,UPPER_25,S=1.15811(2) R=1.16218(1),CORR USD_JPY=-0.40,,,
2026-09-05T20:03:37.561826+00:00,USD_JPY,WAIT,31,33,33,156.227,UPPER_MID,S=155.245(3) R=157.918(1),CORR EUR_JPY=+0.90,,,
2026-09-05T20:03:37.561842+00:00,EUR_JPY,WAIT,29,54,54,181.417,UPPER_25,S=181.228(1) R=185.3352(5),CORR GBP_JPY=+0.95,,,
2026-09-05T20:03:37.561847+00:00,GBP_JPY,WAIT,18,50,50,211.145,UPPER_25,S=210.59(2) R=214.49949999999998(4),CORR EUR_JPY=+0.95,,,
2026-09-05T20:03:37.561850+00:00,EUR_USD,WAIT,36,36,36,1.16122,UPPER_25,S=1.15811(2) R=1.16218(1),CORR USD_JPY=-0.40,,,
2026-09-05T20:09:26.003570+00:00,USD_JPY,WAIT,31,33,33,156.227,UPPER_MID,S=155.245(3) R=157.918(1),CORR EUR_JPY=+0.90,,,
2026-09-05T20:09:26.003585+00:00,EUR_JPY,WAIT,29,54,54,181.417,UPPER_25,S=181.228(1) R=185.3352(5),CORR GBP_JPY=+0.95,,,
2026-09-05T20:09:26.003590+00:00,GBP_JPY,WAIT,18,50,50,211.145,UPPER_25,S=210.59(2) R=214.49949999999998(4),CORR EUR_JPY=+0.95,,,
2026-09-05T20:09:26.003593+00:00,EUR_USD,WAIT,36,36,36,1.16122,UPPER_25,S=1.15811(2) R=1.16218(1),CORR USD_JPY=-0.40,,,
2026-09-05T20:15:16.555932+00:00,USD_JPY,WAIT,31,33,33,156.227,UPPER_MID,S=155.245(3) R=157.918(1),CORR EUR_JPY=+0.90,,,
2026-09-05T20:15:16.555947+00:00,EUR_JPY,WAIT,29,54,54,181.417,UPPER_25,S=181.228(1) R=185.3352(5),CORR GBP_JPY=+0.95,,,
2026-09-05T20:15:16.555951+00:00,GBP_JPY,WAIT,18,50,50,211.145,UPPER_25,S=210.59(2) R=214.49949999999998(4),CORR EUR_JPY=+0.95,,,
2026-09-05T20:15:16.555955+00:00,EUR_USD,WAIT,36,36,36,1.16122,UPPER_25,S=1.15811(2) R=1.16218(1),CORR USD_JPY=-0.40,,,
2026-09-05T20:21:05.499624+00:00,USD_JPY,WAIT,31,33,33,156.227,UPPER_MID,S=155.245(3) R=157.918(1),CORR EUR_JPY=+0.90,,,
2026-09-05T20:21:05.499643+00:00,EUR_JPY,WAIT,29,54,54,181.417,UPPER_25,S=181.228(1) R=185.3352(5),CORR GBP_JPY=+0.95,,,
2026-09-05T20:21:05.499649+00:00,GBP_JPY,WAIT,18,50,50,211.145,UPPER_25,S=210.59(2) R=214.49949999999998(4),CORR EUR_JPY=+0.95,,,
2026-09-05T20:21:05.499653+00:00,EUR_USD,WAIT,36,36,36,1.16122,UPPER_25,S=1.15811(2) R=1.16218(1),CORR USD_JPY=-0.40,,,
2026-09-05T20:26:59.069714+00:00,USD_JPY,WAIT,31,33,33,156.227,UPPER_MID,S=155.245(3) R=157.918(1),CORR EUR_JPY=+0.90,,,
2026-09-05T20:26:59.069735+00:00,EUR_JPY,WAIT,29,54,54,181.417,UPPER_25,S=181.228(1) R=185.3352(5),CORR GBP_JPY=+0.95,,,
2026-09-05T20:26:59.069741+00:00,GBP_JPY,WAIT,18,50,50,211.145,UPPER_25,S=210.59(2) R=214.49949999999998(4),CORR EUR_JPY=+0.95,,,
2026-09-05T20:26:59.069745+00:00,EUR_USD,WAIT,36,36,36,1.16122,UPPER_25,S=1.15811(2) R=1.16218(1),CORR USD_JPY=-0.40,,,
2026-09-05T20:28:03.835769+00:00,USD_JPY,WAIT,31,33,33,156.227,UPPER_MID,S=155.245(3) R=157.918(1),CORR EUR_JPY=+0.90,,,
2026-09-05T20:28:03.835786+00:00,EUR_JPY,WAIT,29,54,54,181.417,UPPER_25,S=181.228(1) R=185.3352(5),CORR GBP_JPY=+0.95,,,
2026-09-05T20:28:03.835793+00:00,GBP_JPY,WAIT,18,50,50,211.145,UPPER_25,S=210.59(2) R=214.49949999999998(4),CORR EUR_JPY=+0.95,,,
2026-09-05T20:28:03.835798+00:00,EUR_USD,WAIT,36,36,36,1.16122,UPPER_25,S=1.15811(2) R=1.16218(1),CORR USD_JPY=-0.40,,,
2026-09-05T20:33:45.712567+00:00,USD_JPY,WAIT,31,33,33,156.227,UPPER_MID,S=155.245(3) R=157.918(1),CORR EUR_JPY=+0.90,,,
2026-09-05T20:33:45.712585+00:00,EUR_JPY,WAIT,29,54,54,181.417,UPPER_25,S=181.228(1) R=185.3352(5),CORR GBP_JPY=+0.95,,,
2026-09-05T20:33:45.712591+00:00,GBP_JPY,WAIT,18,50,50,211.145,UPPER_25,S=210.59(2) R=214.49949999999998(4),CORR EUR_JPY=+0.95,,,
2026-09-05T20:33:45.712596+00:00,EUR_USD,WAIT,36,36,36,1.16122,UPPER_25,S=1.15811(2) R=1.16218(1),CORR USD_JPY=-0.40,,,
2026-09-05T20:39:27.481424+00:00,USD_JPY,WAIT,31,33,33,156.227,UPPER_MID,S=155.245(3) R=157.918(1),CORR EUR_JPY=+0.90,,,
2026-09-05T20:39:27.481441+00:00,EUR_JPY,WAIT,29,54,54,181.417,UPPER_25,S=181.228(1) R=185.3352(5),CORR GBP_JPY=+0.95,,,
2026-09-05T20:39:27.481447+00:00,GBP_JPY,WAIT,18,50,50,211.145,UPPER_25,S=210.59(2) R=214.49949999999998(4),CORR EUR_JPY=+0.95,,,
2026-09-05T20:39:27.481451+00:00,EUR_USD,WAIT,36,36,36,1.16122,UPPER_25,S=1.15811(2) R=1.16218(1),CORR USD_JPY=-0.40,,,
2026-09-05T20:45:11.143537+00:00,USD_JPY,WAIT,31,33,33,156.227,UPPER_MID,S=155.245(3) R=157.918(1),CORR EUR_JPY=+0.90,,,
2026-09-05T20:45:11.143559+00:00,EUR_JPY,WAIT,29,54,54,181.417,UPPER_25,S=181.228(1) R=185.3352(5),CORR GBP_JPY=+0.95,,,
2026-09-05T20:45:11.143568+00:00,GBP_JPY,WAIT,18,50,50,211.145,UPPER_25,S=210.59(2) R=214.49949999999998(4),CORR EUR_JPY=+0.95,,,
2026-09-05T20:45:11.143574+00:00,EUR_USD,WAIT,36,36,36,1.16122,UPPER_25,S=1.15811(2) R=1.16218(1),CORR USD_JPY=-0.40,,,
2026-09-05T20:50:55.087088+00:00,USD_JPY,WAIT,31,33,33,156.227,UPPER_MID,S=155.245(3) R=157.918(1),CORR EUR_JPY=+0.90,,,
2026-09-05T20:50:55.087110+00:00,EUR_JPY,WAIT,29,54,54,181.417,UPPER_25,S=181.228(1) R=185.3352(5),CORR GBP_JPY=+0.95,,,
2026-09-05T20:50:55.087117+00:00,GBP_JPY,WAIT,18,50,50,211.145,UPPER_25,S=210.59(2) R=214.49949999999998(4),CORR EUR_JPY=+0.95,,,
2026-09-05T20:50:55.087123+00:00,EUR_USD,WAIT,36,36,36,1.16122,UPPER_25,S=1.15811(2) R=1.16218(1),CORR USD_JPY=-0.40,,,
2026-09-05T20:56:38.837143+00:00,USD_JPY,WAIT,31,33,33,156.227,UPPER_MID,S=155.245(3) R=157.918(1),CORR EUR_JPY=+0.90,,,
2026-09-05T20:56:38.837167+00:00,EUR_JPY,WAIT,29,54,54,181.417,UPPER_25,S=181.228(1) R=185.3352(5),CORR GBP_JPY=+0.95,,,
2026-09-05T20:56:38.837177+00:00,GBP_JPY,WAIT,18,50,50,211.145,UPPER_25,S=210.59(2) R=214.49949999999998(4),CORR EUR_JPY=+0.95,,,
2026-09-05T20:56:38.837184+00:00,EUR_USD,WAIT,36,36,36,1.16122,UPPER_25,S=1.15811(2) R=1.16218(1),CORR USD_JPY=-0.40,,,
2026-09-05T21:02:21.533500+00:00,USD_JPY,WAIT,31,33,33,156.227,UPPER_MID,S=155.245(3) R=157.918(1),CORR EUR_JPY=+0.90,,,
2026-09-05T21:02:21.533517+00:00,EUR_JPY,WAIT,29,54,54,181.417,UPPER_25,S=181.228(1) R=185.3352(5),CORR GBP_JPY=+0.95,,,
2026-09-05T21:02:21.533523+00:00,GBP_JPY,WAIT,18,50,50,211.145,UPPER_25,S=210.59(2) R=214.49949999999998(4),CORR EUR_JPY=+0.95,,,
2026-09-05T21:02:21.533528+00:00,EUR_USD,WAIT,36,36,36,1.16122,UPPER_25,S=1.15811(2) R=1.16218(1),CORR USD_JPY=-0.40,,,
2026-09-05T21:08:03.707280+00:00,USD_JPY,WAIT,31,33,33,156.227,UPPER_MID,S=155.245(3) R=157.918(1),CORR EUR_JPY=+0.90,,,
2026-09-05T21:08:03.707302+00:00,EUR_JPY,WAIT,29,54,54,181.417,UPPER_25,S=181.228(1) R=185.3352(5),CORR GBP_JPY=+0.95,,,
2026-09-05T21:08:03.707309+00:00,GBP_JPY,WAIT,18,50,50,211.145,UPPER_25,S=210.59(2) R=214.49949999999998(4),CORR EUR_JPY=+0.95,,,
2026-09-05T21:08:03.707317+00:00,EUR_USD,WAIT,36,36,36,1.16122,UPPER_25,S=1.15811(2) R=1.16218(1),CORR USD_JPY=-0.40,,,
2026-09-05T21:13:45.260620+00:00,USD_JPY,WAIT,31,33,33,156.227,UPPER_MID,S=155.245(3) R=157.918(1),CORR EUR_JPY=+0.90,,,
2026-09-05T21:13:45.260636+00:00,EUR_JPY,WAIT,29,54,54,181.417,UPPER_25,S=181.228(1) R=185.3352(5),CORR GBP_JPY=+0.95,,,
2026-09-05T21:13:45.260643+00:00,GBP_JPY,WAIT,18,50,50,211.145,UPPER_25,S=210.59(2) R=214.49949999999998(4),CORR EUR_JPY=+0.95,,,
2026-09-05T21:13:45.260648+00:00,EUR_USD,WAIT,36,36,36,1.16122,UPPER_25,S=1.15811(2) R=1.16218(1),CORR USD_JPY=-0.40,,,
2026-09-05T21:19:27.395453+00:00,USD_JPY,WAIT,31,33,33,156.227,UPPER_MID,S=155.245(3) R=157.918(1),CORR EUR_JPY=+0.90,,,
2026-09-05T21:19:27.395470+00:00,EUR_JPY,WAIT,29,54,54,181.417,UPPER_25,S=181.228(1) R=185.3352(5),CORR GBP_JPY=+0.95,,,
2026-09-05T21:19:27.395477+00:00,GBP_JPY,WAIT,18,50,50,211.145,UPPER_25,S=210.59(2) R=214.49949999999998(4),CORR EUR_JPY=+0.95,,,
2026-09-05T21:19:27.395482+00:00,EUR_USD,WAIT,36,36,36,1.16122,UPPER_25,S=1.15811(2) R=1.16218(1),CORR USD_JPY=-0.40,,,
2026-09-05T21:25:12.310123+00:00,USD_JPY,WAIT,31,33,33,156.227,UPPER_MID,S=155.245(3) R=157.918(1),CORR EUR_JPY=+0.90,,,
2026-09-05T21:25:12.310141+00:00,EUR_JPY,WAIT,29,54,54,181.417,UPPER_25,S=181.228(1) R=185.3352(5),CORR GBP_JPY=+0.95,,,
2026-09-05T21:25:12.310147+00:00,GBP_JPY,WAIT,18,50,50,211.145,UPPER_25,S=210.59(2) R=214.49949999999998(4),CORR EUR_JPY=+0.95,,,
2026-09-05T21:25:12.310152+00:00,EUR_USD,WAIT,36,36,36,1.16122,UPPER_25,S=1.15811(2) R=1.16218(1),CORR USD_JPY=-0.40,,,
2026-09-05T21:30:53.736154+00:00,USD_JPY,WAIT,31,33,33,156.227,UPPER_MID,S=155.245(3) R=157.918(1),CORR EUR_JPY=+0.90,,,
2026-09-05T21:30:53.736171+00:00,EUR_JPY,WAIT,29,54,54,181.417,UPPER_25,S=181.228(1) R=185.3352(5),CORR GBP_JPY=+0.95,,,
2026-09-05T21:30:53.736177+00:00,GBP_JPY,WAIT,18,50,50,211.145,UPPER_25,S=210.59(2) R=214.49949999999998(4),CORR EUR_JPY=+0.95,,,
2026-09-05T21:30:53.736182+00:00,EUR_USD,WAIT,36,36,36,1.16122,UPPER_25,S=1.15811(2) R=1.16218(1),CORR USD_JPY=-0.40,,,
2026-09-05T21:31:58.052919+00:00,USD_JPY,WAIT,31,33,33,156.227,UPPER_MID,S=155.245(3) R=157.918(1),CORR EUR_JPY=+0.90,,,
2026-09-05T21:31:58.052944+00:00,EUR_JPY,WAIT,29,54,54,181.417,UPPER_25,S=181.228(1) R=185.3352(5),CORR GBP_JPY=+0.95,,,
2026-09-05T21:31:58.052955+00:00,GBP_JPY,WAIT,18,50,50,211.145,UPPER_25,S=210.59(2) R=214.49949999999998(4),CORR EUR_JPY=+0.95,,,
2026-09-05T21:31:58.052965+00:00,EUR_USD,WAIT,36,36,36,1.16122,UPPER_25,S=1.15811(2) R=1.16218(1),CORR USD_JPY=-0.40,,,
2026-09-05T21:37:40.255446+00:00,USD_JPY,WAIT,31,33,33,156.227,UPPER_MID,S=155.245(3) R=157.918(1),CORR EUR_JPY=+0.90,,,
2026-09-05T21:37:40.255468+00:00,EUR_JPY,WAIT,29,54,54,181.417,UPPER_25,S=181.228(1) R=185.3352(5),CORR GBP_JPY=+0.95,,,
2026-09-05T21:37:40.255479+00:00,GBP_JPY,WAIT,18,50,50,211.145,UPPER_25,S=210.59(2) R=214.49949999999998(4),CORR EUR_JPY=+0.95,,,
2026-09-05T21:37:40.255488+00:00,EUR_USD,WAIT,36,36,36,1.16122,UPPER_25,S=1.15811(2) R=1.16218(1),CORR USD_JPY=-0.40,,,
2026-09-05T21:43:22.505567+00:00,USD_JPY,WAIT,31,33,33,156.227,UPPER_MID,S=155.245(3) R=157.918(1),CORR EUR_JPY=+0.90,,,
2026-09-05T21:43:22.505591+00:00,EUR_JPY,WAIT,29,54,54,181.417,UPPER_25,S=181.228(1) R=185.3352(5),CORR GBP_JPY=+0.95,,,
2026-09-05T21:43:22.505604+00:00,GBP_JPY,WAIT,18,50,50,211.145,UPPER_25,S=210.59(2) R=214.49949999999998(4),CORR EUR_JPY=+0.95,,,
2026-09-05T21:43:22.505615+00:00,EUR_USD,WAIT,36,36,36,1.16122,UPPER_25,S=1.15811(2) R=1.16218(1),CORR USD_JPY=-0.40,,,
2026-09-05T21:49:03.521117+00:00,USD_JPY,WAIT,31,33,33,156.227,UPPER_MID,S=155.245(3) R=157.918(1),CORR EUR_JPY=+0.90,,,
2026-09-05T21:49:03.521142+00:00,EUR_JPY,WAIT,29,54,54,181.417,UPPER_25,S=181.228(1) R=185.3352(5),CORR GBP_JPY=+0.95,,,
2026-09-05T21:49:03.521154+00:00,GBP_JPY,WAIT,18,50,50,211.145,UPPER_25,S=210.59(2) R=214.49949999999998(4),CORR EUR_JPY=+0.95,,,
2026-09-05T21:49:03.521166+00:00,EUR_USD,WAIT,36,36,36,1.16122,UPPER_25,S=1.15811(2) R=1.16218(1),CORR USD_JPY=-0.40,,,
2026-09-05T21:54:44.955644+00:00,USD_JPY,WAIT,31,33,33,156.227,UPPER_MID,S=155.245(3) R=157.918(1),CORR EUR_JPY=+0.90,,,
2026-09-05T21:54:44.955659+00:00,EUR_JPY,WAIT,29,54,54,181.417,UPPER_25,S=181.228(1) R=185.3352(5),CORR GBP_JPY=+0.95,,,
2026-09-05T21:54:44.955673+00:00,GBP_JPY,WAIT,18,50,50,211.145,UPPER_25,S=210.59(2) R=214.49949999999998(4),CORR EUR_JPY=+0.95,,,
2026-09-05T21:54:44.955685+00:00,EUR_USD,WAIT,36,36,36,1.16122,UPPER_25,S=1.15811(2) R=1.16218(1),CORR USD_JPY=-0.40,,,
2026-09-05T22:00:25.830718+00:00,USD_JPY,WAIT,31,33,33,156.227,UPPER_MID,S=155.245(3) R=157.918(1),CORR EUR_JPY=+0.90,,,
2026-09-05T22:00:25.830733+00:00,EUR_JPY,WAIT,29,54,54,181.417,UPPER_25,S=181.228(1) R=185.3352(5),CORR GBP_JPY=+0.95,,,
2026-09-05T22:00:25.830740+00:00,GBP_JPY,WAIT,18,50,50,211.145,UPPER_25,S=210.59(2) R=214.49949999999998(4),CORR EUR_JPY=+0.95,,,
2026-09-05T22:00:25.830746+00:00,EUR_USD,WAIT,36,36,36,1.16122,UPPER_25,S=1.15811(2) R=1.16218(1),CORR USD_JPY=-0.40,,,
2026-09-05T22:06:09.157719+00:00,USD_JPY,WAIT,31,33,33,156.227,UPPER_MID,S=155.245(3) R=157.918(1),CORR EUR_JPY=+0.90,,,
2026-09-05T22:06:09.157747+00:00,EUR_JPY,WAIT,29,54,54,181.417,UPPER_25,S=181.228(1) R=185.3352(5),CORR GBP_JPY=+0.95,,,
2026-09-05T22:06:09.157760+00:00,GBP_JPY,WAIT,18,50,50,211.145,UPPER_25,S=210.59(2) R=214.49949999999998(4),CORR EUR_JPY=+0.95,,,
2026-09-05T22:06:09.157769+00:00,EUR_USD,WAIT,36,36,36,1.16122,UPPER_25,S=1.15811(2) R=1.16218(1),CORR USD_JPY=-0.40,,,
2026-09-05T22:11:50.219811+00:00,USD_JPY,WAIT,31,33,33,156.227,UPPER_MID,S=155.245(3) R=157.918(1),CORR EUR_JPY=+0.90,,,
2026-09-05T22:11:50.219826+00:00,EUR_JPY,WAIT,29,54,54,181.417,UPPER_25,S=181.228(1) R=185.3352(5),CORR GBP_JPY=+0.95,,,
2026-09-05T22:11:50.219833+00:00,GBP_JPY,WAIT,18,50,50,211.145,UPPER_25,S=210.59(2) R=214.49949999999998(4),CORR EUR_JPY=+0.95,,,
2026-09-05T22:11:50.219839+00:00,EUR_USD,WAIT,36,36,36,1.16122,UPPER_25,S=1.15811(2) R=1.16218(1),CORR USD_JPY=-0.40,,,
2026-09-05T22:17:34.373860+00:00,USD_JPY,WAIT,31,33,33,156.227,UPPER_MID,S=155.245(3) R=157.918(1),CORR EUR_JPY=+0.90,,,
2026-09-05T22:17:34.373885+00:00,EUR_JPY,WAIT,29,54,54,181.417,UPPER_25,S=181.228(1) R=185.3352(5),CORR GBP_JPY=+0.95,,,
2026-09-05T22:17:34.373898+00:00,GBP_JPY,WAIT,18,50,50,211.145,UPPER_25,S=210.59(2) R=214.49949999999998(4),CORR EUR_JPY=+0.95,,,
2026-09-05T22:17:34.373909+00:00,EUR_USD,WAIT,36,36,36,1.16122,UPPER_25,S=1.15811(2) R=1.16218(1),CORR USD_JPY=-0.40,,,
2026-09-05T22:23:15.663615+00:00,USD_JPY,WAIT,31,33,33,156.227,UPPER_MID,S=155.245(3) R=157.918(1),CORR EUR_JPY=+0.90,,,
2026-09-05T22:23:15.663640+00:00,EUR_JPY,WAIT,29,54,54,181.417,UPPER_25,S=181.228(1) R=185.3352(5),CORR GBP_JPY=+0.95,,,
2026-09-05T22:23:15.663652+00:00,GBP_JPY,WAIT,18,50,50,211.145,UPPER_25,S=210.59(2) R=214.49949999999998(4),CORR EUR_JPY=+0.95,,,
2026-09-05T22:23:15.663663+00:00,EUR_USD,WAIT,36,36,36,1.16122,UPPER_25,S=1.15811(2) R=1.16218(1),CORR USD_JPY=-0.40,,,
2026-09-05T22:28:58.355566+00:00,USD_JPY,WAIT,31,33,33,156.227,UPPER_MID,S=155.245(3) R=157.918(1),CORR EUR_JPY=+0.90,,,
2026-09-05T22:28:58.355593+00:00,EUR_JPY,WAIT,29,54,54,181.417,UPPER_25,S=181.228(1) R=185.3352(5),CORR GBP_JPY=+0.95,,,
2026-09-05T22:28:58.355604+00:00,GBP_JPY,WAIT,18,50,50,211.145,UPPER_25,S=210.59(2) R=214.49949999999998(4),CORR EUR_JPY=+0.95,,,
2026-09-05T22:28:58.355615+00:00,EUR_USD,WAIT,36,36,36,1.16122,UPPER_25,S=1.15811(2) R=1.16218(1),CORR USD_JPY=-0.40,,,
2026-09-05T22:34:40.449316+00:00,USD_JPY,WAIT,31,33,33,156.227,UPPER_MID,S=155.245(3) R=157.918(1),CORR EUR_JPY=+0.90,,,
2026-09-05T22:34:40.449333+00:00,EUR_JPY,WAIT,29,54,54,181.417,UPPER_25,S=181.228(1) R=185.3352(5),CORR GBP_JPY=+0.95,,,
2026-09-05T22:34:40.449351+00:00,GBP_JPY,WAIT,18,50,50,211.145,UPPER_25,S=210.59(2) R=214.49949999999998(4),CORR EUR_JPY=+0.95,,,
2026-09-05T22:34:40.449363+00:00,EUR_USD,WAIT,36,36,36,1.16122,UPPER_25,S=1.15811(2) R=1.16218(1),CORR USD_JPY=-0.40,,,
2026-09-05T22:35:44.920280+00:00,USD_JPY,WAIT,31,33,33,156.227,UPPER_MID,S=155.245(3) R=157.918(1),CORR EUR_JPY=+0.90,,,
2026-09-05T22:35:44.920296+00:00,EUR_JPY,WAIT,29,54,54,181.417,UPPER_25,S=181.228(1) R=185.3352(5),CORR GBP_JPY=+0.95,,,
2026-09-05T22:35:44.920309+00:00,GBP_JPY,WAIT,18,50,50,211.145,UPPER_25,S=210.59(2) R=214.49949999999998(4),CORR EUR_JPY=+0.95,,,
2026-09-05T22:35:44.920320+00:00,EUR_USD,WAIT,36,36,36,1.16122,UPPER_25,S=1.15811(2) R=1.16218(1),CORR USD_JPY=-0.40,,,
2026-09-05T22:41:35.222402+00:00,USD_JPY,WAIT,31,33,33,156.227,UPPER_MID,S=155.245(3) R=157.918(1),CORR EUR_JPY=+0.90,,,
2026-09-05T22:41:35.222425+00:00,EUR_JPY,WAIT,29,54,54,181.417,UPPER_25,S=181.228(1) R=185.3352(5),CORR GBP_JPY=+0.95,,,
2026-09-05T22:41:35.222436+00:00,GBP_JPY,WAIT,18,50,50,211.145,UPPER_25,S=210.59(2) R=214.49949999999998(4),CORR EUR_JPY=+0.95,,,
2026-09-05T22:41:35.222446+00:00,EUR_USD,WAIT,36,36,36,1.16122,UPPER_25,S=1.15811(2) R=1.16218(1),CORR USD_JPY=-0.40,,,
2026-09-05T22:47:22.414841+00:00,USD_JPY,WAIT,31,33,33,156.227,UPPER_MID,S=155.245(3) R=157.918(1),CORR EUR_JPY=+0.90,,,
2026-09-05T22:47:22.414881+00:00,EUR_JPY,WAIT,29,54,54,181.417,UPPER_25,S=181.228(1) R=185.3352(5),CORR GBP_JPY=+0.95,,,
2026-09-05T22:47:22.414892+00:00,GBP_JPY,WAIT,18,50,50,211.145,UPPER_25,S=210.59(2) R=214.49949999999998(4),CORR EUR_JPY=+0.95,,,
2026-09-05T22:47:22.414900+00:00,EUR_USD,WAIT,36,36,36,1.16122,UPPER_25,S=1.15811(2) R=1.16218(1),CORR USD_JPY=-0.40,,,
2026-09-05T22:53:10.107825+00:00,USD_JPY,WAIT,31,33,33,156.227,UPPER_MID,S=155.245(3) R=157.918(1),CORR EUR_JPY=+0.90,,,
2026-09-05T22:53:10.107841+00:00,EUR_JPY,WAIT,29,54,54,181.417,UPPER_25,S=181.228(1) R=185.3352(5),CORR GBP_JPY=+0.95,,,
2026-09-05T22:53:10.107848+00:00,GBP_JPY,WAIT,18,50,50,211.145,UPPER_25,S=210.59(2) R=214.49949999999998(4),CORR EUR_JPY=+0.95,,,
2026-09-05T22:53:10.107855+00:00,EUR_USD,WAIT,36,36,36,1.16122,UPPER_25,S=1.15811(2) R=1.16218(1),CORR USD_JPY=-0.40,,,
2026-09-05T22:58:56.110074+00:00,USD_JPY,WAIT,31,33,33,156.227,UPPER_MID,S=155.245(3) R=157.918(1),CORR EUR_JPY=+0.90,,,
2026-09-05T22:58:56.110097+00:00,EUR_JPY,WAIT,29,54,54,181.417,UPPER_25,S=181.228(1) R=185.3352(5),CORR GBP_JPY=+0.95,,,
2026-09-05T22:58:56.110108+00:00,GBP_JPY,WAIT,18,50,50,211.145,UPPER_25,S=210.59(2) R=214.49949999999998(4),CORR EUR_JPY=+0.95,,,
2026-09-05T22:58:56.110117+00:00,EUR_USD,WAIT,36,36,36,1.16122,UPPER_25,S=1.15811(2) R=1.16218(1),CORR USD_JPY=-0.40,,,
2026-09-05T23:04:41.058542+00:00,USD_JPY,WAIT,31,33,33,156.227,UPPER_MID,S=155.245(3) R=157.918(1),CORR EUR_JPY=+0.90,,,
2026-09-05T23:04:41.058564+00:00,EUR_JPY,WAIT,29,54,54,181.417,UPPER_25,S=181.228(1) R=185.3352(5),CORR GBP_JPY=+0.95,,,
2026-09-05T23:04:41.058579+00:00,GBP_JPY,WAIT,18,50,50,211.145,UPPER_25,S=210.59(2) R=214.49949999999998(4),CORR EUR_JPY=+0.95,,,
2026-09-05T23:04:41.058588+00:00,EUR_USD,WAIT,36,36,36,1.16122,UPPER_25,S=1.15811(2) R=1.16218(1),CORR USD_JPY=-0.40,,,
2026-09-05T23:10:29.081575+00:00,USD_JPY,WAIT,31,33,33,156.227,UPPER_MID,S=155.245(3) R=157.918(1),CORR EUR_JPY=+0.90,,,
2026-09-05T23:10:29.081597+00:00,EUR_JPY,WAIT,29,54,54,181.417,UPPER_25,S=181.228(1) R=185.3352(5),CORR GBP_JPY=+0.95,,,
2026-09-05T23:10:29.081607+00:00,GBP_JPY,WAIT,18,50,50,211.145,UPPER_25,S=210.59(2) R=214.49949999999998(4),CORR EUR_JPY=+0.95,,,
2026-09-05T23:10:29.081615+00:00,EUR_USD,WAIT,36,36,36,1.16122,UPPER_25,S=1.15811(2) R=1.16218(1),CORR USD_JPY=-0.40,,,
2026-09-05T23:16:15.876178+00:00,USD_JPY,WAIT,31,33,33,156.227,UPPER_MID,S=155.245(3) R=157.918(1),CORR EUR_JPY=+0.90,,,
2026-09-05T23:16:15.876199+00:00,EUR_JPY,WAIT,29,54,54,181.417,UPPER_25,S=181.228(1) R=185.3352(5),CORR GBP_JPY=+0.95,,,
2026-09-05T23:16:15.876209+00:00,GBP_JPY,WAIT,18,50,50,211.145,UPPER_25,S=210.59(2) R=214.49949999999998(4),CORR EUR_JPY=+0.95,,,
2026-09-05T23:16:15.876218+00:00,EUR_USD,WAIT,36,36,36,1.16122,UPPER_25,S=1.15811(2) R=1.16218(1),CORR USD_JPY=-0.40,,,
2026-09-05T23:22:03.845300+00:00,USD_JPY,WAIT,31,33,33,156.227,UPPER_MID,S=155.245(3) R=157.918(1),CORR EUR_JPY=+0.90,,,
2026-09-05T23:22:03.845317+00:00,EUR_JPY,WAIT,29,54,54,181.417,UPPER_25,S=181.228(1) R=185.3352(5),CORR GBP_JPY=+0.95,,,
2026-09-05T23:22:03.845331+00:00,GBP_JPY,WAIT,18,50,50,211.145,UPPER_25,S=210.59(2) R=214.49949999999998(4),CORR EUR_JPY=+0.95,,,
2026-09-05T23:22:03.845341+00:00,EUR_USD,WAIT,36,36,36,1.16122,UPPER_25,S=1.15811(2) R=1.16218(1),CORR USD_JPY=-0.40,,,
2026-09-05T23:27:51.412061+00:00,USD_JPY,WAIT,31,33,33,156.227,UPPER_MID,S=155.245(3) R=157.918(1),CORR EUR_JPY=+0.90,,,
2026-09-05T23:27:51.412076+00:00,EUR_JPY,WAIT,29,54,54,181.417,UPPER_25,S=181.228(1) R=185.3352(5),CORR GBP_JPY=+0.95,,,
2026-09-05T23:27:51.412083+00:00,GBP_JPY,WAIT,18,50,50,211.145,UPPER_25,S=210.59(2) R=214.49949999999998(4),CORR EUR_JPY=+0.95,,,
2026-09-05T23:27:51.412091+00:00,EUR_USD,WAIT,36,36,36,1.16122,UPPER_25,S=1.15811(2) R=1.16218(1),CORR USD_JPY=-0.40,,,
2026-09-05T23:33:37.774143+00:00,USD_JPY,WAIT,31,33,33,156.227,UPPER_MID,S=155.245(3) R=157.918(1),CORR EUR_JPY=+0.90,,,
2026-09-05T23:33:37.774159+00:00,EUR_JPY,WAIT,29,54,54,181.417,UPPER_25,S=181.228(1) R=185.3352(5),CORR GBP_JPY=+0.95,,,
2026-09-05T23:33:37.774166+00:00,GBP_JPY,WAIT,18,50,50,211.145,UPPER_25,S=210.59(2) R=214.49949999999998(4),CORR EUR_JPY=+0.95,,,
2026-09-05T23:33:37.774171+00:00,EUR_USD,WAIT,36,36,36,1.16122,UPPER_25,S=1.15811(2) R=1.16218(1),CORR USD_JPY=-0.40,,,
2026-09-05T23:39:25.338772+00:00,USD_JPY,WAIT,31,33,33,156.227,UPPER_MID,S=155.245(3) R=157.918(1),CORR EUR_JPY=+0.90,,,
2026-09-05T23:39:25.338788+00:00,EUR_JPY,WAIT,29,54,54,181.417,UPPER_25,S=181.228(1) R=185.3352(5),CORR GBP_JPY=+0.95,,,
2026-09-05T23:39:25.338797+00:00,GBP_JPY,WAIT,18,50,50,211.145,UPPER_25,S=210.59(2) R=214.49949999999998(4),CORR EUR_JPY=+0.95,,,
2026-09-05T23:39:25.338811+00:00,EUR_USD,WAIT,36,36,36,1.16122,UPPER_25,S=1.15811(2) R=1.16218(1),CORR USD_JPY=-0.40,,,
2026-09-05T23:40:21.301097+00:00,USD_JPY,WAIT,31,33,33,156.227,UPPER_MID,S=155.245(3) R=157.918(1),CORR EUR_JPY=+0.90,,,
2026-09-05T23:40:21.301115+00:00,EUR_JPY,WAIT,29,54,54,181.417,UPPER_25,S=181.228(1) R=185.3352(5),CORR GBP_JPY=+0.95,,,
2026-09-05T23:40:21.301123+00:00,GBP_JPY,WAIT,18,50,50,211.145,UPPER_25,S=210.59(2) R=214.49949999999998(4),CORR EUR_JPY=+0.95,,,
2026-09-05T23:40:21.301131+00:00,EUR_USD,WAIT,36,36,36,1.16122,UPPER_25,S=1.15811(2) R=1.16218(1),CORR USD_JPY=-0.40,,,
2026-09-05T23:46:01.346517+00:00,USD_JPY,WAIT,31,33,33,156.227,UPPER_MID,S=155.245(3) R=157.918(1),CORR EUR_JPY=+0.90,,,
2026-09-05T23:46:01.346535+00:00,EUR_JPY,WAIT,29,54,54,181.417,UPPER_25,S=181.228(1) R=185.3352(5),CORR GBP_JPY=+0.95,,,
2026-09-05T23:46:01.346543+00:00,GBP_JPY,WAIT,18,50,50,211.145,UPPER_25,S=210.59(2) R=214.49949999999998(4),CORR EUR_JPY=+0.95,,,
2026-09-05T23:46:01.346549+00:00,EUR_USD,WAIT,36,36,36,1.16122,UPPER_25,S=1.15811(2) R=1.16218(1),CORR USD_JPY=-0.40,,,
2026-09-05T23:51:41.336867+00:00,USD_JPY,WAIT,31,33,33,156.227,UPPER_MID,S=155.245(3) R=157.918(1),CORR EUR_JPY=+0.90,,,
2026-09-05T23:51:41.336884+00:00,EUR_JPY,WAIT,29,54,54,181.417,UPPER_25,S=181.228(1) R=185.3352(5),CORR GBP_JPY=+0.95,,,
2026-09-05T23:51:41.336893+00:00,GBP_JPY,WAIT,18,50,50,211.145,UPPER_25,S=210.59(2) R=214.49949999999998(4),CORR EUR_JPY=+0.95,,,
2026-09-05T23:51:41.336899+00:00,EUR_USD,WAIT,36,36,36,1.16122,UPPER_25,S=1.15811(2) R=1.16218(1),CORR USD_JPY=-0.40,,,
2026-09-05T23:57:20.744769+00:00,USD_JPY,WAIT,31,33,33,156.227,UPPER_MID,S=155.245(3) R=157.918(1),CORR EUR_JPY=+0.90,,,
2026-09-05T23:57:20.744787+00:00,EUR_JPY,WAIT,29,54,54,181.417,UPPER_25,S=181.228(1) R=185.3352(5),CORR GBP_JPY=+0.95,,,
2026-09-05T23:57:20.744796+00:00,GBP_JPY,WAIT,18,50,50,211.145,UPPER_25,S=210.59(2) R=214.49949999999998(4),CORR EUR_JPY=+0.95,,,
2026-09-05T23:57:20.744803+00:00,EUR_USD,WAIT,36,36,36,1.16122,UPPER_25,S=1.15811(2) R=1.16218(1),CORR USD_JPY=-0.40,,,
2026-09-06T00:03:00.877610+00:00,USD_JPY,WAIT,31,33,33,156.227,UPPER_MID,S=155.245(3) R=157.918(1),CORR EUR_JPY=+0.90,,,
2026-09-06T00:03:00.877626+00:00,EUR_JPY,WAIT,29,54,54,181.417,UPPER_25,S=181.228(1) R=185.3352(5),CORR GBP_JPY=+0.95,,,
2026-09-06T00:03:00.877635+00:00,GBP_JPY,WAIT,18,50,50,211.145,UPPER_25,S=210.59(2) R=214.49949999999998(4),CORR EUR_JPY=+0.95,,,
2026-09-06T00:03:00.877642+00:00,EUR_USD,WAIT,36,36,36,1.16122,UPPER_25,S=1.15811(2) R=1.16218(1),CORR USD_JPY=-0.40,,,
2026-09-06T00:08:40.663643+00:00,USD_JPY,WAIT,31,33,33,156.227,UPPER_MID,S=155.245(3) R=157.918(1),CORR EUR_JPY=+0.90,,,
2026-09-06T00:08:40.663660+00:00,EUR_JPY,WAIT,29,54,54,181.417,UPPER_25,S=181.228(1) R=185.3352(5),CORR GBP_JPY=+0.95,,,
2026-09-06T00:08:40.663668+00:00,GBP_JPY,WAIT,18,50,50,211.145,UPPER_25,S=210.59(2) R=214.49949999999998(4),CORR EUR_JPY=+0.95,,,
2026-09-06T00:08:40.663675+00:00,EUR_USD,WAIT,36,36,36,1.16122,UPPER_25,S=1.15811(2) R=1.16218(1),CORR USD_JPY=-0.40,,,
2026-09-06T00:14:19.240148+00:00,USD_JPY,WAIT,31,33,33,156.227,UPPER_MID,S=155.245(3) R=157.918(1),CORR EUR_JPY=+0.90,,,
2026-09-06T00:14:19.240165+00:00,EUR_JPY,WAIT,29,54,54,181.417,UPPER_25,S=181.228(1) R=185.3352(5),CORR GBP_JPY=+0.95,,,
2026-09-06T00:14:19.240173+00:00,GBP_JPY,WAIT,18,50,50,211.145,UPPER_25,S=210.59(2) R=214.49949999999998(4),CORR EUR_JPY=+0.95,,,
2026-09-06T00:14:19.240180+00:00,EUR_USD,WAIT,36,36,36,1.16122,UPPER_25,S=1.15811(2) R=1.16218(1),CORR USD_JPY=-0.40,,,
2026-09-06T00:19:59.396051+00:00,USD_JPY,WAIT,31,33,33,156.227,UPPER_MID,S=155.245(3) R=157.918(1),CORR EUR_JPY=+0.90,,,
2026-09-06T00:19:59.396064+00:00,EUR_JPY,WAIT,29,54,54,181.417,UPPER_25,S=181.228(1) R=185.3352(5),CORR GBP_JPY=+0.95,,,
2026-09-06T00:19:59.396070+00:00,GBP_JPY,WAIT,18,50,50,211.145,UPPER_25,S=210.59(2) R=214.49949999999998(4),CORR EUR_JPY=+0.95,,,
2026-09-06T00:19:59.396075+00:00,EUR_USD,WAIT,36,36,36,1.16122,UPPER_25,S=1.15811(2) R=1.16218(1),CORR USD_JPY=-0.40,,,
2026-09-06T00:25:38.909208+00:00,USD_JPY,WAIT,31,33,33,156.227,UPPER_MID,S=155.245(3) R=157.918(1),CORR EUR_JPY=+0.90,,,
2026-09-06T00:25:38.909225+00:00,EUR_JPY,WAIT,29,54,54,181.417,UPPER_25,S=181.228(1) R=185.3352(5),CORR GBP_JPY=+0.95,,,
2026-09-06T00:25:38.909234+00:00,GBP_JPY,WAIT,18,50,50,211.145,UPPER_25,S=210.59(2) R=214.49949999999998(4),CORR EUR_JPY=+0.95,,,
2026-09-06T00:25:38.909241+00:00,EUR_USD,WAIT,36,36,36,1.16122,UPPER_25,S=1.15811(2) R=1.16218(1),CORR USD_JPY=-0.40,,,
2026-09-06T00:31:17.371546+00:00,USD_JPY,WAIT,31,33,33,156.227,UPPER_MID,S=155.245(3) R=157.918(1),CORR EUR_JPY=+0.90,,,
2026-09-06T00:31:17.371564+00:00,EUR_JPY,WAIT,29,54,54,181.417,UPPER_25,S=181.228(1) R=185.3352(5),CORR GBP_JPY=+0.95,,,
2026-09-06T00:31:17.371572+00:00,GBP_JPY,WAIT,18,50,50,211.145,UPPER_25,S=210.59(2) R=214.49949999999998(4),CORR EUR_JPY=+0.95,,,
2026-09-06T00:31:17.371579+00:00,EUR_USD,WAIT,36,36,36,1.16122,UPPER_25,S=1.15811(2) R=1.16218(1),CORR USD_JPY=-0.40,,,
2026-09-06T00:36:55.764372+00:00,USD_JPY,WAIT,31,33,33,156.227,UPPER_MID,S=155.245(3) R=157.918(1),CORR EUR_JPY=+0.90,,,
2026-09-06T00:36:55.764395+00:00,EUR_JPY,WAIT,29,54,54,181.417,UPPER_25,S=181.228(1) R=185.3352(5),CORR GBP_JPY=+0.95,,,
2026-09-06T00:36:55.764403+00:00,GBP_JPY,WAIT,18,50,50,211.145,UPPER_25,S=210.59(2) R=214.49949999999998(4),CORR EUR_JPY=+0.95,,,
2026-09-06T00:36:55.764410+00:00,EUR_USD,WAIT,36,36,36,1.16122,UPPER_25,S=1.15811(2) R=1.16218(1),CORR USD_JPY=-0.40,,,
2026-09-06T00:42:35.027293+00:00,USD_JPY,WAIT,31,33,33,156.227,UPPER_MID,S=155.245(3) R=157.918(1),CORR EUR_JPY=+0.90,,,
2026-09-06T00:42:35.027307+00:00,EUR_JPY,WAIT,29,54,54,181.417,UPPER_25,S=181.228(1) R=185.3352(5),CORR GBP_JPY=+0.95,,,
2026-09-06T00:42:35.027313+00:00,GBP_JPY,WAIT,18,50,50,211.145,UPPER_25,S=210.59(2) R=214.49949999999998(4),CORR EUR_JPY=+0.95,,,
2026-09-06T00:42:35.027318+00:00,EUR_USD,WAIT,36,36,36,1.16122,UPPER_25,S=1.15811(2) R=1.16218(1),CORR USD_JPY=-0.40,,,
2026-09-06T00:43:46.404423+00:00,USD_JPY,WAIT,31,33,33,156.227,UPPER_MID,S=155.245(3) R=157.918(1),CORR EUR_JPY=+0.90,,,
2026-09-06T00:43:46.404440+00:00,EUR_JPY,WAIT,29,54,54,181.417,UPPER_25,S=181.228(1) R=185.3352(5),CORR GBP_JPY=+0.95,,,
2026-09-06T00:43:46.404470+00:00,GBP_JPY,WAIT,18,50,50,211.145,UPPER_25,S=210.59(2) R=214.49949999999998(4),CORR EUR_JPY=+0.95,,,
2026-09-06T00:43:46.404480+00:00,EUR_USD,WAIT,36,36,36,1.16122,UPPER_25,S=1.15811(2) R=1.16218(1),CORR USD_JPY=-0.40,,,
2026-09-06T00:49:34.985904+00:00,USD_JPY,WAIT,31,33,33,156.227,UPPER_MID,S=155.245(3) R=157.918(1),CORR EUR_JPY=+0.90,,,
2026-09-06T00:49:34.985930+00:00,EUR_JPY,WAIT,29,54,54,181.417,UPPER_25,S=181.228(1) R=185.3352(5),CORR GBP_JPY=+0.95,,,
2026-09-06T00:49:34.985940+00:00,GBP_JPY,WAIT,18,50,50,211.145,UPPER_25,S=210.59(2) R=214.49949999999998(4),CORR EUR_JPY=+0.95,,,
2026-09-06T00:49:34.985950+00:00,EUR_USD,WAIT,36,36,36,1.16122,UPPER_25,S=1.15811(2) R=1.16218(1),CORR USD_JPY=-0.40,,,
2026-09-06T00:55:25.639403+00:00,USD_JPY,WAIT,31,33,33,156.227,UPPER_MID,S=155.245(3) R=157.918(1),CORR EUR_JPY=+0.90,,,
2026-09-06T00:55:25.639424+00:00,EUR_JPY,WAIT,29,54,54,181.417,UPPER_25,S=181.228(1) R=185.3352(5),CORR GBP_JPY=+0.95,,,
2026-09-06T00:55:25.639434+00:00,GBP_JPY,WAIT,18,50,50,211.145,UPPER_25,S=210.59(2) R=214.49949999999998(4),CORR EUR_JPY=+0.95,,,
2026-09-06T00:55:25.639444+00:00,EUR_USD,WAIT,36,36,36,1.16122,UPPER_25,S=1.15811(2) R=1.16218(1),CORR USD_JPY=-0.40,,,
2026-09-06T01:01:17.051031+00:00,USD_JPY,WAIT,31,33,33,156.227,UPPER_MID,S=155.245(3) R=157.918(1),CORR EUR_JPY=+0.90,,,
2026-09-06T01:01:17.051052+00:00,EUR_JPY,WAIT,29,54,54,181.417,UPPER_25,S=181.228(1) R=185.3352(5),CORR GBP_JPY=+0.95,,,
2026-09-06T01:01:17.051061+00:00,GBP_JPY,WAIT,18,50,50,211.145,UPPER_25,S=210.59(2) R=214.49949999999998(4),CORR EUR_JPY=+0.95,,,
2026-09-06T01:01:17.051075+00:00,EUR_USD,WAIT,36,36,36,1.16122,UPPER_25,S=1.15811(2) R=1.16218(1),CORR USD_JPY=-0.40,,,
2026-09-06T01:07:05.641151+00:00,USD_JPY,WAIT,31,33,33,156.227,UPPER_MID,S=155.245(3) R=157.918(1),CORR EUR_JPY=+0.90,,,
2026-09-06T01:07:05.641174+00:00,EUR_JPY,WAIT,29,54,54,181.417,UPPER_25,S=181.228(1) R=185.3352(5),CORR GBP_JPY=+0.95,,,
2026-09-06T01:07:05.641184+00:00,GBP_JPY,WAIT,18,50,50,211.145,UPPER_25,S=210.59(2) R=214.49949999999998(4),CORR EUR_JPY=+0.95,,,
2026-09-06T01:07:05.641192+00:00,EUR_USD,WAIT,36,36,36,1.16122,UPPER_25,S=1.15811(2) R=1.16218(1),CORR USD_JPY=-0.40,,,
2026-09-06T01:12:54.616620+00:00,USD_JPY,WAIT,31,33,33,156.227,UPPER_MID,S=155.245(3) R=157.918(1),CORR EUR_JPY=+0.90,,,
2026-09-06T01:12:54.616647+00:00,EUR_JPY,WAIT,29,54,54,181.417,UPPER_25,S=181.228(1) R=185.3352(5),CORR GBP_JPY=+0.95,,,
2026-09-06T01:12:54.616657+00:00,GBP_JPY,WAIT,18,50,50,211.145,UPPER_25,S=210.59(2) R=214.49949999999998(4),CORR EUR_JPY=+0.95,,,
2026-09-06T01:12:54.616666+00:00,EUR_USD,WAIT,36,36,36,1.16122,UPPER_25,S=1.15811(2) R=1.16218(1),CORR USD_JPY=-0.40,,,
2026-09-06T01:18:44.223696+00:00,USD_JPY,WAIT,31,33,33,156.227,UPPER_MID,S=155.245(3) R=157.918(1),CORR EUR_JPY=+0.90,,,
2026-09-06T01:18:44.223715+00:00,EUR_JPY,WAIT,29,54,54,181.417,UPPER_25,S=181.228(1) R=185.3352(5),CORR GBP_JPY=+0.95,,,
2026-09-06T01:18:44.223722+00:00,GBP_JPY,WAIT,18,50,50,211.145,UPPER_25,S=210.59(2) R=214.49949999999998(4),CORR EUR_JPY=+0.95,,,
2026-09-06T01:18:44.223728+00:00,EUR_USD,WAIT,36,36,36,1.16122,UPPER_25,S=1.15811(2) R=1.16218(1),CORR USD_JPY=-0.40,,,
2026-09-06T01:24:37.825010+00:00,USD_JPY,WAIT,31,33,33,156.227,UPPER_MID,S=155.245(3) R=157.918(1),CORR EUR_JPY=+0.90,,,
2026-09-06T01:24:37.825027+00:00,EUR_JPY,WAIT,29,54,54,181.417,UPPER_25,S=181.228(1) R=185.3352(5),CORR GBP_JPY=+0.95,,,
2026-09-06T01:24:37.825034+00:00,GBP_JPY,WAIT,18,50,50,211.145,UPPER_25,S=210.59(2) R=214.49949999999998(4),CORR EUR_JPY=+0.95,,,
2026-09-06T01:24:37.825040+00:00,EUR_USD,WAIT,36,36,36,1.16122,UPPER_25,S=1.15811(2) R=1.16218(1),CORR USD_JPY=-0.40,,,
2026-09-06T01:30:27.374237+00:00,USD_JPY,WAIT,31,33,33,156.227,UPPER_MID,S=155.245(3) R=157.918(1),CORR EUR_JPY=+0.90,,,
2026-09-06T01:30:27.374258+00:00,EUR_JPY,WAIT,29,54,54,181.417,UPPER_25,S=181.228(1) R=185.3352(5),CORR GBP_JPY=+0.95,,,
2026-09-06T01:30:27.374274+00:00,GBP_JPY,WAIT,18,50,50,211.145,UPPER_25,S=210.59(2) R=214.49949999999998(4),CORR EUR_JPY=+0.95,,,
2026-09-06T01:30:27.374283+00:00,EUR_USD,WAIT,36,36,36,1.16122,UPPER_25,S=1.15811(2) R=1.16218(1),CORR USD_JPY=-0.40,,,
2026-09-06T01:36:15.927381+00:00,USD_JPY,WAIT,31,33,33,156.227,UPPER_MID,S=155.245(3) R=157.918(1),CORR EUR_JPY=+0.90,,,
2026-09-06T01:36:15.927401+00:00,EUR_JPY,WAIT,29,54,54,181.417,UPPER_25,S=181.228(1) R=185.3352(5),CORR GBP_JPY=+0.95,,,
2026-09-06T01:36:15.927412+00:00,GBP_JPY,WAIT,18,50,50,211.145,UPPER_25,S=210.59(2) R=214.49949999999998(4),CORR EUR_JPY=+0.95,,,
2026-09-06T01:36:15.927420+00:00,EUR_USD,WAIT,36,36,36,1.16122,UPPER_25,S=1.15811(2) R=1.16218(1),CORR USD_JPY=-0.40,,,
2026-09-06T01:42:07.283927+00:00,USD_JPY,WAIT,31,33,33,156.227,UPPER_MID,S=155.245(3) R=157.918(1),CORR EUR_JPY=+0.90,,,
2026-09-06T01:42:07.283949+00:00,EUR_JPY,WAIT,29,54,54,181.417,UPPER_25,S=181.228(1) R=185.3352(5),CORR GBP_JPY=+0.95,,,
2026-09-06T01:42:07.283960+00:00,GBP_JPY,WAIT,18,50,50,211.145,UPPER_25,S=210.59(2) R=214.49949999999998(4),CORR EUR_JPY=+0.95,,,
2026-09-06T01:42:07.283969+00:00,EUR_USD,WAIT,36,36,36,1.16122,UPPER_25,S=1.15811(2) R=1.16218(1),CORR USD_JPY=-0.40,,,
2026-09-06T01:47:57.755100+00:00,USD_JPY,WAIT,31,33,33,156.227,UPPER_MID,S=155.245(3) R=157.918(1),CORR EUR_JPY=+0.90,,,
2026-09-06T01:47:57.755123+00:00,EUR_JPY,WAIT,29,54,54,181.417,UPPER_25,S=181.228(1) R=185.3352(5),CORR GBP_JPY=+0.95,,,
2026-09-06T01:47:57.755133+00:00,GBP_JPY,WAIT,18,50,50,211.145,UPPER_25,S=210.59(2) R=214.49949999999998(4),CORR EUR_JPY=+0.95,,,
2026-09-06T01:47:57.755141+00:00,EUR_USD,WAIT,36,36,36,1.16122,UPPER_25,S=1.15811(2) R=1.16218(1),CORR USD_JPY=-0.40,,,
2026-09-06T01:49:02.472399+00:00,USD_JPY,WAIT,31,33,33,156.227,UPPER_MID,S=155.245(3) R=157.918(1),CORR EUR_JPY=+0.90,,,
2026-09-06T01:49:02.472417+00:00,EUR_JPY,WAIT,29,54,54,181.417,UPPER_25,S=181.228(1) R=185.3352(5),CORR GBP_JPY=+0.95,,,
2026-09-06T01:49:02.472423+00:00,GBP_JPY,WAIT,18,50,50,211.145,UPPER_25,S=210.59(2) R=214.49949999999998(4),CORR EUR_JPY=+0.95,,,
2026-09-06T01:49:02.472428+00:00,EUR_USD,WAIT,36,36,36,1.16122,UPPER_25,S=1.15811(2) R=1.16218(1),CORR USD_JPY=-0.40,,,
2026-09-06T01:54:43.048946+00:00,USD_JPY,WAIT,31,33,33,156.227,UPPER_MID,S=155.245(3) R=157.918(1),CORR EUR_JPY=+0.90,,,
2026-09-06T01:54:43.048967+00:00,EUR_JPY,WAIT,29,54,54,181.417,UPPER_25,S=181.228(1) R=185.3352(5),CORR GBP_JPY=+0.95,,,
2026-09-06T01:54:43.048975+00:00,GBP_JPY,WAIT,18,50,50,211.145,UPPER_25,S=210.59(2) R=214.49949999999998(4),CORR EUR_JPY=+0.95,,,
2026-09-06T01:54:43.048981+00:00,EUR_USD,WAIT,36,36,36,1.16122,UPPER_25,S=1.15811(2) R=1.16218(1),CORR USD_JPY=-0.40,,,
2026-09-06T02:00:23.640061+00:00,USD_JPY,WAIT,31,33,33,156.227,UPPER_MID,S=155.245(3) R=157.918(1),CORR EUR_JPY=+0.90,,,
2026-09-06T02:00:23.640082+00:00,EUR_JPY,WAIT,29,54,54,181.417,UPPER_25,S=181.228(1) R=185.3352(5),CORR GBP_JPY=+0.95,,,
2026-09-06T02:00:23.640089+00:00,GBP_JPY,WAIT,18,50,50,211.145,UPPER_25,S=210.59(2) R=214.49949999999998(4),CORR EUR_JPY=+0.95,,,
2026-09-06T02:00:23.640096+00:00,EUR_USD,WAIT,36,36,36,1.16122,UPPER_25,S=1.15811(2) R=1.16218(1),CORR USD_JPY=-0.40,,,
2026-09-06T02:06:04.989704+00:00,USD_JPY,WAIT,31,33,33,156.227,UPPER_MID,S=155.245(3) R=157.918(1),CORR EUR_JPY=+0.90,,,
2026-09-06T02:06:04.989725+00:00,EUR_JPY,WAIT,29,54,54,181.417,UPPER_25,S=181.228(1) R=185.3352(5),CORR GBP_JPY=+0.95,,,
2026-09-06T02:06:04.989733+00:00,GBP_JPY,WAIT,18,50,50,211.145,UPPER_25,S=210.59(2) R=214.49949999999998(4),CORR EUR_JPY=+0.95,,,
2026-09-06T02:06:04.989740+00:00,EUR_USD,WAIT,36,36,36,1.16122,UPPER_25,S=1.15811(2) R=1.16218(1),CORR USD_JPY=-0.40,,,
2026-09-06T02:11:48.255647+00:00,USD_JPY,WAIT,31,33,33,156.227,UPPER_MID,S=155.245(3) R=157.918(1),CORR EUR_JPY=+0.90,,,
2026-09-06T02:11:48.255669+00:00,EUR_JPY,WAIT,29,54,54,181.417,UPPER_25,S=181.228(1) R=185.3352(5),CORR GBP_JPY=+0.95,,,
2026-09-06T02:11:48.255677+00:00,GBP_JPY,WAIT,18,50,50,211.145,UPPER_25,S=210.59(2) R=214.49949999999998(4),CORR EUR_JPY=+0.95,,,
2026-09-06T02:11:48.255683+00:00,EUR_USD,WAIT,36,36,36,1.16122,UPPER_25,S=1.15811(2) R=1.16218(1),CORR USD_JPY=-0.40,,,
2026-09-06T02:17:29.804744+00:00,USD_JPY,WAIT,31,33,33,156.227,UPPER_MID,S=155.245(3) R=157.918(1),CORR EUR_JPY=+0.90,,,
2026-09-06T02:17:29.804767+00:00,EUR_JPY,WAIT,29,54,54,181.417,UPPER_25,S=181.228(1) R=185.3352(5),CORR GBP_JPY=+0.95,,,
2026-09-06T02:17:29.804778+00:00,GBP_JPY,WAIT,18,50,50,211.145,UPPER_25,S=210.59(2) R=214.49949999999998(4),CORR EUR_JPY=+0.95,,,
2026-09-06T02:17:29.804786+00:00,EUR_USD,WAIT,36,36,36,1.16122,UPPER_25,S=1.15811(2) R=1.16218(1),CORR USD_JPY=-0.40,,,
2026-09-06T02:23:11.014968+00:00,USD_JPY,WAIT,31,33,33,156.227,UPPER_MID,S=155.245(3) R=157.918(1),CORR EUR_JPY=+0.90,,,
2026-09-06T02:23:11.014984+00:00,EUR_JPY,WAIT,29,54,54,181.417,UPPER_25,S=181.228(1) R=185.3352(5),CORR GBP_JPY=+0.95,,,
2026-09-06T02:23:11.014991+00:00,GBP_JPY,WAIT,18,50,50,211.145,UPPER_25,S=210.59(2) R=214.49949999999998(4),CORR EUR_JPY=+0.95,,,
2026-09-06T02:23:11.014996+00:00,EUR_USD,WAIT,36,36,36,1.16122,UPPER_25,S=1.15811(2) R=1.16218(1),CORR USD_JPY=-0.40,,,
2026-09-06T02:28:52.997360+00:00,USD_JPY,WAIT,31,33,33,156.227,UPPER_MID,S=155.245(3) R=157.918(1),CORR EUR_JPY=+0.90,,,
2026-09-06T02:28:52.997380+00:00,EUR_JPY,WAIT,29,54,54,181.417,UPPER_25,S=181.228(1) R=185.3352(5),CORR GBP_JPY=+0.95,,,
2026-09-06T02:28:52.997389+00:00,GBP_JPY,WAIT,18,50,50,211.145,UPPER_25,S=210.59(2) R=214.49949999999998(4),CORR EUR_JPY=+0.95,,,
2026-09-06T02:28:52.997395+00:00,EUR_USD,WAIT,36,36,36,1.16122,UPPER_25,S=1.15811(2) R=1.16218(1),CORR USD_JPY=-0.40,,,
2026-09-06T02:34:35.808180+00:00,USD_JPY,WAIT,31,33,33,156.227,UPPER_MID,S=155.245(3) R=157.918(1),CORR EUR_JPY=+0.90,,,
2026-09-06T02:34:35.808197+00:00,EUR_JPY,WAIT,29,54,54,181.417,UPPER_25,S=181.228(1) R=185.3352(5),CORR GBP_JPY=+0.95,,,
2026-09-06T02:34:35.808204+00:00,GBP_JPY,WAIT,18,50,50,211.145,UPPER_25,S=210.59(2) R=214.49949999999998(4),CORR EUR_JPY=+0.95,,,
2026-09-06T02:34:35.808209+00:00,EUR_USD,WAIT,36,36,36,1.16122,UPPER_25,S=1.15811(2) R=1.16218(1),CORR USD_JPY=-0.40,,,
2026-09-06T02:40:17.930369+00:00,USD_JPY,WAIT,31,33,33,156.227,UPPER_MID,S=155.245(3) R=157.918(1),CORR EUR_JPY=+0.90,,,
2026-09-06T02:40:17.930386+00:00,EUR_JPY,WAIT,29,54,54,181.417,UPPER_25,S=181.228(1) R=185.3352(5),CORR GBP_JPY=+0.95,,,
2026-09-06T02:40:17.930391+00:00,GBP_JPY,WAIT,18,50,50,211.145,UPPER_25,S=210.59(2) R=214.49949999999998(4),CORR EUR_JPY=+0.95,,,
2026-09-06T02:40:17.930397+00:00,EUR_USD,WAIT,36,36,36,1.16122,UPPER_25,S=1.15811(2) R=1.16218(1),CORR USD_JPY=-0.40,,,
2026-09-06T02:45:59.999641+00:00,USD_JPY,WAIT,31,33,33,156.227,UPPER_MID,S=155.245(3) R=157.918(1),CORR EUR_JPY=+0.90,,,
2026-09-06T02:45:59.999663+00:00,EUR_JPY,WAIT,29,54,54,181.417,UPPER_25,S=181.228(1) R=185.3352(5),CORR GBP_JPY=+0.95,,,
2026-09-06T02:45:59.999672+00:00,GBP_JPY,WAIT,18,50,50,211.145,UPPER_25,S=210.59(2) R=214.49949999999998(4),CORR EUR_JPY=+0.95,,,
2026-09-06T02:45:59.999678+00:00,EUR_USD,WAIT,36,36,36,1.16122,UPPER_25,S=1.15811(2) R=1.16218(1),CORR USD_JPY=-0.40,,,
2026-09-06T02:51:44.721511+00:00,USD_JPY,WAIT,31,33,33,156.227,UPPER_MID,S=155.245(3) R=157.918(1),CORR EUR_JPY=+0.90,,,
2026-09-06T02:51:44.721528+00:00,EUR_JPY,WAIT,29,54,54,181.417,UPPER_25,S=181.228(1) R=185.3352(5),CORR GBP_JPY=+0.95,,,
2026-09-06T02:51:44.721542+00:00,GBP_JPY,WAIT,18,50,50,211.145,UPPER_25,S=210.59(2) R=214.49949999999998(4),CORR EUR_JPY=+0.95,,,
2026-09-06T02:51:44.721551+00:00,EUR_USD,WAIT,36,36,36,1.16122,UPPER_25,S=1.15811(2) R=1.16218(1),CORR USD_JPY=-0.40,,,
2026-09-06T02:52:50.003847+00:00,USD_JPY,WAIT,31,33,33,156.227,UPPER_MID,S=155.245(3) R=157.918(1),CORR EUR_JPY=+0.90,,,
2026-09-06T02:52:50.003865+00:00,EUR_JPY,WAIT,29,54,54,181.417,UPPER_25,S=181.228(1) R=185.3352(5),CORR GBP_JPY=+0.95,,,
2026-09-06T02:52:50.003872+00:00,GBP_JPY,WAIT,18,50,50,211.145,UPPER_25,S=210.59(2) R=214.49949999999998(4),CORR EUR_JPY=+0.95,,,
2026-09-06T02:52:50.003879+00:00,EUR_USD,WAIT,36,36,36,1.16122,UPPER_25,S=1.15811(2) R=1.16218(1),CORR USD_JPY=-0.40,,,
2026-09-06T02:58:38.517635+00:00,USD_JPY,WAIT,31,33,33,156.227,UPPER_MID,S=155.245(3) R=157.918(1),CORR EUR_JPY=+0.90,,,
2026-09-06T02:58:38.517649+00:00,EUR_JPY,WAIT,29,54,54,181.417,UPPER_25,S=181.228(1) R=185.3352(5),CORR GBP_JPY=+0.95,,,
2026-09-06T02:58:38.517661+00:00,GBP_JPY,WAIT,18,50,50,211.145,UPPER_25,S=210.59(2) R=214.49949999999998(4),CORR EUR_JPY=+0.95,,,
2026-09-06T02:58:38.517668+00:00,EUR_USD,WAIT,36,36,36,1.16122,UPPER_25,S=1.15811(2) R=1.16218(1),CORR USD_JPY=-0.40,,,
2026-09-06T03:04:23.680736+00:00,USD_JPY,WAIT,31,33,33,156.227,UPPER_MID,S=155.245(3) R=157.918(1),CORR EUR_JPY=+0.90,,,
2026-09-06T03:04:23.680755+00:00,EUR_JPY,WAIT,29,54,54,181.417,UPPER_25,S=181.228(1) R=185.3352(5),CORR GBP_JPY=+0.95,,,
2026-09-06T03:04:23.680762+00:00,GBP_JPY,WAIT,18,50,50,211.145,UPPER_25,S=210.59(2) R=214.49949999999998(4),CORR EUR_JPY=+0.95,,,
2026-09-06T03:04:23.680768+00:00,EUR_USD,WAIT,36,36,36,1.16122,UPPER_25,S=1.15811(2) R=1.16218(1),CORR USD_JPY=-0.40,,,
2026-09-06T03:10:12.329535+00:00,USD_JPY,WAIT,31,33,33,156.227,UPPER_MID,S=155.245(3) R=157.918(1),CORR EUR_JPY=+0.90,,,
2026-09-06T03:10:12.329549+00:00,EUR_JPY,WAIT,29,54,54,181.417,UPPER_25,S=181.228(1) R=185.3352(5),CORR GBP_JPY=+0.95,,,
2026-09-06T03:10:12.329555+00:00,GBP_JPY,WAIT,18,50,50,211.145,UPPER_25,S=210.59(2) R=214.49949999999998(4),CORR EUR_JPY=+0.95,,,
2026-09-06T03:10:12.329560+00:00,EUR_USD,WAIT,36,36,36,1.16122,UPPER_25,S=1.15811(2) R=1.16218(1),CORR USD_JPY=-0.40,,,
2026-09-06T03:15:58.263674+00:00,USD_JPY,WAIT,31,33,33,156.227,UPPER_MID,S=155.245(3) R=157.918(1),CORR EUR_JPY=+0.90,,,
2026-09-06T03:15:58.263695+00:00,EUR_JPY,WAIT,29,54,54,181.417,UPPER_25,S=181.228(1) R=185.3352(5),CORR GBP_JPY=+0.95,,,
2026-09-06T03:15:58.263702+00:00,GBP_JPY,WAIT,18,50,50,211.145,UPPER_25,S=210.59(2) R=214.49949999999998(4),CORR EUR_JPY=+0.95,,,
2026-09-06T03:15:58.263709+00:00,EUR_USD,WAIT,36,36,36,1.16122,UPPER_25,S=1.15811(2) R=1.16218(1),CORR USD_JPY=-0.40,,,
2026-09-06T03:21:47.406624+00:00,USD_JPY,WAIT,31,33,33,156.227,UPPER_MID,S=155.245(3) R=157.918(1),CORR EUR_JPY=+0.90,,,
2026-09-06T03:21:47.406643+00:00,EUR_JPY,WAIT,29,54,54,181.417,UPPER_25,S=181.228(1) R=185.3352(5),CORR GBP_JPY=+0.95,,,
2026-09-06T03:21:47.406651+00:00,GBP_JPY,WAIT,18,50,50,211.145,UPPER_25,S=210.59(2) R=214.49949999999998(4),CORR EUR_JPY=+0.95,,,
2026-09-06T03:21:47.406658+00:00,EUR_USD,WAIT,36,36,36,1.16122,UPPER_25,S=1.15811(2) R=1.16218(1),CORR USD_JPY=-0.40,,,
2026-09-06T03:27:34.009972+00:00,USD_JPY,WAIT,31,33,33,156.227,UPPER_MID,S=155.245(3) R=157.918(1),CORR EUR_JPY=+0.90,,,
2026-09-06T03:27:34.009989+00:00,EUR_JPY,WAIT,29,54,54,181.417,UPPER_25,S=181.228(1) R=185.3352(5),CORR GBP_JPY=+0.95,,,
2026-09-06T03:27:34.009998+00:00,GBP_JPY,WAIT,18,50,50,211.145,UPPER_25,S=210.59(2) R=214.49949999999998(4),CORR EUR_JPY=+0.95,,,
2026-09-06T03:27:34.010004+00:00,EUR_USD,WAIT,36,36,36,1.16122,UPPER_25,S=1.15811(2) R=1.16218(1),CORR USD_JPY=-0.40,,,
2026-09-06T03:33:18.685191+00:00,USD_JPY,WAIT,31,33,33,156.227,UPPER_MID,S=155.245(3) R=157.918(1),CORR EUR_JPY=+0.90,,,
2026-09-06T03:33:18.685208+00:00,EUR_JPY,WAIT,29,54,54,181.417,UPPER_25,S=181.228(1) R=185.3352(5),CORR GBP_JPY=+0.95,,,
2026-09-06T03:33:18.685216+00:00,GBP_JPY,WAIT,18,50,50,211.145,UPPER_25,S=210.59(2) R=214.49949999999998(4),CORR EUR_JPY=+0.95,,,
2026-09-06T03:33:18.685224+00:00,EUR_USD,WAIT,36,36,36,1.16122,UPPER_25,S=1.15811(2) R=1.16218(1),CORR USD_JPY=-0.40,,,
2026-09-06T03:39:06.904450+00:00,USD_JPY,WAIT,31,33,33,156.227,UPPER_MID,S=155.245(3) R=157.918(1),CORR EUR_JPY=+0.90,,,
2026-09-06T03:39:06.904464+00:00,EUR_JPY,WAIT,29,54,54,181.417,UPPER_25,S=181.228(1) R=185.3352(5),CORR GBP_JPY=+0.95,,,
2026-09-06T03:39:06.904488+00:00,GBP_JPY,WAIT,18,50,50,211.145,UPPER_25,S=210.59(2) R=214.49949999999998(4),CORR EUR_JPY=+0.95,,,
2026-09-06T03:39:06.904496+00:00,EUR_USD,WAIT,36,36,36,1.16122,UPPER_25,S=1.15811(2) R=1.16218(1),CORR USD_JPY=-0.40,,,
2026-09-06T03:44:54.104202+00:00,USD_JPY,WAIT,31,33,33,156.227,UPPER_MID,S=155.245(3) R=157.918(1),CORR EUR_JPY=+0.90,,,
2026-09-06T03:44:54.104223+00:00,EUR_JPY,WAIT,29,54,54,181.417,UPPER_25,S=181.228(1) R=185.3352(5),CORR GBP_JPY=+0.95,,,
2026-09-06T03:44:54.104231+00:00,GBP_JPY,WAIT,18,50,50,211.145,UPPER_25,S=210.59(2) R=214.49949999999998(4),CORR EUR_JPY=+0.95,,,
2026-09-06T03:44:54.104237+00:00,EUR_USD,WAIT,36,36,36,1.16122,UPPER_25,S=1.15811(2) R=1.16218(1),CORR USD_JPY=-0.40,,,
2026-09-06T03:50:42.761445+00:00,USD_JPY,WAIT,31,33,33,156.227,UPPER_MID,S=155.245(3) R=157.918(1),CORR EUR_JPY=+0.90,,,
2026-09-06T03:50:42.761462+00:00,EUR_JPY,WAIT,29,54,54,181.417,UPPER_25,S=181.228(1) R=185.3352(5),CORR GBP_JPY=+0.95,,,
2026-09-06T03:50:42.761483+00:00,GBP_JPY,WAIT,18,50,50,211.145,UPPER_25,S=210.59(2) R=214.49949999999998(4),CORR EUR_JPY=+0.95,,,
2026-09-06T03:50:42.761490+00:00,EUR_USD,WAIT,36,36,36,1.16122,UPPER_25,S=1.15811(2) R=1.16218(1),CORR USD_JPY=-0.40,,,
2026-09-06T03:56:38.465823+00:00,USD_JPY,WAIT,31,33,33,156.227,UPPER_MID,S=155.245(3) R=157.918(1),CORR EUR_JPY=+0.90,,,
2026-09-06T03:56:38.465840+00:00,EUR_JPY,WAIT,29,54,54,181.417,UPPER_25,S=181.228(1) R=185.3352(5),CORR GBP_JPY=+0.95,,,
2026-09-06T03:56:38.465845+00:00,GBP_JPY,WAIT,18,50,50,211.145,UPPER_25,S=210.59(2) R=214.49949999999998(4),CORR EUR_JPY=+0.95,,,
2026-09-06T03:56:38.465850+00:00,EUR_USD,WAIT,36,36,36,1.16122,UPPER_25,S=1.15811(2) R=1.16218(1),CORR USD_JPY=-0.40,,,
2026-09-06T03:57:48.761715+00:00,USD_JPY,WAIT,31,33,33,156.227,UPPER_MID,S=155.245(3) R=157.918(1),CORR EUR_JPY=+0.90,,,
2026-09-06T03:57:48.761737+00:00,EUR_JPY,WAIT,29,54,54,181.417,UPPER_25,S=181.228(1) R=185.3352(5),CORR GBP_JPY=+0.95,,,
2026-09-06T03:57:48.761748+00:00,GBP_JPY,WAIT,18,50,50,211.145,UPPER_25,S=210.59(2) R=214.49949999999998(4),CORR EUR_JPY=+0.95,,,
2026-09-06T03:57:48.761758+00:00,EUR_USD,WAIT,36,36,36,1.16122,UPPER_25,S=1.15811(2) R=1.16218(1),CORR USD_JPY=-0.40,,,
2026-09-06T04:03:40.495559+00:00,USD_JPY,WAIT,31,33,33,156.227,UPPER_MID,S=155.245(3) R=157.918(1),CORR EUR_JPY=+0.90,,,
2026-09-06T04:03:40.495582+00:00,EUR_JPY,WAIT,29,54,54,181.417,UPPER_25,S=181.228(1) R=185.3352(5),CORR GBP_JPY=+0.95,,,
2026-09-06T04:03:40.495592+00:00,GBP_JPY,WAIT,18,50,50,211.145,UPPER_25,S=210.59(2) R=214.49949999999998(4),CORR EUR_JPY=+0.95,,,
2026-09-06T04:03:40.495602+00:00,EUR_USD,WAIT,36,36,36,1.16122,UPPER_25,S=1.15811(2) R=1.16218(1),CORR USD_JPY=-0.40,,,
2026-09-06T04:09:31.234170+00:00,USD_JPY,WAIT,31,33,33,156.227,UPPER_MID,S=155.245(3) R=157.918(1),CORR EUR_JPY=+0.90,,,
2026-09-06T04:09:31.234191+00:00,EUR_JPY,WAIT,29,54,54,181.417,UPPER_25,S=181.228(1) R=185.3352(5),CORR GBP_JPY=+0.95,,,
2026-09-06T04:09:31.234201+00:00,GBP_JPY,WAIT,18,50,50,211.145,UPPER_25,S=210.59(2) R=214.49949999999998(4),CORR EUR_JPY=+0.95,,,
2026-09-06T04:09:31.234209+00:00,EUR_USD,WAIT,36,36,36,1.16122,UPPER_25,S=1.15811(2) R=1.16218(1),CORR USD_JPY=-0.40,,,
2026-09-06T04:15:22.838170+00:00,USD_JPY,WAIT,31,33,33,156.227,UPPER_MID,S=155.245(3) R=157.918(1),CORR EUR_JPY=+0.90,,,
2026-09-06T04:15:22.838192+00:00,EUR_JPY,WAIT,29,54,54,181.417,UPPER_25,S=181.228(1) R=185.3352(5),CORR GBP_JPY=+0.95,,,
2026-09-06T04:15:22.838202+00:00,GBP_JPY,WAIT,18,50,50,211.145,UPPER_25,S=210.59(2) R=214.49949999999998(4),CORR EUR_JPY=+0.95,,,
2026-09-06T04:15:22.838210+00:00,EUR_USD,WAIT,36,36,36,1.16122,UPPER_25,S=1.15811(2) R=1.16218(1),CORR USD_JPY=-0.40,,,
2026-09-06T04:21:16.440167+00:00,USD_JPY,WAIT,31,33,33,156.227,UPPER_MID,S=155.245(3) R=157.918(1),CORR EUR_JPY=+0.90,,,
2026-09-06T04:21:16.440183+00:00,EUR_JPY,WAIT,29,54,54,181.417,UPPER_25,S=181.228(1) R=185.3352(5),CORR GBP_JPY=+0.95,,,
2026-09-06T04:21:16.440190+00:00,GBP_JPY,WAIT,18,50,50,211.145,UPPER_25,S=210.59(2) R=214.49949999999998(4),CORR EUR_JPY=+0.95,,,
2026-09-06T04:21:16.440196+00:00,EUR_USD,WAIT,36,36,36,1.16122,UPPER_25,S=1.15811(2) R=1.16218(1),CORR USD_JPY=-0.40,,,
2026-09-06T04:27:07.178694+00:00,USD_JPY,WAIT,31,33,33,156.227,UPPER_MID,S=155.245(3) R=157.918(1),CORR EUR_JPY=+0.90,,,
2026-09-06T04:27:07.178715+00:00,EUR_JPY,WAIT,29,54,54,181.417,UPPER_25,S=181.228(1) R=185.3352(5),CORR GBP_JPY=+0.95,,,
2026-09-06T04:27:07.178725+00:00,GBP_JPY,WAIT,18,50,50,211.145,UPPER_25,S=210.59(2) R=214.49949999999998(4),CORR EUR_JPY=+0.95,,,
2026-09-06T04:27:07.178734+00:00,EUR_USD,WAIT,36,36,36,1.16122,UPPER_25,S=1.15811(2) R=1.16218(1),CORR USD_JPY=-0.40,,,
2026-09-06T04:32:59.719120+00:00,USD_JPY,WAIT,31,33,33,156.227,UPPER_MID,S=155.245(3) R=157.918(1),CORR EUR_JPY=+0.90,,,
2026-09-06T04:32:59.719142+00:00,EUR_JPY,WAIT,29,54,54,181.417,UPPER_25,S=181.228(1) R=185.3352(5),CORR GBP_JPY=+0.95,,,
2026-09-06T04:32:59.719153+00:00,GBP_JPY,WAIT,18,50,50,211.145,UPPER_25,S=210.59(2) R=214.49949999999998(4),CORR EUR_JPY=+0.95,,,
2026-09-06T04:32:59.719162+00:00,EUR_USD,WAIT,36,36,36,1.16122,UPPER_25,S=1.15811(2) R=1.16218(1),CORR USD_JPY=-0.40,,,
2026-09-06T04:38:51.625982+00:00,USD_JPY,WAIT,31,33,33,156.227,UPPER_MID,S=155.245(3) R=157.918(1),CORR EUR_JPY=+0.90,,,
2026-09-06T04:38:51.626000+00:00,EUR_JPY,WAIT,29,54,54,181.417,UPPER_25,S=181.228(1) R=185.3352(5),CORR GBP_JPY=+0.95,,,
2026-09-06T04:38:51.626007+00:00,GBP_JPY,WAIT,18,50,50,211.145,UPPER_25,S=210.59(2) R=214.49949999999998(4),CORR EUR_JPY=+0.95,,,
2026-09-06T04:38:51.626013+00:00,EUR_USD,WAIT,36,36,36,1.16122,UPPER_25,S=1.15811(2) R=1.16218(1),CORR USD_JPY=-0.40,,,
2026-09-06T04:44:42.956493+00:00,USD_JPY,WAIT,31,33,33,156.227,UPPER_MID,S=155.245(3) R=157.918(1),CORR EUR_JPY=+0.90,,,
2026-09-06T04:44:42.956514+00:00,EUR_JPY,WAIT,29,54,54,181.417,UPPER_25,S=181.228(1) R=185.3352(5),CORR GBP_JPY=+0.95,,,
2026-09-06T04:44:42.956524+00:00,GBP_JPY,WAIT,18,50,50,211.145,UPPER_25,S=210.59(2) R=214.49949999999998(4),CORR EUR_JPY=+0.95,,,
2026-09-06T04:44:42.956533+00:00,EUR_USD,WAIT,36,36,36,1.16122,UPPER_25,S=1.15811(2) R=1.16218(1),CORR USD_JPY=-0.40,,,
2026-09-06T04:50:33.889385+00:00,USD_JPY,WAIT,31,33,33,156.227,UPPER_MID,S=155.245(3) R=157.918(1),CORR EUR_JPY=+0.90,,,
2026-09-06T04:50:33.889412+00:00,EUR_JPY,WAIT,29,54,54,181.417,UPPER_25,S=181.228(1) R=185.3352(5),CORR GBP_JPY=+0.95,,,
2026-09-06T04:50:33.889423+00:00,GBP_JPY,WAIT,18,50,50,211.145,UPPER_25,S=210.59(2) R=214.49949999999998(4),CORR EUR_JPY=+0.95,,,
2026-09-06T04:50:33.889431+00:00,EUR_USD,WAIT,36,36,36,1.16122,UPPER_25,S=1.15811(2) R=1.16218(1),CORR USD_JPY=-0.40,,,
2026-09-06T04:56:24.005346+00:00,USD_JPY,WAIT,31,33,33,156.227,UPPER_MID,S=155.245(3) R=157.918(1),CORR EUR_JPY=+0.90,,,
2026-09-06T04:56:24.005362+00:00,EUR_JPY,WAIT,29,54,54,181.417,UPPER_25,S=181.228(1) R=185.3352(5),CORR GBP_JPY=+0.95,,,
2026-09-06T04:56:24.005369+00:00,GBP_JPY,WAIT,18,50,50,211.145,UPPER_25,S=210.59(2) R=214.49949999999998(4),CORR EUR_JPY=+0.95,,,
2026-09-06T04:56:24.005375+00:00,EUR_USD,WAIT,36,36,36,1.16122,UPPER_25,S=1.15811(2) R=1.16218(1),CORR USD_JPY=-0.40,,,
2026-09-06T05:02:14.470372+00:00,USD_JPY,WAIT,31,33,33,156.227,UPPER_MID,S=155.245(3) R=157.918(1),CORR EUR_JPY=+0.90,,,
2026-09-06T05:02:14.470397+00:00,EUR_JPY,WAIT,29,54,54,181.417,UPPER_25,S=181.228(1) R=185.3352(5),CORR GBP_JPY=+0.95,,,
2026-09-06T05:02:14.470409+00:00,GBP_JPY,WAIT,18,50,50,211.145,UPPER_25,S=210.59(2) R=214.49949999999998(4),CORR EUR_JPY=+0.95,,,
2026-09-06T05:02:14.470418+00:00,EUR_USD,WAIT,36,36,36,1.16122,UPPER_25,S=1.15811(2) R=1.16218(1),CORR USD_JPY=-0.40,,,
2026-09-06T05:03:22.369339+00:00,USD_JPY,WAIT,31,33,33,156.227,UPPER_MID,S=155.245(3) R=157.918(1),CORR EUR_JPY=+0.90,,,
2026-09-06T05:03:22.369363+00:00,EUR_JPY,WAIT,29,54,54,181.417,UPPER_25,S=181.228(1) R=185.3352(5),CORR GBP_JPY=+0.95,,,
2026-09-06T05:03:22.369374+00:00,GBP_JPY,WAIT,18,50,50,211.145,UPPER_25,S=210.59(2) R=214.49949999999998(4),CORR EUR_JPY=+0.95,,,
2026-09-06T05:03:22.369386+00:00,EUR_USD,WAIT,36,36,36,1.16122,UPPER_25,S=1.15811(2) R=1.16218(1),CORR USD_JPY=-0.40,,,
2026-09-06T05:09:07.507949+00:00,USD_JPY,WAIT,31,33,33,156.227,UPPER_MID,S=155.245(3) R=157.918(1),CORR EUR_JPY=+0.90,,,
2026-09-06T05:09:07.507971+00:00,EUR_JPY,WAIT,29,54,54,181.417,UPPER_25,S=181.228(1) R=185.3352(5),CORR GBP_JPY=+0.95,,,
2026-09-06T05:09:07.507982+00:00,GBP_JPY,WAIT,18,50,50,211.145,UPPER_25,S=210.59(2) R=214.49949999999998(4),CORR EUR_JPY=+0.95,,,
2026-09-06T05:09:07.507991+00:00,EUR_USD,WAIT,36,36,36,1.16122,UPPER_25,S=1.15811(2) R=1.16218(1),CORR USD_JPY=-0.40,,,
2026-09-06T05:14:53.947762+00:00,USD_JPY,WAIT,31,33,33,156.227,UPPER_MID,S=155.245(3) R=157.918(1),CORR EUR_JPY=+0.90,,,
2026-09-06T05:14:53.947785+00:00,EUR_JPY,WAIT,29,54,54,181.417,UPPER_25,S=181.228(1) R=185.3352(5),CORR GBP_JPY=+0.95,,,
2026-09-06T05:14:53.947796+00:00,GBP_JPY,WAIT,18,50,50,211.145,UPPER_25,S=210.59(2) R=214.49949999999998(4),CORR EUR_JPY=+0.95,,,
2026-09-06T05:14:53.947805+00:00,EUR_USD,WAIT,36,36,36,1.16122,UPPER_25,S=1.15811(2) R=1.16218(1),CORR USD_JPY=-0.40,,,
2026-09-06T05:20:39.676996+00:00,USD_JPY,WAIT,31,33,33,156.227,UPPER_MID,S=155.245(3) R=157.918(1),CORR EUR_JPY=+0.90,,,
2026-09-06T05:20:39.677012+00:00,EUR_JPY,WAIT,29,54,54,181.417,UPPER_25,S=181.228(1) R=185.3352(5),CORR GBP_JPY=+0.95,,,
2026-09-06T05:20:39.677027+00:00,GBP_JPY,WAIT,18,50,50,211.145,UPPER_25,S=210.59(2) R=214.49949999999998(4),CORR EUR_JPY=+0.95,,,
2026-09-06T05:20:39.677039+00:00,EUR_USD,WAIT,36,36,36,1.16122,UPPER_25,S=1.15811(2) R=1.16218(1),CORR USD_JPY=-0.40,,,
2026-09-06T05:26:25.895124+00:00,USD_JPY,WAIT,31,33,33,156.227,UPPER_MID,S=155.245(3) R=157.918(1),CORR EUR_JPY=+0.90,,,
2026-09-06T05:26:25.895146+00:00,EUR_JPY,WAIT,29,54,54,181.417,UPPER_25,S=181.228(1) R=185.3352(5),CORR GBP_JPY=+0.95,,,
2026-09-06T05:26:25.895158+00:00,GBP_JPY,WAIT,18,50,50,211.145,UPPER_25,S=210.59(2) R=214.49949999999998(4),CORR EUR_JPY=+0.95,,,
2026-09-06T05:26:25.895168+00:00,EUR_USD,WAIT,36,36,36,1.16122,UPPER_25,S=1.15811(2) R=1.16218(1),CORR USD_JPY=-0.40,,,
2026-09-06T05:32:11.783237+00:00,USD_JPY,WAIT,31,33,33,156.227,UPPER_MID,S=155.245(3) R=157.918(1),CORR EUR_JPY=+0.90,,,
2026-09-06T05:32:11.783264+00:00,EUR_JPY,WAIT,29,54,54,181.417,UPPER_25,S=181.228(1) R=185.3352(5),CORR GBP_JPY=+0.95,,,
2026-09-06T05:32:11.783294+00:00,GBP_JPY,WAIT,18,50,50,211.145,UPPER_25,S=210.59(2) R=214.49949999999998(4),CORR EUR_JPY=+0.95,,,
2026-09-06T05:32:11.783307+00:00,EUR_USD,WAIT,36,36,36,1.16122,UPPER_25,S=1.15811(2) R=1.16218(1),CORR USD_JPY=-0.40,,,
2026-09-06T05:37:56.419550+00:00,USD_JPY,WAIT,31,33,33,156.227,UPPER_MID,S=155.245(3) R=157.918(1),CORR EUR_JPY=+0.90,,,
2026-09-06T05:37:56.419575+00:00,EUR_JPY,WAIT,29,54,54,181.417,UPPER_25,S=181.228(1) R=185.3352(5),CORR GBP_JPY=+0.95,,,
2026-09-06T05:37:56.419587+00:00,GBP_JPY,WAIT,18,50,50,211.145,UPPER_25,S=210.59(2) R=214.49949999999998(4),CORR EUR_JPY=+0.95,,,
2026-09-06T05:37:56.419597+00:00,EUR_USD,WAIT,36,36,36,1.16122,UPPER_25,S=1.15811(2) R=1.16218(1),CORR USD_JPY=-0.40,,,
2026-09-06T05:43:41.462958+00:00,USD_JPY,WAIT,31,33,33,156.227,UPPER_MID,S=155.245(3) R=157.918(1),CORR EUR_JPY=+0.90,,,
2026-09-06T05:43:41.462979+00:00,EUR_JPY,WAIT,29,54,54,181.417,UPPER_25,S=181.228(1) R=185.3352(5),CORR GBP_JPY=+0.95,,,
2026-09-06T05:43:41.462990+00:00,GBP_JPY,WAIT,18,50,50,211.145,UPPER_25,S=210.59(2) R=214.49949999999998(4),CORR EUR_JPY=+0.95,,,
2026-09-06T05:43:41.462999+00:00,EUR_USD,WAIT,36,36,36,1.16122,UPPER_25,S=1.15811(2) R=1.16218(1),CORR USD_JPY=-0.40,,,
2026-09-06T05:49:27.387476+00:00,USD_JPY,WAIT,31,33,33,156.227,UPPER_MID,S=155.245(3) R=157.918(1),CORR EUR_JPY=+0.90,,,
2026-09-06T05:49:27.387492+00:00,EUR_JPY,WAIT,29,54,54,181.417,UPPER_25,S=181.228(1) R=185.3352(5),CORR GBP_JPY=+0.95,,,
2026-09-06T05:49:27.387509+00:00,GBP_JPY,WAIT,18,50,50,211.145,UPPER_25,S=210.59(2) R=214.49949999999998(4),CORR EUR_JPY=+0.95,,,
2026-09-06T05:49:27.387522+00:00,EUR_USD,WAIT,36,36,36,1.16122,UPPER_25,S=1.15811(2) R=1.16218(1),CORR USD_JPY=-0.40,,,
2026-09-06T05:55:11.476388+00:00,USD_JPY,WAIT,31,33,33,156.227,UPPER_MID,S=155.245(3) R=157.918(1),CORR EUR_JPY=+0.90,,,
2026-09-06T05:55:11.476410+00:00,EUR_JPY,WAIT,29,54,54,181.417,UPPER_25,S=181.228(1) R=185.3352(5),CORR GBP_JPY=+0.95,,,
2026-09-06T05:55:11.476422+00:00,GBP_JPY,WAIT,18,50,50,211.145,UPPER_25,S=210.59(2) R=214.49949999999998(4),CORR EUR_JPY=+0.95,,,
2026-09-06T05:55:11.476431+00:00,EUR_USD,WAIT,36,36,36,1.16122,UPPER_25,S=1.15811(2) R=1.16218(1),CORR USD_JPY=-0.40,,,
2026-09-06T06:00:56.393389+00:00,USD_JPY,WAIT,31,33,33,156.227,UPPER_MID,S=155.245(3) R=157.918(1),CORR EUR_JPY=+0.90,,,
2026-09-06T06:00:56.393413+00:00,EUR_JPY,WAIT,29,54,54,181.417,UPPER_25,S=181.228(1) R=185.3352(5),CORR GBP_JPY=+0.95,,,
2026-09-06T06:00:56.393425+00:00,GBP_JPY,WAIT,18,50,50,211.145,UPPER_25,S=210.59(2) R=214.49949999999998(4),CORR EUR_JPY=+0.95,,,
2026-09-06T06:00:56.393437+00:00,EUR_USD,WAIT,36,36,36,1.16122,UPPER_25,S=1.15811(2) R=1.16218(1),CORR USD_JPY=-0.40,,,
2026-09-06T06:06:41.836169+00:00,USD_JPY,WAIT,31,33,33,156.227,UPPER_MID,S=155.245(3) R=157.918(1),CORR EUR_JPY=+0.90,,,
2026-09-06T06:06:41.836193+00:00,EUR_JPY,WAIT,29,54,54,181.417,UPPER_25,S=181.228(1) R=185.3352(5),CORR GBP_JPY=+0.95,,,
2026-09-06T06:06:41.836204+00:00,GBP_JPY,WAIT,18,50,50,211.145,UPPER_25,S=210.59(2) R=214.49949999999998(4),CORR EUR_JPY=+0.95,,,
2026-09-06T06:06:41.836213+00:00,EUR_USD,WAIT,36,36,36,1.16122,UPPER_25,S=1.15811(2) R=1.16218(1),CORR USD_JPY=-0.40,,,
2026-09-06T06:07:45.919237+00:00,USD_JPY,WAIT,31,33,33,156.227,UPPER_MID,S=155.245(3) R=157.918(1),CORR EUR_JPY=+0.90,,,
2026-09-06T06:07:45.919254+00:00,EUR_JPY,WAIT,29,54,54,181.417,UPPER_25,S=181.228(1) R=185.3352(5),CORR GBP_JPY=+0.95,,,
2026-09-06T06:07:45.919261+00:00,GBP_JPY,WAIT,18,50,50,211.145,UPPER_25,S=210.59(2) R=214.49949999999998(4),CORR EUR_JPY=+0.95,,,
2026-09-06T06:07:45.919267+00:00,EUR_USD,WAIT,36,36,36,1.16122,UPPER_25,S=1.15811(2) R=1.16218(1),CORR USD_JPY=-0.40,,,
2026-09-06T06:13:28.715339+00:00,USD_JPY,WAIT,31,33,33,156.227,UPPER_MID,S=155.245(3) R=157.918(1),CORR EUR_JPY=+0.90,,,
2026-09-06T06:13:28.715361+00:00,EUR_JPY,WAIT,29,54,54,181.417,UPPER_25,S=181.228(1) R=185.3352(5),CORR GBP_JPY=+0.95,,,
2026-09-06T06:13:28.715372+00:00,GBP_JPY,WAIT,18,50,50,211.145,UPPER_25,S=210.59(2) R=214.49949999999998(4),CORR EUR_JPY=+0.95,,,
2026-09-06T06:13:28.715384+00:00,EUR_USD,WAIT,36,36,36,1.16122,UPPER_25,S=1.15811(2) R=1.16218(1),CORR USD_JPY=-0.40,,,
2026-09-06T06:19:09.668974+00:00,USD_JPY,WAIT,31,33,33,156.227,UPPER_MID,S=155.245(3) R=157.918(1),CORR EUR_JPY=+0.90,,,
2026-09-06T06:19:09.668989+00:00,EUR_JPY,WAIT,29,54,54,181.417,UPPER_25,S=181.228(1) R=185.3352(5),CORR GBP_JPY=+0.95,,,
2026-09-06T06:19:09.668996+00:00,GBP_JPY,WAIT,18,50,50,211.145,UPPER_25,S=210.59(2) R=214.49949999999998(4),CORR EUR_JPY=+0.95,,,
2026-09-06T06:19:09.669002+00:00,EUR_USD,WAIT,36,36,36,1.16122,UPPER_25,S=1.15811(2) R=1.16218(1),CORR USD_JPY=-0.40,,,
2026-09-06T06:24:53.852469+00:00,USD_JPY,WAIT,31,33,33,156.227,UPPER_MID,S=155.245(3) R=157.918(1),CORR EUR_JPY=+0.90,,,
2026-09-06T06:24:53.852492+00:00,EUR_JPY,WAIT,29,54,54,181.417,UPPER_25,S=181.228(1) R=185.3352(5),CORR GBP_JPY=+0.95,,,
2026-09-06T06:24:53.852503+00:00,GBP_JPY,WAIT,18,50,50,211.145,UPPER_25,S=210.59(2) R=214.49949999999998(4),CORR EUR_JPY=+0.95,,,
2026-09-06T06:24:53.852515+00:00,EUR_USD,WAIT,36,36,36,1.16122,UPPER_25,S=1.15811(2) R=1.16218(1),CORR USD_JPY=-0.40,,,
2026-09-06T06:30:35.780337+00:00,USD_JPY,WAIT,31,33,33,156.227,UPPER_MID,S=155.245(3) R=157.918(1),CORR EUR_JPY=+0.90,,,
2026-09-06T06:30:35.780364+00:00,EUR_JPY,WAIT,29,54,54,181.417,UPPER_25,S=181.228(1) R=185.3352(5),CORR GBP_JPY=+0.95,,,
2026-09-06T06:30:35.780376+00:00,GBP_JPY,WAIT,18,50,50,211.145,UPPER_25,S=210.59(2) R=214.49949999999998(4),CORR EUR_JPY=+0.95,,,
2026-09-06T06:30:35.780387+00:00,EUR_USD,WAIT,36,36,36,1.16122,UPPER_25,S=1.15811(2) R=1.16218(1),CORR USD_JPY=-0.40,,,
2026-09-06T06:36:17.958319+00:00,USD_JPY,WAIT,31,33,33,156.227,UPPER_MID,S=155.245(3) R=157.918(1),CORR EUR_JPY=+0.90,,,
2026-09-06T06:36:17.958347+00:00,EUR_JPY,WAIT,29,54,54,181.417,UPPER_25,S=181.228(1) R=185.3352(5),CORR GBP_JPY=+0.95,,,
2026-09-06T06:36:17.958361+00:00,GBP_JPY,WAIT,18,50,50,211.145,UPPER_25,S=210.59(2) R=214.49949999999998(4),CORR EUR_JPY=+0.95,,,
2026-09-06T06:36:17.958370+00:00,EUR_USD,WAIT,36,36,36,1.16122,UPPER_25,S=1.15811(2) R=1.16218(1),CORR USD_JPY=-0.40,,,
2026-09-06T06:42:00.520559+00:00,USD_JPY,WAIT,31,33,33,156.227,UPPER_MID,S=155.245(3) R=157.918(1),CORR EUR_JPY=+0.90,,,
2026-09-06T06:42:00.520582+00:00,EUR_JPY,WAIT,29,54,54,181.417,UPPER_25,S=181.228(1) R=185.3352(5),CORR GBP_JPY=+0.95,,,
2026-09-06T06:42:00.520595+00:00,GBP_JPY,WAIT,18,50,50,211.145,UPPER_25,S=210.59(2) R=214.49949999999998(4),CORR EUR_JPY=+0.95,,,
2026-09-06T06:42:00.520607+00:00,EUR_USD,WAIT,36,36,36,1.16122,UPPER_25,S=1.15811(2) R=1.16218(1),CORR USD_JPY=-0.40,,,
2026-09-06T06:47:41.955774+00:00,USD_JPY,WAIT,31,33,33,156.227,UPPER_MID,S=155.245(3) R=157.918(1),CORR EUR_JPY=+0.90,,,
2026-09-06T06:47:41.955804+00:00,EUR_JPY,WAIT,29,54,54,181.417,UPPER_25,S=181.228(1) R=185.3352(5),CORR GBP_JPY=+0.95,,,
2026-09-06T06:47:41.955816+00:00,GBP_JPY,WAIT,18,50,50,211.145,UPPER_25,S=210.59(2) R=214.49949999999998(4),CORR EUR_JPY=+0.95,,,
2026-09-06T06:47:41.955827+00:00,EUR_USD,WAIT,36,36,36,1.16122,UPPER_25,S=1.15811(2) R=1.16218(1),CORR USD_JPY=-0.40,,,
2026-09-06T06:53:23.268275+00:00,USD_JPY,WAIT,31,33,33,156.227,UPPER_MID,S=155.245(3) R=157.918(1),CORR EUR_JPY=+0.90,,,
2026-09-06T06:53:23.268300+00:00,EUR_JPY,WAIT,29,54,54,181.417,UPPER_25,S=181.228(1) R=185.3352(5),CORR GBP_JPY=+0.95,,,
2026-09-06T06:53:23.268313+00:00,GBP_JPY,WAIT,18,50,50,211.145,UPPER_25,S=210.59(2) R=214.49949999999998(4),CORR EUR_JPY=+0.95,,,
2026-09-06T06:53:23.268323+00:00,EUR_USD,WAIT,36,36,36,1.16122,UPPER_25,S=1.15811(2) R=1.16218(1),CORR USD_JPY=-0.40,,,
2026-09-06T06:59:04.651866+00:00,USD_JPY,WAIT,31,33,33,156.227,UPPER_MID,S=155.245(3) R=157.918(1),CORR EUR_JPY=+0.90,,,
2026-09-06T06:59:04.651882+00:00,EUR_JPY,WAIT,29,54,54,181.417,UPPER_25,S=181.228(1) R=185.3352(5),CORR GBP_JPY=+0.95,,,
2026-09-06T06:59:04.651889+00:00,GBP_JPY,WAIT,18,50,50,211.145,UPPER_25,S=210.59(2) R=214.49949999999998(4),CORR EUR_JPY=+0.95,,,
2026-09-06T06:59:04.651895+00:00,EUR_USD,WAIT,36,36,36,1.16122,UPPER_25,S=1.15811(2) R=1.16218(1),CORR USD_JPY=-0.40,,,
2026-09-06T07:04:45.705433+00:00,USD_JPY,WAIT,31,33,33,156.227,UPPER_MID,S=155.245(3) R=157.918(1),CORR EUR_JPY=+0.90,,,
2026-09-06T07:04:45.705456+00:00,EUR_JPY,WAIT,29,54,54,181.417,UPPER_25,S=181.228(1) R=185.3352(5),CORR GBP_JPY=+0.95,,,
2026-09-06T07:04:45.705469+00:00,GBP_JPY,WAIT,18,50,50,211.145,UPPER_25,S=210.59(2) R=214.49949999999998(4),CORR EUR_JPY=+0.95,,,
2026-09-06T07:04:45.705479+00:00,EUR_USD,WAIT,36,36,36,1.16122,UPPER_25,S=1.15811(2) R=1.16218(1),CORR USD_JPY=-0.40,,,
2026-09-06T07:10:27.938990+00:00,USD_JPY,WAIT,31,33,33,156.227,UPPER_MID,S=155.245(3) R=157.918(1),CORR EUR_JPY=+0.90,,,
2026-09-06T07:10:27.939014+00:00,EUR_JPY,WAIT,29,54,54,181.417,UPPER_25,S=181.228(1) R=185.3352(5),CORR GBP_JPY=+0.95,,,
2026-09-06T07:10:27.939027+00:00,GBP_JPY,WAIT,18,50,50,211.145,UPPER_25,S=210.59(2) R=214.49949999999998(4),CORR EUR_JPY=+0.95,,,
2026-09-06T07:10:27.939038+00:00,EUR_USD,WAIT,36,36,36,1.16122,UPPER_25,S=1.15811(2) R=1.16218(1),CORR USD_JPY=-0.40,,,
2026-09-06T07:11:38.657559+00:00,USD_JPY,WAIT,31,33,33,156.227,UPPER_MID,S=155.245(3) R=157.918(1),CORR EUR_JPY=+0.90,,,
2026-09-06T07:11:38.657576+00:00,EUR_JPY,WAIT,29,54,54,181.417,UPPER_25,S=181.228(1) R=185.3352(5),CORR GBP_JPY=+0.95,,,
2026-09-06T07:11:38.657583+00:00,GBP_JPY,WAIT,18,50,50,211.145,UPPER_25,S=210.59(2) R=214.49949999999998(4),CORR EUR_JPY=+0.95,,,
2026-09-06T07:11:38.657589+00:00,EUR_USD,WAIT,36,36,36,1.16122,UPPER_25,S=1.15811(2) R=1.16218(1),CORR USD_JPY=-0.40,,,
2026-09-06T07:17:29.432864+00:00,USD_JPY,WAIT,31,33,33,156.227,UPPER_MID,S=155.245(3) R=157.918(1),CORR EUR_JPY=+0.90,,,
2026-09-06T07:17:29.432890+00:00,EUR_JPY,WAIT,29,54,54,181.417,UPPER_25,S=181.228(1) R=185.3352(5),CORR GBP_JPY=+0.95,,,
2026-09-06T07:17:29.432898+00:00,GBP_JPY,WAIT,18,50,50,211.145,UPPER_25,S=210.59(2) R=214.49949999999998(4),CORR EUR_JPY=+0.95,,,
2026-09-06T07:17:29.432903+00:00,EUR_USD,WAIT,36,36,36,1.16122,UPPER_25,S=1.15811(2) R=1.16218(1),CORR USD_JPY=-0.40,,,
2026-09-06T07:23:20.874818+00:00,USD_JPY,WAIT,31,33,33,156.227,UPPER_MID,S=155.245(3) R=157.918(1),CORR EUR_JPY=+0.90,,,
2026-09-06T07:23:20.874842+00:00,EUR_JPY,WAIT,29,54,54,181.417,UPPER_25,S=181.228(1) R=185.3352(5),CORR GBP_JPY=+0.95,,,
2026-09-06T07:23:20.874854+00:00,GBP_JPY,WAIT,18,50,50,211.145,UPPER_25,S=210.59(2) R=214.49949999999998(4),CORR EUR_JPY=+0.95,,,
2026-09-06T07:23:20.874867+00:00,EUR_USD,WAIT,36,36,36,1.16122,UPPER_25,S=1.15811(2) R=1.16218(1),CORR USD_JPY=-0.40,,,
2026-09-06T07:29:12.707729+00:00,USD_JPY,WAIT,31,33,33,156.227,UPPER_MID,S=155.245(3) R=157.918(1),CORR EUR_JPY=+0.90,,,
2026-09-06T07:29:12.707752+00:00,EUR_JPY,WAIT,29,54,54,181.417,UPPER_25,S=181.228(1) R=185.3352(5),CORR GBP_JPY=+0.95,,,
2026-09-06T07:29:12.707764+00:00,GBP_JPY,WAIT,18,50,50,211.145,UPPER_25,S=210.59(2) R=214.49949999999998(4),CORR EUR_JPY=+0.95,,,
2026-09-06T07:29:12.707774+00:00,EUR_USD,WAIT,36,36,36,1.16122,UPPER_25,S=1.15811(2) R=1.16218(1),CORR USD_JPY=-0.40,,,
2026-09-06T07:35:01.769196+00:00,USD_JPY,WAIT,31,33,33,156.227,UPPER_MID,S=155.245(3) R=157.918(1),CORR EUR_JPY=+0.90,,,
2026-09-06T07:35:01.769220+00:00,EUR_JPY,WAIT,29,54,54,181.417,UPPER_25,S=181.228(1) R=185.3352(5),CORR GBP_JPY=+0.95,,,
2026-09-06T07:35:01.769232+00:00,GBP_JPY,WAIT,18,50,50,211.145,UPPER_25,S=210.59(2) R=214.49949999999998(4),CORR EUR_JPY=+0.95,,,
2026-09-06T07:35:01.769242+00:00,EUR_USD,WAIT,36,36,36,1.16122,UPPER_25,S=1.15811(2) R=1.16218(1),CORR USD_JPY=-0.40,,,
2026-09-06T07:40:52.948762+00:00,USD_JPY,WAIT,31,33,33,156.227,UPPER_MID,S=155.245(3) R=157.918(1),CORR EUR_JPY=+0.90,,,
2026-09-06T07:40:52.948784+00:00,EUR_JPY,WAIT,29,54,54,181.417,UPPER_25,S=181.228(1) R=185.3352(5),CORR GBP_JPY=+0.95,,,
2026-09-06T07:40:52.948797+00:00,GBP_JPY,WAIT,18,50,50,211.145,UPPER_25,S=210.59(2) R=214.49949999999998(4),CORR EUR_JPY=+0.95,,,
2026-09-06T07:40:52.948808+00:00,EUR_USD,WAIT,36,36,36,1.16122,UPPER_25,S=1.15811(2) R=1.16218(1),CORR USD_JPY=-0.40,,,
2026-09-06T07:46:41.295143+00:00,USD_JPY,WAIT,31,33,33,156.227,UPPER_MID,S=155.245(3) R=157.918(1),CORR EUR_JPY=+0.90,,,
2026-09-06T07:46:41.295166+00:00,EUR_JPY,WAIT,29,54,54,181.417,UPPER_25,S=181.228(1) R=185.3352(5),CORR GBP_JPY=+0.95,,,
2026-09-06T07:46:41.295178+00:00,GBP_JPY,WAIT,18,50,50,211.145,UPPER_25,S=210.59(2) R=214.49949999999998(4),CORR EUR_JPY=+0.95,,,
2026-09-06T07:46:41.295188+00:00,EUR_USD,WAIT,36,36,36,1.16122,UPPER_25,S=1.15811(2) R=1.16218(1),CORR USD_JPY=-0.40,,,
2026-09-06T07:52:33.497676+00:00,USD_JPY,WAIT,31,33,33,156.227,UPPER_MID,S=155.245(3) R=157.918(1),CORR EUR_JPY=+0.90,,,
2026-09-06T07:52:33.497698+00:00,EUR_JPY,WAIT,29,54,54,181.417,UPPER_25,S=181.228(1) R=185.3352(5),CORR GBP_JPY=+0.95,,,
2026-09-06T07:52:33.497709+00:00,GBP_JPY,WAIT,18,50,50,211.145,UPPER_25,S=210.59(2) R=214.49949999999998(4),CORR EUR_JPY=+0.95,,,
2026-09-06T07:52:33.497719+00:00,EUR_USD,WAIT,36,36,36,1.16122,UPPER_25,S=1.15811(2) R=1.16218(1),CORR USD_JPY=-0.40,,,
2026-09-06T07:58:23.997303+00:00,USD_JPY,WAIT,31,33,33,156.227,UPPER_MID,S=155.245(3) R=157.918(1),CORR EUR_JPY=+0.90,,,
2026-09-06T07:58:23.997327+00:00,EUR_JPY,WAIT,29,54,54,181.417,UPPER_25,S=181.228(1) R=185.3352(5),CORR GBP_JPY=+0.95,,,
2026-09-06T07:58:23.997340+00:00,GBP_JPY,WAIT,18,50,50,211.145,UPPER_25,S=210.59(2) R=214.49949999999998(4),CORR EUR_JPY=+0.95,,,
2026-09-06T07:58:23.997350+00:00,EUR_USD,WAIT,36,36,36,1.16122,UPPER_25,S=1.15811(2) R=1.16218(1),CORR USD_JPY=-0.40,,,
2026-09-06T08:04:15.847859+00:00,USD_JPY,WAIT,31,33,33,156.227,UPPER_MID,S=155.245(3) R=157.918(1),CORR EUR_JPY=+0.90,,,
2026-09-06T08:04:15.847882+00:00,EUR_JPY,WAIT,29,54,54,181.417,UPPER_25,S=181.228(1) R=185.3352(5),CORR GBP_JPY=+0.95,,,
2026-09-06T08:04:15.847893+00:00,GBP_JPY,WAIT,18,50,50,211.145,UPPER_25,S=210.59(2) R=214.49949999999998(4),CORR EUR_JPY=+0.95,,,
2026-09-06T08:04:15.847903+00:00,EUR_USD,WAIT,36,36,36,1.16122,UPPER_25,S=1.15811(2) R=1.16218(1),CORR USD_JPY=-0.40,,,
2026-09-06T08:10:07.348624+00:00,USD_JPY,WAIT,31,33,33,156.227,UPPER_MID,S=155.245(3) R=157.918(1),CORR EUR_JPY=+0.90,,,
2026-09-06T08:10:07.348639+00:00,EUR_JPY,WAIT,29,54,54,181.417,UPPER_25,S=181.228(1) R=185.3352(5),CORR GBP_JPY=+0.95,,,
2026-09-06T08:10:07.348654+00:00,GBP_JPY,WAIT,18,50,50,211.145,UPPER_25,S=210.59(2) R=214.49949999999998(4),CORR EUR_JPY=+0.95,,,
2026-09-06T08:10:07.348666+00:00,EUR_USD,WAIT,36,36,36,1.16122,UPPER_25,S=1.15811(2) R=1.16218(1),CORR USD_JPY=-0.40,,,
2026-09-06T08:15:55.034049+00:00,USD_JPY,WAIT,31,33,33,156.227,UPPER_MID,S=155.245(3) R=157.918(1),CORR EUR_JPY=+0.90,,,
2026-09-06T08:15:55.034069+00:00,EUR_JPY,WAIT,29,54,54,181.417,UPPER_25,S=181.228(1) R=185.3352(5),CORR GBP_JPY=+0.95,,,
2026-09-06T08:15:55.034080+00:00,GBP_JPY,WAIT,18,50,50,211.145,UPPER_25,S=210.59(2) R=214.49949999999998(4),CORR EUR_JPY=+0.95,,,
2026-09-06T08:15:55.034089+00:00,EUR_USD,WAIT,36,36,36,1.16122,UPPER_25,S=1.15811(2) R=1.16218(1),CORR USD_JPY=-0.40,,,
2026-09-06T08:17:06.915215+00:00,USD_JPY,WAIT,31,33,33,156.227,UPPER_MID,S=155.245(3) R=157.918(1),CORR EUR_JPY=+0.90,,,
2026-09-06T08:17:06.915240+00:00,EUR_JPY,WAIT,29,54,54,181.417,UPPER_25,S=181.228(1) R=185.3352(5),CORR GBP_JPY=+0.95,,,
2026-09-06T08:17:06.915253+00:00,GBP_JPY,WAIT,18,50,50,211.145,UPPER_25,S=210.59(2) R=214.49949999999998(4),CORR EUR_JPY=+0.95,,,
2026-09-06T08:17:06.915264+00:00,EUR_USD,WAIT,36,36,36,1.16122,UPPER_25,S=1.15811(2) R=1.16218(1),CORR USD_JPY=-0.40,,,
2026-09-06T08:22:57.648579+00:00,USD_JPY,WAIT,31,33,33,156.227,UPPER_MID,S=155.245(3) R=157.918(1),CORR EUR_JPY=+0.90,,,
2026-09-06T08:22:57.648600+00:00,EUR_JPY,WAIT,29,54,54,181.417,UPPER_25,S=181.228(1) R=185.3352(5),CORR GBP_JPY=+0.95,,,
2026-09-06T08:22:57.648612+00:00,GBP_JPY,WAIT,18,50,50,211.145,UPPER_25,S=210.59(2) R=214.49949999999998(4),CORR EUR_JPY=+0.95,,,
2026-09-06T08:22:57.648622+00:00,EUR_USD,WAIT,36,36,36,1.16122,UPPER_25,S=1.15811(2) R=1.16218(1),CORR USD_JPY=-0.40,,,
2026-09-06T08:28:48.981533+00:00,USD_JPY,WAIT,31,33,33,156.227,UPPER_MID,S=155.245(3) R=157.918(1),CORR EUR_JPY=+0.90,,,
2026-09-06T08:28:48.981555+00:00,EUR_JPY,WAIT,29,54,54,181.417,UPPER_25,S=181.228(1) R=185.3352(5),CORR GBP_JPY=+0.95,,,
2026-09-06T08:28:48.981568+00:00,GBP_JPY,WAIT,18,50,50,211.145,UPPER_25,S=210.59(2) R=214.49949999999998(4),CORR EUR_JPY=+0.95,,,
2026-09-06T08:28:48.981578+00:00,EUR_USD,WAIT,36,36,36,1.16122,UPPER_25,S=1.15811(2) R=1.16218(1),CORR USD_JPY=-0.40,,,
2026-09-06T08:34:40.631310+00:00,USD_JPY,WAIT,31,33,33,156.227,UPPER_MID,S=155.245(3) R=157.918(1),CORR EUR_JPY=+0.90,,,
2026-09-06T08:34:40.631334+00:00,EUR_JPY,WAIT,29,54,54,181.417,UPPER_25,S=181.228(1) R=185.3352(5),CORR GBP_JPY=+0.95,,,
2026-09-06T08:34:40.631345+00:00,GBP_JPY,WAIT,18,50,50,211.145,UPPER_25,S=210.59(2) R=214.49949999999998(4),CORR EUR_JPY=+0.95,,,
2026-09-06T08:34:40.631353+00:00,EUR_USD,WAIT,36,36,36,1.16122,UPPER_25,S=1.15811(2) R=1.16218(1),CORR USD_JPY=-0.40,,,
2026-09-06T08:40:32.625474+00:00,USD_JPY,WAIT,31,33,33,156.227,UPPER_MID,S=155.245(3) R=157.918(1),CORR EUR_JPY=+0.90,,,
2026-09-06T08:40:32.625497+00:00,EUR_JPY,WAIT,29,54,54,181.417,UPPER_25,S=181.228(1) R=185.3352(5),CORR GBP_JPY=+0.95,,,
2026-09-06T08:40:32.625512+00:00,GBP_JPY,WAIT,18,50,50,211.145,UPPER_25,S=210.59(2) R=214.49949999999998(4),CORR EUR_JPY=+0.95,,,
2026-09-06T08:40:32.625524+00:00,EUR_USD,WAIT,36,36,36,1.16122,UPPER_25,S=1.15811(2) R=1.16218(1),CORR USD_JPY=-0.40,,,
2026-09-06T08:46:22.998250+00:00,USD_JPY,WAIT,31,33,33,156.227,UPPER_MID,S=155.245(3) R=157.918(1),CORR EUR_JPY=+0.90,,,
2026-09-06T08:46:22.998278+00:00,EUR_JPY,WAIT,29,54,54,181.417,UPPER_25,S=181.228(1) R=185.3352(5),CORR GBP_JPY=+0.95,,,
2026-09-06T08:46:22.998292+00:00,GBP_JPY,WAIT,18,50,50,211.145,UPPER_25,S=210.59(2) R=214.49949999999998(4),CORR EUR_JPY=+0.95,,,
2026-09-06T08:46:22.998303+00:00,EUR_USD,WAIT,36,36,36,1.16122,UPPER_25,S=1.15811(2) R=1.16218(1),CORR USD_JPY=-0.40,,,
2026-09-06T08:52:14.213341+00:00,USD_JPY,WAIT,31,33,33,156.227,UPPER_MID,S=155.245(3) R=157.918(1),CORR EUR_JPY=+0.90,,,
2026-09-06T08:52:14.213357+00:00,EUR_JPY,WAIT,29,54,54,181.417,UPPER_25,S=181.228(1) R=185.3352(5),CORR GBP_JPY=+0.95,,,
2026-09-06T08:52:14.213366+00:00,GBP_JPY,WAIT,18,50,50,211.145,UPPER_25,S=210.59(2) R=214.49949999999998(4),CORR EUR_JPY=+0.95,,,
2026-09-06T08:52:14.213382+00:00,EUR_USD,WAIT,36,36,36,1.16122,UPPER_25,S=1.15811(2) R=1.16218(1),CORR USD_JPY=-0.40,,,
2026-09-06T08:58:06.413645+00:00,USD_JPY,WAIT,31,33,33,156.227,UPPER_MID,S=155.245(3) R=157.918(1),CORR EUR_JPY=+0.90,,,
2026-09-06T08:58:06.413674+00:00,EUR_JPY,WAIT,29,54,54,181.417,UPPER_25,S=181.228(1) R=185.3352(5),CORR GBP_JPY=+0.95,,,
2026-09-06T08:58:06.413707+00:00,GBP_JPY,WAIT,18,50,50,211.145,UPPER_25,S=210.59(2) R=214.49949999999998(4),CORR EUR_JPY=+0.95,,,
2026-09-06T08:58:06.413720+00:00,EUR_USD,WAIT,36,36,36,1.16122,UPPER_25,S=1.15811(2) R=1.16218(1),CORR USD_JPY=-0.40,,,
2026-09-06T09:03:55.695812+00:00,USD_JPY,WAIT,31,33,33,156.227,UPPER_MID,S=155.245(3) R=157.918(1),CORR EUR_JPY=+0.90,,,
2026-09-06T09:03:55.695828+00:00,EUR_JPY,WAIT,29,54,54,181.417,UPPER_25,S=181.228(1) R=185.3352(5),CORR GBP_JPY=+0.95,,,
2026-09-06T09:03:55.695845+00:00,GBP_JPY,WAIT,18,50,50,211.145,UPPER_25,S=210.59(2) R=214.49949999999998(4),CORR EUR_JPY=+0.95,,,
2026-09-06T09:03:55.695858+00:00,EUR_USD,WAIT,36,36,36,1.16122,UPPER_25,S=1.15811(2) R=1.16218(1),CORR USD_JPY=-0.40,,,
2026-09-06T09:09:45.216176+00:00,USD_JPY,WAIT,31,33,33,156.227,UPPER_MID,S=155.245(3) R=157.918(1),CORR EUR_JPY=+0.90,,,
2026-09-06T09:09:45.216198+00:00,EUR_JPY,WAIT,29,54,54,181.417,UPPER_25,S=181.228(1) R=185.3352(5),CORR GBP_JPY=+0.95,,,
2026-09-06T09:09:45.216209+00:00,GBP_JPY,WAIT,18,50,50,211.145,UPPER_25,S=210.59(2) R=214.49949999999998(4),CORR EUR_JPY=+0.95,,,
2026-09-06T09:09:45.216219+00:00,EUR_USD,WAIT,36,36,36,1.16122,UPPER_25,S=1.15811(2) R=1.16218(1),CORR USD_JPY=-0.40,,,
2026-09-06T09:15:36.829142+00:00,USD_JPY,WAIT,31,33,33,156.227,UPPER_MID,S=155.245(3) R=157.918(1),CORR EUR_JPY=+0.90,,,
2026-09-06T09:15:36.829166+00:00,EUR_JPY,WAIT,29,54,54,181.417,UPPER_25,S=181.228(1) R=185.3352(5),CORR GBP_JPY=+0.95,,,
2026-09-06T09:15:36.829178+00:00,GBP_JPY,WAIT,18,50,50,211.145,UPPER_25,S=210.59(2) R=214.49949999999998(4),CORR EUR_JPY=+0.95,,,
2026-09-06T09:15:36.829188+00:00,EUR_USD,WAIT,36,36,36,1.16122,UPPER_25,S=1.15811(2) R=1.16218(1),CORR USD_JPY=-0.40,,,
2026-09-06T09:21:27.400036+00:00,USD_JPY,WAIT,31,33,33,156.227,UPPER_MID,S=155.245(3) R=157.918(1),CORR EUR_JPY=+0.90,,,
2026-09-06T09:21:27.400059+00:00,EUR_JPY,WAIT,29,54,54,181.417,UPPER_25,S=181.228(1) R=185.3352(5),CORR GBP_JPY=+0.95,,,
2026-09-06T09:21:27.400071+00:00,GBP_JPY,WAIT,18,50,50,211.145,UPPER_25,S=210.59(2) R=214.49949999999998(4),CORR EUR_JPY=+0.95,,,
2026-09-06T09:21:27.400082+00:00,EUR_USD,WAIT,36,36,36,1.16122,UPPER_25,S=1.15811(2) R=1.16218(1),CORR USD_JPY=-0.40,,,
2026-09-06T09:22:43.415675+00:00,USD_JPY,WAIT,31,33,33,156.227,UPPER_MID,S=155.245(3) R=157.918(1),CORR EUR_JPY=+0.90,,,
2026-09-06T09:22:43.415700+00:00,EUR_JPY,WAIT,29,54,54,181.417,UPPER_25,S=181.228(1) R=185.3352(5),CORR GBP_JPY=+0.95,,,
2026-09-06T09:22:43.415710+00:00,GBP_JPY,WAIT,18,50,50,211.145,UPPER_25,S=210.59(2) R=214.49949999999998(4),CORR EUR_JPY=+0.95,,,
2026-09-06T09:22:43.415719+00:00,EUR_USD,WAIT,36,36,36,1.16122,UPPER_25,S=1.15811(2) R=1.16218(1),CORR USD_JPY=-0.40,,,
2026-09-06T09:28:36.099159+00:00,USD_JPY,WAIT,31,33,33,156.227,UPPER_MID,S=155.245(3) R=157.918(1),CORR EUR_JPY=+0.90,,,
2026-09-06T09:28:36.099186+00:00,EUR_JPY,WAIT,29,54,54,181.417,UPPER_25,S=181.228(1) R=185.3352(5),CORR GBP_JPY=+0.95,,,
2026-09-06T09:28:36.099196+00:00,GBP_JPY,WAIT,18,50,50,211.145,UPPER_25,S=210.59(2) R=214.49949999999998(4),CORR EUR_JPY=+0.95,,,
2026-09-06T09:28:36.099204+00:00,EUR_USD,WAIT,36,36,36,1.16122,UPPER_25,S=1.15811(2) R=1.16218(1),CORR USD_JPY=-0.40,,,
2026-09-06T09:34:24.376412+00:00,USD_JPY,WAIT,31,33,33,156.227,UPPER_MID,S=155.245(3) R=157.918(1),CORR EUR_JPY=+0.90,,,
2026-09-06T09:34:24.376435+00:00,EUR_JPY,WAIT,29,54,54,181.417,UPPER_25,S=181.228(1) R=185.3352(5),CORR GBP_JPY=+0.95,,,
2026-09-06T09:34:24.376445+00:00,GBP_JPY,WAIT,18,50,50,211.145,UPPER_25,S=210.59(2) R=214.49949999999998(4),CORR EUR_JPY=+0.95,,,
2026-09-06T09:34:24.376459+00:00,EUR_USD,WAIT,36,36,36,1.16122,UPPER_25,S=1.15811(2) R=1.16218(1),CORR USD_JPY=-0.40,,,
2026-09-06T09:40:13.502382+00:00,USD_JPY,WAIT,31,33,33,156.227,UPPER_MID,S=155.245(3) R=157.918(1),CORR EUR_JPY=+0.90,,,
2026-09-06T09:40:13.502410+00:00,EUR_JPY,WAIT,29,54,54,181.417,UPPER_25,S=181.228(1) R=185.3352(5),CORR GBP_JPY=+0.95,,,
2026-09-06T09:40:13.502421+00:00,GBP_JPY,WAIT,18,50,50,211.145,UPPER_25,S=210.59(2) R=214.49949999999998(4),CORR EUR_JPY=+0.95,,,
2026-09-06T09:40:13.502430+00:00,EUR_USD,WAIT,36,36,36,1.16122,UPPER_25,S=1.15811(2) R=1.16218(1),CORR USD_JPY=-0.40,,,
2026-09-06T09:46:05.895844+00:00,USD_JPY,WAIT,31,33,33,156.227,UPPER_MID,S=155.245(3) R=157.918(1),CORR EUR_JPY=+0.90,,,
2026-09-06T09:46:05.895887+00:00,EUR_JPY,WAIT,29,54,54,181.417,UPPER_25,S=181.228(1) R=185.3352(5),CORR GBP_JPY=+0.95,,,
2026-09-06T09:46:05.895899+00:00,GBP_JPY,WAIT,18,50,50,211.145,UPPER_25,S=210.59(2) R=214.49949999999998(4),CORR EUR_JPY=+0.95,,,
2026-09-06T09:46:05.895909+00:00,EUR_USD,WAIT,36,36,36,1.16122,UPPER_25,S=1.15811(2) R=1.16218(1),CORR USD_JPY=-0.40,,,
2026-09-06T09:51:55.793777+00:00,USD_JPY,WAIT,31,33,33,156.227,UPPER_MID,S=155.245(3) R=157.918(1),CORR EUR_JPY=+0.90,,,
2026-09-06T09:51:55.793799+00:00,EUR_JPY,WAIT,29,54,54,181.417,UPPER_25,S=181.228(1) R=185.3352(5),CORR GBP_JPY=+0.95,,,
2026-09-06T09:51:55.793809+00:00,GBP_JPY,WAIT,18,50,50,211.145,UPPER_25,S=210.59(2) R=214.49949999999998(4),CORR EUR_JPY=+0.95,,,
2026-09-06T09:51:55.793820+00:00,EUR_USD,WAIT,36,36,36,1.16122,UPPER_25,S=1.15811(2) R=1.16218(1),CORR USD_JPY=-0.40,,,
2026-09-06T09:57:47.210085+00:00,USD_JPY,WAIT,31,33,33,156.227,UPPER_MID,S=155.245(3) R=157.918(1),CORR EUR_JPY=+0.90,,,
2026-09-06T09:57:47.210106+00:00,EUR_JPY,WAIT,29,54,54,181.417,UPPER_25,S=181.228(1) R=185.3352(5),CORR GBP_JPY=+0.95,,,
2026-09-06T09:57:47.210116+00:00,GBP_JPY,WAIT,18,50,50,211.145,UPPER_25,S=210.59(2) R=214.49949999999998(4),CORR EUR_JPY=+0.95,,,
2026-09-06T09:57:47.210124+00:00,EUR_USD,WAIT,36,36,36,1.16122,UPPER_25,S=1.15811(2) R=1.16218(1),CORR USD_JPY=-0.40,,,
2026-09-06T10:03:39.774292+00:00,USD_JPY,WAIT,31,33,33,156.227,UPPER_MID,S=155.245(3) R=157.918(1),CORR EUR_JPY=+0.90,,,
2026-09-06T10:03:39.774314+00:00,EUR_JPY,WAIT,29,54,54,181.417,UPPER_25,S=181.228(1) R=185.3352(5),CORR GBP_JPY=+0.95,,,
2026-09-06T10:03:39.774326+00:00,GBP_JPY,WAIT,18,50,50,211.145,UPPER_25,S=210.59(2) R=214.49949999999998(4),CORR EUR_JPY=+0.95,,,
2026-09-06T10:03:39.774335+00:00,EUR_USD,WAIT,36,36,36,1.16122,UPPER_25,S=1.15811(2) R=1.16218(1),CORR USD_JPY=-0.40,,,
2026-09-06T10:09:30.766719+00:00,USD_JPY,WAIT,31,33,33,156.227,UPPER_MID,S=155.245(3) R=157.918(1),CORR EUR_JPY=+0.90,,,
2026-09-06T10:09:30.766740+00:00,EUR_JPY,WAIT,29,54,54,181.417,UPPER_25,S=181.228(1) R=185.3352(5),CORR GBP_JPY=+0.95,,,
2026-09-06T10:09:30.766751+00:00,GBP_JPY,WAIT,18,50,50,211.145,UPPER_25,S=210.59(2) R=214.49949999999998(4),CORR EUR_JPY=+0.95,,,
2026-09-06T10:09:30.766761+00:00,EUR_USD,WAIT,36,36,36,1.16122,UPPER_25,S=1.15811(2) R=1.16218(1),CORR USD_JPY=-0.40,,,
2026-09-06T10:15:24.014367+00:00,USD_JPY,WAIT,31,33,33,156.227,UPPER_MID,S=155.245(3) R=157.918(1),CORR EUR_JPY=+0.90,,,
2026-09-06T10:15:24.014393+00:00,EUR_JPY,WAIT,29,54,54,181.417,UPPER_25,S=181.228(1) R=185.3352(5),CORR GBP_JPY=+0.95,,,
2026-09-06T10:15:24.014405+00:00,GBP_JPY,WAIT,18,50,50,211.145,UPPER_25,S=210.59(2) R=214.49949999999998(4),CORR EUR_JPY=+0.95,,,
2026-09-06T10:15:24.014414+00:00,EUR_USD,WAIT,36,36,36,1.16122,UPPER_25,S=1.15811(2) R=1.16218(1),CORR USD_JPY=-0.40,,,
2026-09-06T10:21:16.758426+00:00,USD_JPY,WAIT,31,33,33,156.227,UPPER_MID,S=155.245(3) R=157.918(1),CORR EUR_JPY=+0.90,,,
2026-09-06T10:21:16.758443+00:00,EUR_JPY,WAIT,29,54,54,181.417,UPPER_25,S=181.228(1) R=185.3352(5),CORR GBP_JPY=+0.95,,,
2026-09-06T10:21:16.758450+00:00,GBP_JPY,WAIT,18,50,50,211.145,UPPER_25,S=210.59(2) R=214.49949999999998(4),CORR EUR_JPY=+0.95,,,
2026-09-06T10:21:16.758457+00:00,EUR_USD,WAIT,36,36,36,1.16122,UPPER_25,S=1.15811(2) R=1.16218(1),CORR USD_JPY=-0.40,,,
2026-09-06T10:27:08.563855+00:00,USD_JPY,WAIT,31,33,33,156.227,UPPER_MID,S=155.245(3) R=157.918(1),CORR EUR_JPY=+0.90,,,
2026-09-06T10:27:08.563892+00:00,EUR_JPY,WAIT,29,54,54,181.417,UPPER_25,S=181.228(1) R=185.3352(5),CORR GBP_JPY=+0.95,,,
2026-09-06T10:27:08.563902+00:00,GBP_JPY,WAIT,18,50,50,211.145,UPPER_25,S=210.59(2) R=214.49949999999998(4),CORR EUR_JPY=+0.95,,,
2026-09-06T10:27:08.563910+00:00,EUR_USD,WAIT,36,36,36,1.16122,UPPER_25,S=1.15811(2) R=1.16218(1),CORR USD_JPY=-0.40,,,
2026-09-06T10:28:54.640302+00:00,USD_JPY,WAIT,31,33,33,156.227,UPPER_MID,S=155.245(3) R=157.918(1),CORR EUR_JPY=+0.90,,,
2026-09-06T10:28:54.640318+00:00,EUR_JPY,WAIT,29,54,54,181.417,UPPER_25,S=181.228(1) R=185.3352(5),CORR GBP_JPY=+0.95,,,
2026-09-06T10:28:54.640335+00:00,GBP_JPY,WAIT,18,50,50,211.145,UPPER_25,S=210.59(2) R=214.49949999999998(4),CORR EUR_JPY=+0.95,,,
2026-09-06T10:28:54.640348+00:00,EUR_USD,WAIT,36,36,36,1.16122,UPPER_25,S=1.15811(2) R=1.16218(1),CORR USD_JPY=-0.40,,,
2026-09-06T10:34:51.722475+00:00,USD_JPY,WAIT,31,33,33,156.227,UPPER_MID,S=155.245(3) R=157.918(1),CORR EUR_JPY=+0.90,,,
2026-09-06T10:34:51.722503+00:00,EUR_JPY,WAIT,29,54,54,181.417,UPPER_25,S=181.228(1) R=185.3352(5),CORR GBP_JPY=+0.95,,,
2026-09-06T10:34:51.722517+00:00,GBP_JPY,WAIT,18,50,50,211.145,UPPER_25,S=210.59(2) R=214.49949999999998(4),CORR EUR_JPY=+0.95,,,
2026-09-06T10:34:51.722528+00:00,EUR_USD,WAIT,36,36,36,1.16122,UPPER_25,S=1.15811(2) R=1.16218(1),CORR USD_JPY=-0.40,,,
2026-09-06T10:40:44.369738+00:00,USD_JPY,WAIT,31,33,33,156.227,UPPER_MID,S=155.245(3) R=157.918(1),CORR EUR_JPY=+0.90,,,
2026-09-06T10:40:44.369765+00:00,EUR_JPY,WAIT,29,54,54,181.417,UPPER_25,S=181.228(1) R=185.3352(5),CORR GBP_JPY=+0.95,,,
2026-09-06T10:40:44.369778+00:00,GBP_JPY,WAIT,18,50,50,211.145,UPPER_25,S=210.59(2) R=214.49949999999998(4),CORR EUR_JPY=+0.95,,,
2026-09-06T10:40:44.369789+00:00,EUR_USD,WAIT,36,36,36,1.16122,UPPER_25,S=1.15811(2) R=1.16218(1),CORR USD_JPY=-0.40,,,
2026-09-06T10:46:43.670876+00:00,USD_JPY,WAIT,31,33,33,156.227,UPPER_MID,S=155.245(3) R=157.918(1),CORR EUR_JPY=+0.90,,,
2026-09-06T10:46:43.670891+00:00,EUR_JPY,WAIT,29,54,54,181.417,UPPER_25,S=181.228(1) R=185.3352(5),CORR GBP_JPY=+0.95,,,
2026-09-06T10:46:43.670908+00:00,GBP_JPY,WAIT,18,50,50,211.145,UPPER_25,S=210.59(2) R=214.49949999999998(4),CORR EUR_JPY=+0.95,,,
2026-09-06T10:46:43.670921+00:00,EUR_USD,WAIT,36,36,36,1.16122,UPPER_25,S=1.15811(2) R=1.16218(1),CORR USD_JPY=-0.40,,,
2026-09-06T10:52:35.440882+00:00,USD_JPY,WAIT,31,33,33,156.227,UPPER_MID,S=155.245(3) R=157.918(1),CORR EUR_JPY=+0.90,,,
2026-09-06T10:52:35.440906+00:00,EUR_JPY,WAIT,29,54,54,181.417,UPPER_25,S=181.228(1) R=185.3352(5),CORR GBP_JPY=+0.95,,,
2026-09-06T10:52:35.440920+00:00,GBP_JPY,WAIT,18,50,50,211.145,UPPER_25,S=210.59(2) R=214.49949999999998(4),CORR EUR_JPY=+0.95,,,
2026-09-06T10:52:35.440930+00:00,EUR_USD,WAIT,36,36,36,1.16122,UPPER_25,S=1.15811(2) R=1.16218(1),CORR USD_JPY=-0.40,,,
2026-09-06T10:58:29.201710+00:00,USD_JPY,WAIT,31,33,33,156.227,UPPER_MID,S=155.245(3) R=157.918(1),CORR EUR_JPY=+0.90,,,
2026-09-06T10:58:29.201737+00:00,EUR_JPY,WAIT,29,54,54,181.417,UPPER_25,S=181.228(1) R=185.3352(5),CORR GBP_JPY=+0.95,,,
2026-09-06T10:58:29.201748+00:00,GBP_JPY,WAIT,18,50,50,211.145,UPPER_25,S=210.59(2) R=214.49949999999998(4),CORR EUR_JPY=+0.95,,,
2026-09-06T10:58:29.201760+00:00,EUR_USD,WAIT,36,36,36,1.16122,UPPER_25,S=1.15811(2) R=1.16218(1),CORR USD_JPY=-0.40,,,
2026-09-06T11:04:23.717411+00:00,USD_JPY,WAIT,31,33,33,156.227,UPPER_MID,S=155.245(3) R=157.918(1),CORR EUR_JPY=+0.90,,,
2026-09-06T11:04:23.717433+00:00,EUR_JPY,WAIT,29,54,54,181.417,UPPER_25,S=181.228(1) R=185.3352(5),CORR GBP_JPY=+0.95,,,
2026-09-06T11:04:23.717446+00:00,GBP_JPY,WAIT,18,50,50,211.145,UPPER_25,S=210.59(2) R=214.49949999999998(4),CORR EUR_JPY=+0.95,,,
2026-09-06T11:04:23.717455+00:00,EUR_USD,WAIT,36,36,36,1.16122,UPPER_25,S=1.15811(2) R=1.16218(1),CORR USD_JPY=-0.40,,,
2026-09-06T11:10:20.008367+00:00,USD_JPY,WAIT,31,33,33,156.227,UPPER_MID,S=155.245(3) R=157.918(1),CORR EUR_JPY=+0.90,,,
2026-09-06T11:10:20.008391+00:00,EUR_JPY,WAIT,29,54,54,181.417,UPPER_25,S=181.228(1) R=185.3352(5),CORR GBP_JPY=+0.95,,,
2026-09-06T11:10:20.008402+00:00,GBP_JPY,WAIT,18,50,50,211.145,UPPER_25,S=210.59(2) R=214.49949999999998(4),CORR EUR_JPY=+0.95,,,
2026-09-06T11:10:20.008412+00:00,EUR_USD,WAIT,36,36,36,1.16122,UPPER_25,S=1.15811(2) R=1.16218(1),CORR USD_JPY=-0.40,,,
2026-09-06T11:16:15.666668+00:00,USD_JPY,WAIT,31,33,33,156.227,UPPER_MID,S=155.245(3) R=157.918(1),CORR EUR_JPY=+0.90,,,
2026-09-06T11:16:15.666683+00:00,EUR_JPY,WAIT,29,54,54,181.417,UPPER_25,S=181.228(1) R=185.3352(5),CORR GBP_JPY=+0.95,,,
2026-09-06T11:16:15.666690+00:00,GBP_JPY,WAIT,18,50,50,211.145,UPPER_25,S=210.59(2) R=214.49949999999998(4),CORR EUR_JPY=+0.95,,,
2026-09-06T11:16:15.666696+00:00,EUR_USD,WAIT,36,36,36,1.16122,UPPER_25,S=1.15811(2) R=1.16218(1),CORR USD_JPY=-0.40,,,
2026-09-06T11:22:13.989972+00:00,USD_JPY,WAIT,31,33,33,156.227,UPPER_MID,S=155.245(3) R=157.918(1),CORR EUR_JPY=+0.90,,,
2026-09-06T11:22:13.989994+00:00,EUR_JPY,WAIT,29,54,54,181.417,UPPER_25,S=181.228(1) R=185.3352(5),CORR GBP_JPY=+0.95,,,
2026-09-06T11:22:13.990006+00:00,GBP_JPY,WAIT,18,50,50,211.145,UPPER_25,S=210.59(2) R=214.49949999999998(4),CORR EUR_JPY=+0.95,,,
2026-09-06T11:22:13.990016+00:00,EUR_USD,WAIT,36,36,36,1.16122,UPPER_25,S=1.15811(2) R=1.16218(1),CORR USD_JPY=-0.40,,,
2026-09-06T11:28:06.741653+00:00,USD_JPY,WAIT,31,33,33,156.227,UPPER_MID,S=155.245(3) R=157.918(1),CORR EUR_JPY=+0.90,,,
2026-09-06T11:28:06.741673+00:00,EUR_JPY,WAIT,29,54,54,181.417,UPPER_25,S=181.228(1) R=185.3352(5),CORR GBP_JPY=+0.95,,,
2026-09-06T11:28:06.741690+00:00,GBP_JPY,WAIT,18,50,50,211.145,UPPER_25,S=210.59(2) R=214.49949999999998(4),CORR EUR_JPY=+0.95,,,
2026-09-06T11:28:06.741702+00:00,EUR_USD,WAIT,36,36,36,1.16122,UPPER_25,S=1.15811(2) R=1.16218(1),CORR USD_JPY=-0.40,,,
2026-09-06T11:34:02.174929+00:00,USD_JPY,WAIT,31,33,33,156.227,UPPER_MID,S=155.245(3) R=157.918(1),CORR EUR_JPY=+0.90,,,
2026-09-06T11:34:02.174944+00:00,EUR_JPY,WAIT,29,54,54,181.417,UPPER_25,S=181.228(1) R=185.3352(5),CORR GBP_JPY=+0.95,,,
2026-09-06T11:34:02.174951+00:00,GBP_JPY,WAIT,18,50,50,211.145,UPPER_25,S=210.59(2) R=214.49949999999998(4),CORR EUR_JPY=+0.95,,,
2026-09-06T11:34:02.174965+00:00,EUR_USD,WAIT,36,36,36,1.16122,UPPER_25,S=1.15811(2) R=1.16218(1),CORR USD_JPY=-0.40,,,
2026-09-06T11:35:03.377004+00:00,USD_JPY,WAIT,31,33,33,156.227,UPPER_MID,S=155.245(3) R=157.918(1),CORR EUR_JPY=+0.90,,,
2026-09-06T11:35:03.377027+00:00,EUR_JPY,WAIT,29,54,54,181.417,UPPER_25,S=181.228(1) R=185.3352(5),CORR GBP_JPY=+0.95,,,
2026-09-06T11:35:03.377039+00:00,GBP_JPY,WAIT,18,50,50,211.145,UPPER_25,S=210.59(2) R=214.49949999999998(4),CORR EUR_JPY=+0.95,,,
2026-09-06T11:35:03.377050+00:00,EUR_USD,WAIT,36,36,36,1.16122,UPPER_25,S=1.15811(2) R=1.16218(1),CORR USD_JPY=-0.40,,,
2026-09-06T11:40:46.466331+00:00,USD_JPY,WAIT,31,33,33,156.227,UPPER_MID,S=155.245(3) R=157.918(1),CORR EUR_JPY=+0.90,,,
2026-09-06T11:40:46.466352+00:00,EUR_JPY,WAIT,29,54,54,181.417,UPPER_25,S=181.228(1) R=185.3352(5),CORR GBP_JPY=+0.95,,,
2026-09-06T11:40:46.466363+00:00,GBP_JPY,WAIT,18,50,50,211.145,UPPER_25,S=210.59(2) R=214.49949999999998(4),CORR EUR_JPY=+0.95,,,
2026-09-06T11:40:46.466374+00:00,EUR_USD,WAIT,36,36,36,1.16122,UPPER_25,S=1.15811(2) R=1.16218(1),CORR USD_JPY=-0.40,,,
2026-09-06T11:46:28.232755+00:00,USD_JPY,WAIT,31,33,33,156.227,UPPER_MID,S=155.245(3) R=157.918(1),CORR EUR_JPY=+0.90,,,
2026-09-06T11:46:28.232779+00:00,EUR_JPY,WAIT,29,54,54,181.417,UPPER_25,S=181.228(1) R=185.3352(5),CORR GBP_JPY=+0.95,,,
2026-09-06T11:46:28.232810+00:00,GBP_JPY,WAIT,18,50,50,211.145,UPPER_25,S=210.59(2) R=214.49949999999998(4),CORR EUR_JPY=+0.95,,,
2026-09-06T11:46:28.232820+00:00,EUR_USD,WAIT,36,36,36,1.16122,UPPER_25,S=1.15811(2) R=1.16218(1),CORR USD_JPY=-0.40,,,
2026-09-06T11:52:11.619290+00:00,USD_JPY,WAIT,31,33,33,156.227,UPPER_MID,S=155.245(3) R=157.918(1),CORR EUR_JPY=+0.90,,,
2026-09-06T11:52:11.619315+00:00,EUR_JPY,WAIT,29,54,54,181.417,UPPER_25,S=181.228(1) R=185.3352(5),CORR GBP_JPY=+0.95,,,
2026-09-06T11:52:11.619327+00:00,GBP_JPY,WAIT,18,50,50,211.145,UPPER_25,S=210.59(2) R=214.49949999999998(4),CORR EUR_JPY=+0.95,,,
2026-09-06T11:52:11.619337+00:00,EUR_USD,WAIT,36,36,36,1.16122,UPPER_25,S=1.15811(2) R=1.16218(1),CORR USD_JPY=-0.40,,,
2026-09-06T11:57:53.028188+00:00,USD_JPY,WAIT,31,33,33,156.227,UPPER_MID,S=155.245(3) R=157.918(1),CORR EUR_JPY=+0.90,,,
2026-09-06T11:57:53.028212+00:00,EUR_JPY,WAIT,29,54,54,181.417,UPPER_25,S=181.228(1) R=185.3352(5),CORR GBP_JPY=+0.95,,,
2026-09-06T11:57:53.028227+00:00,GBP_JPY,WAIT,18,50,50,211.145,UPPER_25,S=210.59(2) R=214.49949999999998(4),CORR EUR_JPY=+0.95,,,
2026-09-06T11:57:53.028238+00:00,EUR_USD,WAIT,36,36,36,1.16122,UPPER_25,S=1.15811(2) R=1.16218(1),CORR USD_JPY=-0.40,,,
2026-09-06T12:03:36.070433+00:00,USD_JPY,WAIT,31,33,33,156.227,UPPER_MID,S=155.245(3) R=157.918(1),CORR EUR_JPY=+0.90,,,
2026-09-06T12:03:36.070460+00:00,EUR_JPY,WAIT,29,54,54,181.417,UPPER_25,S=181.228(1) R=185.3352(5),CORR GBP_JPY=+0.95,,,
2026-09-06T12:03:36.070473+00:00,GBP_JPY,WAIT,18,50,50,211.145,UPPER_25,S=210.59(2) R=214.49949999999998(4),CORR EUR_JPY=+0.95,,,
2026-09-06T12:03:36.070483+00:00,EUR_USD,WAIT,36,36,36,1.16122,UPPER_25,S=1.15811(2) R=1.16218(1),CORR USD_JPY=-0.40,,,
2026-09-06T12:09:18.046679+00:00,USD_JPY,WAIT,31,33,33,156.227,UPPER_MID,S=155.245(3) R=157.918(1),CORR EUR_JPY=+0.90,,,
2026-09-06T12:09:18.046694+00:00,EUR_JPY,WAIT,29,54,54,181.417,UPPER_25,S=181.228(1) R=185.3352(5),CORR GBP_JPY=+0.95,,,
2026-09-06T12:09:18.046701+00:00,GBP_JPY,WAIT,18,50,50,211.145,UPPER_25,S=210.59(2) R=214.49949999999998(4),CORR EUR_JPY=+0.95,,,
2026-09-06T12:09:18.046708+00:00,EUR_USD,WAIT,36,36,36,1.16122,UPPER_25,S=1.15811(2) R=1.16218(1),CORR USD_JPY=-0.40,,,
2026-09-06T12:15:01.171685+00:00,USD_JPY,WAIT,31,33,33,156.227,UPPER_MID,S=155.245(3) R=157.918(1),CORR EUR_JPY=+0.90,,,
2026-09-06T12:15:01.171707+00:00,EUR_JPY,WAIT,29,54,54,181.417,UPPER_25,S=181.228(1) R=185.3352(5),CORR GBP_JPY=+0.95,,,
2026-09-06T12:15:01.171720+00:00,GBP_JPY,WAIT,18,50,50,211.145,UPPER_25,S=210.59(2) R=214.49949999999998(4),CORR EUR_JPY=+0.95,,,
2026-09-06T12:15:01.171730+00:00,EUR_USD,WAIT,36,36,36,1.16122,UPPER_25,S=1.15811(2) R=1.16218(1),CORR USD_JPY=-0.40,,,
2026-09-06T12:20:42.584157+00:00,USD_JPY,WAIT,31,33,33,156.227,UPPER_MID,S=155.245(3) R=157.918(1),CORR EUR_JPY=+0.90,,,
2026-09-06T12:20:42.584181+00:00,EUR_JPY,WAIT,29,54,54,181.417,UPPER_25,S=181.228(1) R=185.3352(5),CORR GBP_JPY=+0.95,,,
2026-09-06T12:20:42.584193+00:00,GBP_JPY,WAIT,18,50,50,211.145,UPPER_25,S=210.59(2) R=214.49949999999998(4),CORR EUR_JPY=+0.95,,,
2026-09-06T12:20:42.584204+00:00,EUR_USD,WAIT,36,36,36,1.16122,UPPER_25,S=1.15811(2) R=1.16218(1),CORR USD_JPY=-0.40,,,
2026-09-06T12:26:24.433385+00:00,USD_JPY,WAIT,31,33,33,156.227,UPPER_MID,S=155.245(3) R=157.918(1),CORR EUR_JPY=+0.90,,,
2026-09-06T12:26:24.433403+00:00,EUR_JPY,WAIT,29,54,54,181.417,UPPER_25,S=181.228(1) R=185.3352(5),CORR GBP_JPY=+0.95,,,
2026-09-06T12:26:24.433422+00:00,GBP_JPY,WAIT,18,50,50,211.145,UPPER_25,S=210.59(2) R=214.49949999999998(4),CORR EUR_JPY=+0.95,,,
2026-09-06T12:26:24.433434+00:00,EUR_USD,WAIT,36,36,36,1.16122,UPPER_25,S=1.15811(2) R=1.16218(1),CORR USD_JPY=-0.40,,,
2026-09-06T12:32:07.974018+00:00,USD_JPY,WAIT,31,33,33,156.227,UPPER_MID,S=155.245(3) R=157.918(1),CORR EUR_JPY=+0.90,,,
2026-09-06T12:32:07.974034+00:00,EUR_JPY,WAIT,29,54,54,181.417,UPPER_25,S=181.228(1) R=185.3352(5),CORR GBP_JPY=+0.95,,,
2026-09-06T12:32:07.974048+00:00,GBP_JPY,WAIT,18,50,50,211.145,UPPER_25,S=210.59(2) R=214.49949999999998(4),CORR EUR_JPY=+0.95,,,
2026-09-06T12:32:07.974060+00:00,EUR_USD,WAIT,36,36,36,1.16122,UPPER_25,S=1.15811(2) R=1.16218(1),CORR USD_JPY=-0.40,,,
2026-09-06T12:37:49.432856+00:00,USD_JPY,WAIT,31,33,33,156.227,UPPER_MID,S=155.245(3) R=157.918(1),CORR EUR_JPY=+0.90,,,
2026-09-06T12:37:49.432881+00:00,EUR_JPY,WAIT,29,54,54,181.417,UPPER_25,S=181.228(1) R=185.3352(5),CORR GBP_JPY=+0.95,,,
2026-09-06T12:37:49.432894+00:00,GBP_JPY,WAIT,18,50,50,211.145,UPPER_25,S=210.59(2) R=214.49949999999998(4),CORR EUR_JPY=+0.95,,,
2026-09-06T12:37:49.432904+00:00,EUR_USD,WAIT,36,36,36,1.16122,UPPER_25,S=1.15811(2) R=1.16218(1),CORR USD_JPY=-0.40,,,
2026-09-06T12:39:10.429704+00:00,USD_JPY,WAIT,31,33,33,156.227,UPPER_MID,S=155.245(3) R=157.918(1),CORR EUR_JPY=+0.90,,,
2026-09-06T12:39:10.429727+00:00,EUR_JPY,WAIT,29,54,54,181.417,UPPER_25,S=181.228(1) R=185.3352(5),CORR GBP_JPY=+0.95,,,
2026-09-06T12:39:10.429734+00:00,GBP_JPY,WAIT,18,50,50,211.145,UPPER_25,S=210.59(2) R=214.49949999999998(4),CORR EUR_JPY=+0.95,,,
2026-09-06T12:39:10.429740+00:00,EUR_USD,WAIT,36,36,36,1.16122,UPPER_25,S=1.15811(2) R=1.16218(1),CORR USD_JPY=-0.40,,,
2026-09-06T12:45:00.132683+00:00,USD_JPY,WAIT,31,33,33,156.227,UPPER_MID,S=155.245(3) R=157.918(1),CORR EUR_JPY=+0.90,,,
2026-09-06T12:45:00.132698+00:00,EUR_JPY,WAIT,29,54,54,181.417,UPPER_25,S=181.228(1) R=185.3352(5),CORR GBP_JPY=+0.95,,,
2026-09-06T12:45:00.132704+00:00,GBP_JPY,WAIT,18,50,50,211.145,UPPER_25,S=210.59(2) R=214.49949999999998(4),CORR EUR_JPY=+0.95,,,
2026-09-06T12:45:00.132708+00:00,EUR_USD,WAIT,36,36,36,1.16122,UPPER_25,S=1.15811(2) R=1.16218(1),CORR USD_JPY=-0.40,,,
2026-09-06T12:50:49.972347+00:00,USD_JPY,WAIT,31,33,33,156.227,UPPER_MID,S=155.245(3) R=157.918(1),CORR EUR_JPY=+0.90,,,
2026-09-06T12:50:49.972364+00:00,EUR_JPY,WAIT,29,54,54,181.417,UPPER_25,S=181.228(1) R=185.3352(5),CORR GBP_JPY=+0.95,,,
2026-09-06T12:50:49.972369+00:00,GBP_JPY,WAIT,18,50,50,211.145,UPPER_25,S=210.59(2) R=214.49949999999998(4),CORR EUR_JPY=+0.95,,,
2026-09-06T12:50:49.972375+00:00,EUR_USD,WAIT,36,36,36,1.16122,UPPER_25,S=1.15811(2) R=1.16218(1),CORR USD_JPY=-0.40,,,
2026-09-06T12:56:44.859682+00:00,USD_JPY,WAIT,31,33,33,156.227,UPPER_MID,S=155.245(3) R=157.918(1),CORR EUR_JPY=+0.90,,,
2026-09-06T12:56:44.859699+00:00,EUR_JPY,WAIT,29,54,54,181.417,UPPER_25,S=181.228(1) R=185.3352(5),CORR GBP_JPY=+0.95,,,
2026-09-06T12:56:44.859705+00:00,GBP_JPY,WAIT,18,50,50,211.145,UPPER_25,S=210.59(2) R=214.49949999999998(4),CORR EUR_JPY=+0.95,,,
2026-09-06T12:56:44.859709+00:00,EUR_USD,WAIT,36,36,36,1.16122,UPPER_25,S=1.15811(2) R=1.16218(1),CORR USD_JPY=-0.40,,,
2026-09-06T13:02:39.409295+00:00,USD_JPY,WAIT,31,33,33,156.227,UPPER_MID,S=155.245(3) R=157.918(1),CORR EUR_JPY=+0.90,,,
2026-09-06T13:02:39.409311+00:00,EUR_JPY,WAIT,29,54,54,181.417,UPPER_25,S=181.228(1) R=185.3352(5),CORR GBP_JPY=+0.95,,,
2026-09-06T13:02:39.409316+00:00,GBP_JPY,WAIT,18,50,50,211.145,UPPER_25,S=210.59(2) R=214.49949999999998(4),CORR EUR_JPY=+0.95,,,
2026-09-06T13:02:39.409321+00:00,EUR_USD,WAIT,36,36,36,1.16122,UPPER_25,S=1.15811(2) R=1.16218(1),CORR USD_JPY=-0.40,,,
2026-09-06T13:08:30.014291+00:00,USD_JPY,WAIT,31,33,33,156.227,UPPER_MID,S=155.245(3) R=157.918(1),CORR EUR_JPY=+0.90,,,
2026-09-06T13:08:30.014311+00:00,EUR_JPY,WAIT,29,54,54,181.417,UPPER_25,S=181.228(1) R=185.3352(5),CORR GBP_JPY=+0.95,,,
2026-09-06T13:08:30.014317+00:00,GBP_JPY,WAIT,18,50,50,211.145,UPPER_25,S=210.59(2) R=214.49949999999998(4),CORR EUR_JPY=+0.95,,,
2026-09-06T13:08:30.014323+00:00,EUR_USD,WAIT,36,36,36,1.16122,UPPER_25,S=1.15811(2) R=1.16218(1),CORR USD_JPY=-0.40,,,
2026-09-06T13:14:20.226804+00:00,USD_JPY,WAIT,31,33,33,156.227,UPPER_MID,S=155.245(3) R=157.918(1),CORR EUR_JPY=+0.90,,,
2026-09-06T13:14:20.226829+00:00,EUR_JPY,WAIT,29,54,54,181.417,UPPER_25,S=181.228(1) R=185.3352(5),CORR GBP_JPY=+0.95,,,
2026-09-06T13:14:20.226839+00:00,GBP_JPY,WAIT,18,50,50,211.145,UPPER_25,S=210.59(2) R=214.49949999999998(4),CORR EUR_JPY=+0.95,,,
2026-09-06T13:14:20.226845+00:00,EUR_USD,WAIT,36,36,36,1.16122,UPPER_25,S=1.15811(2) R=1.16218(1),CORR USD_JPY=-0.40,,,
2026-09-06T13:20:10.715936+00:00,USD_JPY,WAIT,31,33,33,156.227,UPPER_MID,S=155.245(3) R=157.918(1),CORR EUR_JPY=+0.90,,,
2026-09-06T13:20:10.715951+00:00,EUR_JPY,WAIT,29,54,54,181.417,UPPER_25,S=181.228(1) R=185.3352(5),CORR GBP_JPY=+0.95,,,
2026-09-06T13:20:10.715957+00:00,GBP_JPY,WAIT,18,50,50,211.145,UPPER_25,S=210.59(2) R=214.49949999999998(4),CORR EUR_JPY=+0.95,,,
2026-09-06T13:20:10.715961+00:00,EUR_USD,WAIT,36,36,36,1.16122,UPPER_25,S=1.15811(2) R=1.16218(1),CORR USD_JPY=-0.40,,,
2026-09-06T13:26:01.702374+00:00,USD_JPY,WAIT,31,33,33,156.227,UPPER_MID,S=155.245(3) R=157.918(1),CORR EUR_JPY=+0.90,,,
2026-09-06T13:26:01.702390+00:00,EUR_JPY,WAIT,29,54,54,181.417,UPPER_25,S=181.228(1) R=185.3352(5),CORR GBP_JPY=+0.95,,,
2026-09-06T13:26:01.702396+00:00,GBP_JPY,WAIT,18,50,50,211.145,UPPER_25,S=210.59(2) R=214.49949999999998(4),CORR EUR_JPY=+0.95,,,
2026-09-06T13:26:01.702400+00:00,EUR_USD,WAIT,36,36,36,1.16122,UPPER_25,S=1.15811(2) R=1.16218(1),CORR USD_JPY=-0.40,,,
2026-09-06T13:31:52.260914+00:00,USD_JPY,WAIT,31,33,33,156.227,UPPER_MID,S=155.245(3) R=157.918(1),CORR EUR_JPY=+0.90,,,
2026-09-06T13:31:52.260934+00:00,EUR_JPY,WAIT,29,54,54,181.417,UPPER_25,S=181.228(1) R=185.3352(5),CORR GBP_JPY=+0.95,,,
2026-09-06T13:31:52.260940+00:00,GBP_JPY,WAIT,18,50,50,211.145,UPPER_25,S=210.59(2) R=214.49949999999998(4),CORR EUR_JPY=+0.95,,,
2026-09-06T13:31:52.260946+00:00,EUR_USD,WAIT,36,36,36,1.16122,UPPER_25,S=1.15811(2) R=1.16218(1),CORR USD_JPY=-0.40,,,
2026-09-06T13:37:43.161632+00:00,USD_JPY,WAIT,31,33,33,156.227,UPPER_MID,S=155.245(3) R=157.918(1),CORR EUR_JPY=+0.90,,,
2026-09-06T13:37:43.161652+00:00,EUR_JPY,WAIT,29,54,54,181.417,UPPER_25,S=181.228(1) R=185.3352(5),CORR GBP_JPY=+0.95,,,
2026-09-06T13:37:43.161660+00:00,GBP_JPY,WAIT,18,50,50,211.145,UPPER_25,S=210.59(2) R=214.49949999999998(4),CORR EUR_JPY=+0.95,,,
2026-09-06T13:37:43.161667+00:00,EUR_USD,WAIT,36,36,36,1.16122,UPPER_25,S=1.15811(2) R=1.16218(1),CORR USD_JPY=-0.40,,,
2026-09-06T13:43:34.393316+00:00,USD_JPY,WAIT,31,33,33,156.227,UPPER_MID,S=155.245(3) R=157.918(1),CORR EUR_JPY=+0.90,,,
2026-09-06T13:43:34.393338+00:00,EUR_JPY,WAIT,29,54,54,181.417,UPPER_25,S=181.228(1) R=185.3352(5),CORR GBP_JPY=+0.95,,,
2026-09-06T13:43:34.393345+00:00,GBP_JPY,WAIT,18,50,50,211.145,UPPER_25,S=210.59(2) R=214.49949999999998(4),CORR EUR_JPY=+0.95,,,
2026-09-06T13:43:34.393351+00:00,EUR_USD,WAIT,36,36,36,1.16122,UPPER_25,S=1.15811(2) R=1.16218(1),CORR USD_JPY=-0.40,,,
2026-09-06T13:44:52.715448+00:00,USD_JPY,WAIT,31,33,33,156.227,UPPER_MID,S=155.245(3) R=157.918(1),CORR EUR_JPY=+0.90,,,
2026-09-06T13:44:52.715463+00:00,EUR_JPY,WAIT,29,54,54,181.417,UPPER_25,S=181.228(1) R=185.3352(5),CORR GBP_JPY=+0.95,,,
2026-09-06T13:44:52.715471+00:00,GBP_JPY,WAIT,18,50,50,211.145,UPPER_25,S=210.59(2) R=214.49949999999998(4),CORR EUR_JPY=+0.95,,,
2026-09-06T13:44:52.715476+00:00,EUR_USD,WAIT,36,36,36,1.16122,UPPER_25,S=1.15811(2) R=1.16218(1),CORR USD_JPY=-0.40,,,
2026-09-06T13:50:47.298812+00:00,USD_JPY,WAIT,31,33,33,156.227,UPPER_MID,S=155.245(3) R=157.918(1),CORR EUR_JPY=+0.90,,,
2026-09-06T13:50:47.298833+00:00,EUR_JPY,WAIT,29,54,54,181.417,UPPER_25,S=181.228(1) R=185.3352(5),CORR GBP_JPY=+0.95,,,
2026-09-06T13:50:47.298843+00:00,GBP_JPY,WAIT,18,50,50,211.145,UPPER_25,S=210.59(2) R=214.49949999999998(4),CORR EUR_JPY=+0.95,,,
2026-09-06T13:50:47.298853+00:00,EUR_USD,WAIT,36,36,36,1.16122,UPPER_25,S=1.15811(2) R=1.16218(1),CORR USD_JPY=-0.40,,,
2026-09-06T13:56:39.472018+00:00,USD_JPY,WAIT,31,33,33,156.227,UPPER_MID,S=155.245(3) R=157.918(1),CORR EUR_JPY=+0.90,,,
2026-09-06T13:56:39.472042+00:00,EUR_JPY,WAIT,29,54,54,181.417,UPPER_25,S=181.228(1) R=185.3352(5),CORR GBP_JPY=+0.95,,,
2026-09-06T13:56:39.472053+00:00,GBP_JPY,WAIT,18,50,50,211.145,UPPER_25,S=210.59(2) R=214.49949999999998(4),CORR EUR_JPY=+0.95,,,
2026-09-06T13:56:39.472064+00:00,EUR_USD,WAIT,36,36,36,1.16122,UPPER_25,S=1.15811(2) R=1.16218(1),CORR USD_JPY=-0.40,,,
2026-09-06T14:02:31.317818+00:00,USD_JPY,WAIT,31,33,33,156.227,UPPER_MID,S=155.245(3) R=157.918(1),CORR EUR_JPY=+0.90,,,
2026-09-06T14:02:31.317843+00:00,EUR_JPY,WAIT,29,54,54,181.417,UPPER_25,S=181.228(1) R=185.3352(5),CORR GBP_JPY=+0.95,,,
2026-09-06T14:02:31.317855+00:00,GBP_JPY,WAIT,18,50,50,211.145,UPPER_25,S=210.59(2) R=214.49949999999998(4),CORR EUR_JPY=+0.95,,,
2026-09-06T14:02:31.317866+00:00,EUR_USD,WAIT,36,36,36,1.16122,UPPER_25,S=1.15811(2) R=1.16218(1),CORR USD_JPY=-0.40,,,
2026-09-06T14:08:27.324523+00:00,USD_JPY,WAIT,31,33,33,156.227,UPPER_MID,S=155.245(3) R=157.918(1),CORR EUR_JPY=+0.90,,,
2026-09-06T14:08:27.324546+00:00,EUR_JPY,WAIT,29,54,54,181.417,UPPER_25,S=181.228(1) R=185.3352(5),CORR GBP_JPY=+0.95,,,
2026-09-06T14:08:27.324557+00:00,GBP_JPY,WAIT,18,50,50,211.145,UPPER_25,S=210.59(2) R=214.49949999999998(4),CORR EUR_JPY=+0.95,,,
2026-09-06T14:08:27.324567+00:00,EUR_USD,WAIT,36,36,36,1.16122,UPPER_25,S=1.15811(2) R=1.16218(1),CORR USD_JPY=-0.40,,,
2026-09-06T14:14:20.621399+00:00,USD_JPY,WAIT,31,33,33,156.227,UPPER_MID,S=155.245(3) R=157.918(1),CORR EUR_JPY=+0.90,,,
2026-09-06T14:14:20.621425+00:00,EUR_JPY,WAIT,29,54,54,181.417,UPPER_25,S=181.228(1) R=185.3352(5),CORR GBP_JPY=+0.95,,,
2026-09-06T14:14:20.621437+00:00,GBP_JPY,WAIT,18,50,50,211.145,UPPER_25,S=210.59(2) R=214.49949999999998(4),CORR EUR_JPY=+0.95,,,
2026-09-06T14:14:20.621447+00:00,EUR_USD,WAIT,36,36,36,1.16122,UPPER_25,S=1.15811(2) R=1.16218(1),CORR USD_JPY=-0.40,,,
2026-09-06T14:20:13.068907+00:00,USD_JPY,WAIT,31,33,33,156.227,UPPER_MID,S=155.245(3) R=157.918(1),CORR EUR_JPY=+0.90,,,
2026-09-06T14:20:13.068924+00:00,EUR_JPY,WAIT,29,54,54,181.417,UPPER_25,S=181.228(1) R=185.3352(5),CORR GBP_JPY=+0.95,,,
2026-09-06T14:20:13.068932+00:00,GBP_JPY,WAIT,18,50,50,211.145,UPPER_25,S=210.59(2) R=214.49949999999998(4),CORR EUR_JPY=+0.95,,,
2026-09-06T14:20:13.068938+00:00,EUR_USD,WAIT,36,36,36,1.16122,UPPER_25,S=1.15811(2) R=1.16218(1),CORR USD_JPY=-0.40,,,
2026-09-06T14:26:07.536659+00:00,USD_JPY,WAIT,31,33,33,156.227,UPPER_MID,S=155.245(3) R=157.918(1),CORR EUR_JPY=+0.90,,,
2026-09-06T14:26:07.536681+00:00,EUR_JPY,WAIT,29,54,54,181.417,UPPER_25,S=181.228(1) R=185.3352(5),CORR GBP_JPY=+0.95,,,
2026-09-06T14:26:07.536693+00:00,GBP_JPY,WAIT,18,50,50,211.145,UPPER_25,S=210.59(2) R=214.49949999999998(4),CORR EUR_JPY=+0.95,,,
2026-09-06T14:26:07.536705+00:00,EUR_USD,WAIT,36,36,36,1.16122,UPPER_25,S=1.15811(2) R=1.16218(1),CORR USD_JPY=-0.40,,,
2026-09-06T14:32:01.170358+00:00,USD_JPY,WAIT,31,33,33,156.227,UPPER_MID,S=155.245(3) R=157.918(1),CORR EUR_JPY=+0.90,,,
2026-09-06T14:32:01.170381+00:00,EUR_JPY,WAIT,29,54,54,181.417,UPPER_25,S=181.228(1) R=185.3352(5),CORR GBP_JPY=+0.95,,,
2026-09-06T14:32:01.170394+00:00,GBP_JPY,WAIT,18,50,50,211.145,UPPER_25,S=210.59(2) R=214.49949999999998(4),CORR EUR_JPY=+0.95,,,
2026-09-06T14:32:01.170404+00:00,EUR_USD,WAIT,36,36,36,1.16122,UPPER_25,S=1.15811(2) R=1.16218(1),CORR USD_JPY=-0.40,,,
2026-09-06T14:37:55.058707+00:00,USD_JPY,WAIT,31,33,33,156.227,UPPER_MID,S=155.245(3) R=157.918(1),CORR EUR_JPY=+0.90,,,
2026-09-06T14:37:55.058730+00:00,EUR_JPY,WAIT,29,54,54,181.417,UPPER_25,S=181.228(1) R=185.3352(5),CORR GBP_JPY=+0.95,,,
2026-09-06T14:37:55.058743+00:00,GBP_JPY,WAIT,18,50,50,211.145,UPPER_25,S=210.59(2) R=214.49949999999998(4),CORR EUR_JPY=+0.95,,,
2026-09-06T14:37:55.058752+00:00,EUR_USD,WAIT,36,36,36,1.16122,UPPER_25,S=1.15811(2) R=1.16218(1),CORR USD_JPY=-0.40,,,
2026-09-06T14:44:02.945396+00:00,USD_JPY,WAIT,31,33,33,156.227,UPPER_MID,S=155.245(3) R=157.918(1),CORR EUR_JPY=+0.90,,,
2026-09-06T14:44:02.945419+00:00,EUR_JPY,WAIT,29,54,54,181.417,UPPER_25,S=181.228(1) R=185.3352(5),CORR GBP_JPY=+0.95,,,
2026-09-06T14:44:02.945431+00:00,GBP_JPY,WAIT,18,50,50,211.145,UPPER_25,S=210.59(2) R=214.49949999999998(4),CORR EUR_JPY=+0.95,,,
2026-09-06T14:44:02.945441+00:00,EUR_USD,WAIT,36,36,36,1.16122,UPPER_25,S=1.15811(2) R=1.16218(1),CORR USD_JPY=-0.40,,,
2026-09-06T14:49:55.285575+00:00,USD_JPY,WAIT,31,33,33,156.227,UPPER_MID,S=155.245(3) R=157.918(1),CORR EUR_JPY=+0.90,,,
2026-09-06T14:49:55.285606+00:00,EUR_JPY,WAIT,29,54,54,181.417,UPPER_25,S=181.228(1) R=185.3352(5),CORR GBP_JPY=+0.95,,,
2026-09-06T14:49:55.285619+00:00,GBP_JPY,WAIT,18,50,50,211.145,UPPER_25,S=210.59(2) R=214.49949999999998(4),CORR EUR_JPY=+0.95,,,
2026-09-06T14:49:55.285630+00:00,EUR_USD,WAIT,36,36,36,1.16122,UPPER_25,S=1.15811(2) R=1.16218(1),CORR USD_JPY=-0.40,,,
2026-09-06T14:51:13.261329+00:00,USD_JPY,WAIT,31,33,33,156.227,UPPER_MID,S=155.245(3) R=157.918(1),CORR EUR_JPY=+0.90,,,
2026-09-06T14:51:13.261352+00:00,EUR_JPY,WAIT,29,54,54,181.417,UPPER_25,S=181.228(1) R=185.3352(5),CORR GBP_JPY=+0.95,,,
2026-09-06T14:51:13.261361+00:00,GBP_JPY,WAIT,18,50,50,211.145,UPPER_25,S=210.59(2) R=214.49949999999998(4),CORR EUR_JPY=+0.95,,,
2026-09-06T14:51:13.261367+00:00,EUR_USD,WAIT,36,36,36,1.16122,UPPER_25,S=1.15811(2) R=1.16218(1),CORR USD_JPY=-0.40,,,
2026-09-06T14:57:14.596421+00:00,USD_JPY,WAIT,31,33,33,156.227,UPPER_MID,S=155.245(3) R=157.918(1),CORR EUR_JPY=+0.90,,,
2026-09-06T14:57:14.596442+00:00,EUR_JPY,WAIT,29,54,54,181.417,UPPER_25,S=181.228(1) R=185.3352(5),CORR GBP_JPY=+0.95,,,
2026-09-06T14:57:14.596449+00:00,GBP_JPY,WAIT,18,50,50,211.145,UPPER_25,S=210.59(2) R=214.49949999999998(4),CORR EUR_JPY=+0.95,,,
2026-09-06T14:57:14.596456+00:00,EUR_USD,WAIT,36,36,36,1.16122,UPPER_25,S=1.15811(2) R=1.16218(1),CORR USD_JPY=-0.40,,,
2026-09-06T15:03:14.384039+00:00,USD_JPY,WAIT,31,33,33,156.227,UPPER_MID,S=155.245(3) R=157.918(1),CORR EUR_JPY=+0.90,,,
2026-09-06T15:03:14.384054+00:00,EUR_JPY,WAIT,29,54,54,181.417,UPPER_25,S=181.228(1) R=185.3352(5),CORR GBP_JPY=+0.95,,,
2026-09-06T15:03:14.384060+00:00,GBP_JPY,WAIT,18,50,50,211.145,UPPER_25,S=210.59(2) R=214.49949999999998(4),CORR EUR_JPY=+0.95,,,
2026-09-06T15:03:14.384065+00:00,EUR_USD,WAIT,36,36,36,1.16122,UPPER_25,S=1.15811(2) R=1.16218(1),CORR USD_JPY=-0.40,,,
2026-09-06T15:09:13.181309+00:00,USD_JPY,WAIT,31,33,33,156.227,UPPER_MID,S=155.245(3) R=157.918(1),CORR EUR_JPY=+0.90,,,
2026-09-06T15:09:13.181326+00:00,EUR_JPY,WAIT,29,54,54,181.417,UPPER_25,S=181.228(1) R=185.3352(5),CORR GBP_JPY=+0.95,,,
2026-09-06T15:09:13.181332+00:00,GBP_JPY,WAIT,18,50,50,211.145,UPPER_25,S=210.59(2) R=214.49949999999998(4),CORR EUR_JPY=+0.95,,,
2026-09-06T15:09:13.181337+00:00,EUR_USD,WAIT,36,36,36,1.16122,UPPER_25,S=1.15811(2) R=1.16218(1),CORR USD_JPY=-0.40,,,
2026-09-06T15:15:10.150663+00:00,USD_JPY,WAIT,31,33,33,156.227,UPPER_MID,S=155.245(3) R=157.918(1),CORR EUR_JPY=+0.90,,,
2026-09-06T15:15:10.150680+00:00,EUR_JPY,WAIT,29,54,54,181.417,UPPER_25,S=181.228(1) R=185.3352(5),CORR GBP_JPY=+0.95,,,
2026-09-06T15:15:10.150686+00:00,GBP_JPY,WAIT,18,50,50,211.145,UPPER_25,S=210.59(2) R=214.49949999999998(4),CORR EUR_JPY=+0.95,,,
2026-09-06T15:15:10.150691+00:00,EUR_USD,WAIT,36,36,36,1.16122,UPPER_25,S=1.15811(2) R=1.16218(1),CORR USD_JPY=-0.40,,,
2026-09-06T15:21:06.251956+00:00,USD_JPY,WAIT,31,33,33,156.227,UPPER_MID,S=155.245(3) R=157.918(1),CORR EUR_JPY=+0.90,,,
2026-09-06T15:21:06.251977+00:00,EUR_JPY,WAIT,29,54,54,181.417,UPPER_25,S=181.228(1) R=185.3352(5),CORR GBP_JPY=+0.95,,,
2026-09-06T15:21:06.251985+00:00,GBP_JPY,WAIT,18,50,50,211.145,UPPER_25,S=210.59(2) R=214.49949999999998(4),CORR EUR_JPY=+0.95,,,
2026-09-06T15:21:06.251991+00:00,EUR_USD,WAIT,36,36,36,1.16122,UPPER_25,S=1.15811(2) R=1.16218(1),CORR USD_JPY=-0.40,,,
2026-09-06T15:27:06.238296+00:00,USD_JPY,WAIT,31,33,33,156.227,UPPER_MID,S=155.245(3) R=157.918(1),CORR EUR_JPY=+0.90,,,
2026-09-06T15:27:06.238312+00:00,EUR_JPY,WAIT,29,54,54,181.417,UPPER_25,S=181.228(1) R=185.3352(5),CORR GBP_JPY=+0.95,,,
2026-09-06T15:27:06.238318+00:00,GBP_JPY,WAIT,18,50,50,211.145,UPPER_25,S=210.59(2) R=214.49949999999998(4),CORR EUR_JPY=+0.95,,,
2026-09-06T15:27:06.238323+00:00,EUR_USD,WAIT,36,36,36,1.16122,UPPER_25,S=1.15811(2) R=1.16218(1),CORR USD_JPY=-0.40,,,
2026-09-06T15:33:00.917072+00:00,USD_JPY,WAIT,31,33,33,156.227,UPPER_MID,S=155.245(3) R=157.918(1),CORR EUR_JPY=+0.90,,,
2026-09-06T15:33:00.917099+00:00,EUR_JPY,WAIT,29,54,54,181.417,UPPER_25,S=181.228(1) R=185.3352(5),CORR GBP_JPY=+0.95,,,
2026-09-06T15:33:00.917106+00:00,GBP_JPY,WAIT,18,50,50,211.145,UPPER_25,S=210.59(2) R=214.49949999999998(4),CORR EUR_JPY=+0.95,,,
2026-09-06T15:33:00.917112+00:00,EUR_USD,WAIT,36,36,36,1.16122,UPPER_25,S=1.15811(2) R=1.16218(1),CORR USD_JPY=-0.40,,,
2026-09-06T15:38:56.314116+00:00,USD_JPY,WAIT,31,33,33,156.227,UPPER_MID,S=155.245(3) R=157.918(1),CORR EUR_JPY=+0.90,,,
2026-09-06T15:38:56.314133+00:00,EUR_JPY,WAIT,29,54,54,181.417,UPPER_25,S=181.228(1) R=185.3352(5),CORR GBP_JPY=+0.95,,,
2026-09-06T15:38:56.314139+00:00,GBP_JPY,WAIT,18,50,50,211.145,UPPER_25,S=210.59(2) R=214.49949999999998(4),CORR EUR_JPY=+0.95,,,
2026-09-06T15:38:56.314144+00:00,EUR_USD,WAIT,36,36,36,1.16122,UPPER_25,S=1.15811(2) R=1.16218(1),CORR USD_JPY=-0.40,,,
2026-09-06T15:44:54.396664+00:00,USD_JPY,WAIT,31,33,33,156.227,UPPER_MID,S=155.245(3) R=157.918(1),CORR EUR_JPY=+0.90,,,
2026-09-06T15:44:54.396681+00:00,EUR_JPY,WAIT,29,54,54,181.417,UPPER_25,S=181.228(1) R=185.3352(5),CORR GBP_JPY=+0.95,,,
2026-09-06T15:44:54.396687+00:00,GBP_JPY,WAIT,18,50,50,211.145,UPPER_25,S=210.59(2) R=214.49949999999998(4),CORR EUR_JPY=+0.95,,,
2026-09-06T15:44:54.396692+00:00,EUR_USD,WAIT,36,36,36,1.16122,UPPER_25,S=1.15811(2) R=1.16218(1),CORR USD_JPY=-0.40,,,
2026-09-06T15:50:52.191941+00:00,USD_JPY,WAIT,31,33,33,156.227,UPPER_MID,S=155.245(3) R=157.918(1),CORR EUR_JPY=+0.90,,,
2026-09-06T15:50:52.191958+00:00,EUR_JPY,WAIT,29,54,54,181.417,UPPER_25,S=181.228(1) R=185.3352(5),CORR GBP_JPY=+0.95,,,
2026-09-06T15:50:52.191964+00:00,GBP_JPY,WAIT,18,50,50,211.145,UPPER_25,S=210.59(2) R=214.49949999999998(4),CORR EUR_JPY=+0.95,,,
2026-09-06T15:50:52.191969+00:00,EUR_USD,WAIT,36,36,36,1.16122,UPPER_25,S=1.15811(2) R=1.16218(1),CORR USD_JPY=-0.40,,,
2026-09-06T15:56:52.584669+00:00,USD_JPY,WAIT,31,33,33,156.227,UPPER_MID,S=155.245(3) R=157.918(1),CORR EUR_JPY=+0.90,,,
2026-09-06T15:56:52.584690+00:00,EUR_JPY,WAIT,29,54,54,181.417,UPPER_25,S=181.228(1) R=185.3352(5),CORR GBP_JPY=+0.95,,,
2026-09-06T15:56:52.584698+00:00,GBP_JPY,WAIT,18,50,50,211.145,UPPER_25,S=210.59(2) R=214.49949999999998(4),CORR EUR_JPY=+0.95,,,
2026-09-06T15:56:52.584705+00:00,EUR_USD,WAIT,36,36,36,1.16122,UPPER_25,S=1.15811(2) R=1.16218(1),CORR USD_JPY=-0.40,,,
2026-09-06T15:58:00.977860+00:00,USD_JPY,WAIT,31,33,33,156.227,UPPER_MID,S=155.245(3) R=157.918(1),CORR EUR_JPY=+0.90,,,
2026-09-06T15:58:00.977883+00:00,EUR_JPY,WAIT,29,54,54,181.417,UPPER_25,S=181.228(1) R=185.3352(5),CORR GBP_JPY=+0.95,,,
2026-09-06T15:58:00.977892+00:00,GBP_JPY,WAIT,18,50,50,211.145,UPPER_25,S=210.59(2) R=214.49949999999998(4),CORR EUR_JPY=+0.95,,,
2026-09-06T15:58:00.977906+00:00,EUR_USD,WAIT,36,36,36,1.16122,UPPER_25,S=1.15811(2) R=1.16218(1),CORR USD_JPY=-0.40,,,
2026-09-06T16:03:50.498779+00:00,USD_JPY,WAIT,31,33,33,156.227,UPPER_MID,S=155.245(3) R=157.918(1),CORR EUR_JPY=+0.90,,,
2026-09-06T16:03:50.498800+00:00,EUR_JPY,WAIT,29,54,54,181.417,UPPER_25,S=181.228(1) R=185.3352(5),CORR GBP_JPY=+0.95,,,
2026-09-06T16:03:50.498810+00:00,GBP_JPY,WAIT,18,50,50,211.145,UPPER_25,S=210.59(2) R=214.49949999999998(4),CORR EUR_JPY=+0.95,,,
2026-09-06T16:03:50.498819+00:00,EUR_USD,WAIT,36,36,36,1.16122,UPPER_25,S=1.15811(2) R=1.16218(1),CORR USD_JPY=-0.40,,,
2026-09-06T16:09:38.600127+00:00,USD_JPY,WAIT,31,33,33,156.227,UPPER_MID,S=155.245(3) R=157.918(1),CORR EUR_JPY=+0.90,,,
2026-09-06T16:09:38.600148+00:00,EUR_JPY,WAIT,29,54,54,181.417,UPPER_25,S=181.228(1) R=185.3352(5),CORR GBP_JPY=+0.95,,,
2026-09-06T16:09:38.600158+00:00,GBP_JPY,WAIT,18,50,50,211.145,UPPER_25,S=210.59(2) R=214.49949999999998(4),CORR EUR_JPY=+0.95,,,
2026-09-06T16:09:38.600166+00:00,EUR_USD,WAIT,36,36,36,1.16122,UPPER_25,S=1.15811(2) R=1.16218(1),CORR USD_JPY=-0.40,,,
2026-09-06T16:15:30.112621+00:00,USD_JPY,WAIT,31,33,33,156.227,UPPER_MID,S=155.245(3) R=157.918(1),CORR EUR_JPY=+0.90,,,
2026-09-06T16:15:30.112643+00:00,EUR_JPY,WAIT,29,54,54,181.417,UPPER_25,S=181.228(1) R=185.3352(5),CORR GBP_JPY=+0.95,,,
2026-09-06T16:15:30.112653+00:00,GBP_JPY,WAIT,18,50,50,211.145,UPPER_25,S=210.59(2) R=214.49949999999998(4),CORR EUR_JPY=+0.95,,,
2026-09-06T16:15:30.112661+00:00,EUR_USD,WAIT,36,36,36,1.16122,UPPER_25,S=1.15811(2) R=1.16218(1),CORR USD_JPY=-0.40,,,
2026-09-06T16:21:19.004352+00:00,USD_JPY,WAIT,31,33,33,156.227,UPPER_MID,S=155.245(3) R=157.918(1),CORR EUR_JPY=+0.90,,,
2026-09-06T16:21:19.004369+00:00,EUR_JPY,WAIT,29,54,54,181.417,UPPER_25,S=181.228(1) R=185.3352(5),CORR GBP_JPY=+0.95,,,
2026-09-06T16:21:19.004384+00:00,GBP_JPY,WAIT,18,50,50,211.145,UPPER_25,S=210.59(2) R=214.49949999999998(4),CORR EUR_JPY=+0.95,,,
2026-09-06T16:21:19.004393+00:00,EUR_USD,WAIT,36,36,36,1.16122,UPPER_25,S=1.15811(2) R=1.16218(1),CORR USD_JPY=-0.40,,,
2026-09-06T16:27:11.661881+00:00,USD_JPY,WAIT,31,33,33,156.227,UPPER_MID,S=155.245(3) R=157.918(1),CORR EUR_JPY=+0.90,,,
2026-09-06T16:27:11.661902+00:00,EUR_JPY,WAIT,29,54,54,181.417,UPPER_25,S=181.228(1) R=185.3352(5),CORR GBP_JPY=+0.95,,,
2026-09-06T16:27:11.661912+00:00,GBP_JPY,WAIT,18,50,50,211.145,UPPER_25,S=210.59(2) R=214.49949999999998(4),CORR EUR_JPY=+0.95,,,
2026-09-06T16:27:11.661921+00:00,EUR_USD,WAIT,36,36,36,1.16122,UPPER_25,S=1.15811(2) R=1.16218(1),CORR USD_JPY=-0.40,,,
2026-09-06T16:33:02.518420+00:00,USD_JPY,WAIT,31,33,33,156.227,UPPER_MID,S=155.245(3) R=157.918(1),CORR EUR_JPY=+0.90,,,
2026-09-06T16:33:02.518442+00:00,EUR_JPY,WAIT,29,54,54,181.417,UPPER_25,S=181.228(1) R=185.3352(5),CORR GBP_JPY=+0.95,,,
2026-09-06T16:33:02.518452+00:00,GBP_JPY,WAIT,18,50,50,211.145,UPPER_25,S=210.59(2) R=214.49949999999998(4),CORR EUR_JPY=+0.95,,,
2026-09-06T16:33:02.518462+00:00,EUR_USD,WAIT,36,36,36,1.16122,UPPER_25,S=1.15811(2) R=1.16218(1),CORR USD_JPY=-0.40,,,
2026-09-06T16:38:55.013800+00:00,USD_JPY,WAIT,31,33,33,156.227,UPPER_MID,S=155.245(3) R=157.918(1),CORR EUR_JPY=+0.90,,,
2026-09-06T16:38:55.013817+00:00,EUR_JPY,WAIT,29,54,54,181.417,UPPER_25,S=181.228(1) R=185.3352(5),CORR GBP_JPY=+0.95,,,
2026-09-06T16:38:55.013824+00:00,GBP_JPY,WAIT,18,50,50,211.145,UPPER_25,S=210.59(2) R=214.49949999999998(4),CORR EUR_JPY=+0.95,,,
2026-09-06T16:38:55.013830+00:00,EUR_USD,WAIT,36,36,36,1.16122,UPPER_25,S=1.15811(2) R=1.16218(1),CORR USD_JPY=-0.40,,,
2026-09-06T16:44:48.403594+00:00,USD_JPY,WAIT,31,33,33,156.227,UPPER_MID,S=155.245(3) R=157.918(1),CORR EUR_JPY=+0.90,,,
2026-09-06T16:44:48.403615+00:00,EUR_JPY,WAIT,29,54,54,181.417,UPPER_25,S=181.228(1) R=185.3352(5),CORR GBP_JPY=+0.95,,,
2026-09-06T16:44:48.403626+00:00,GBP_JPY,WAIT,18,50,50,211.145,UPPER_25,S=210.59(2) R=214.49949999999998(4),CORR EUR_JPY=+0.95,,,
2026-09-06T16:44:48.403636+00:00,EUR_USD,WAIT,36,36,36,1.16122,UPPER_25,S=1.15811(2) R=1.16218(1),CORR USD_JPY=-0.40,,,
2026-09-06T16:50:39.797302+00:00,USD_JPY,WAIT,31,33,33,156.227,UPPER_MID,S=155.245(3) R=157.918(1),CORR EUR_JPY=+0.90,,,
2026-09-06T16:50:39.797324+00:00,EUR_JPY,WAIT,29,54,54,181.417,UPPER_25,S=181.228(1) R=185.3352(5),CORR GBP_JPY=+0.95,,,
2026-09-06T16:50:39.797334+00:00,GBP_JPY,WAIT,18,50,50,211.145,UPPER_25,S=210.59(2) R=214.49949999999998(4),CORR EUR_JPY=+0.95,,,
2026-09-06T16:50:39.797347+00:00,EUR_USD,WAIT,36,36,36,1.16122,UPPER_25,S=1.15811(2) R=1.16218(1),CORR USD_JPY=-0.40,,,
2026-09-06T16:56:33.508065+00:00,USD_JPY,WAIT,31,33,33,156.227,UPPER_MID,S=155.245(3) R=157.918(1),CORR EUR_JPY=+0.90,,,
2026-09-06T16:56:33.508092+00:00,EUR_JPY,WAIT,29,54,54,181.417,UPPER_25,S=181.228(1) R=185.3352(5),CORR GBP_JPY=+0.95,,,
2026-09-06T16:56:33.508103+00:00,GBP_JPY,WAIT,18,50,50,211.145,UPPER_25,S=210.59(2) R=214.49949999999998(4),CORR EUR_JPY=+0.95,,,
2026-09-06T16:56:33.508111+00:00,EUR_USD,WAIT,36,36,36,1.16122,UPPER_25,S=1.15811(2) R=1.16218(1),CORR USD_JPY=-0.40,,,
2026-09-06T17:02:23.859864+00:00,USD_JPY,WAIT,31,33,33,156.227,UPPER_MID,S=155.245(3) R=157.918(1),CORR EUR_JPY=+0.90,,,
2026-09-06T17:02:23.859890+00:00,EUR_JPY,WAIT,29,54,54,181.417,UPPER_25,S=181.228(1) R=185.3352(5),CORR GBP_JPY=+0.95,,,
2026-09-06T17:02:23.859901+00:00,GBP_JPY,WAIT,18,50,50,211.145,UPPER_25,S=210.59(2) R=214.49949999999998(4),CORR EUR_JPY=+0.95,,,
2026-09-06T17:02:23.859910+00:00,EUR_USD,WAIT,36,36,36,1.16122,UPPER_25,S=1.15811(2) R=1.16218(1),CORR USD_JPY=-0.40,,,
2026-09-06T17:03:34.837005+00:00,USD_JPY,WAIT,31,33,33,156.227,UPPER_MID,S=155.245(3) R=157.918(1),CORR EUR_JPY=+0.90,,,
2026-09-06T17:03:34.837028+00:00,EUR_JPY,WAIT,29,54,54,181.417,UPPER_25,S=181.228(1) R=185.3352(5),CORR GBP_JPY=+0.95,,,
2026-09-06T17:03:34.837038+00:00,GBP_JPY,WAIT,18,50,50,211.145,UPPER_25,S=210.59(2) R=214.49949999999998(4),CORR EUR_JPY=+0.95,,,
2026-09-06T17:03:34.837047+00:00,EUR_USD,WAIT,36,36,36,1.16122,UPPER_25,S=1.15811(2) R=1.16218(1),CORR USD_JPY=-0.40,,,
2026-09-06T17:09:26.337865+00:00,USD_JPY,WAIT,31,33,33,156.227,UPPER_MID,S=155.245(3) R=157.918(1),CORR EUR_JPY=+0.90,,,
2026-09-06T17:09:26.337888+00:00,EUR_JPY,WAIT,29,54,54,181.417,UPPER_25,S=181.228(1) R=185.3352(5),CORR GBP_JPY=+0.95,,,
2026-09-06T17:09:26.337899+00:00,GBP_JPY,WAIT,18,50,50,211.145,UPPER_25,S=210.59(2) R=214.49949999999998(4),CORR EUR_JPY=+0.95,,,
2026-09-06T17:09:26.337908+00:00,EUR_USD,WAIT,36,36,36,1.16122,UPPER_25,S=1.15811(2) R=1.16218(1),CORR USD_JPY=-0.40,,,
2026-09-06T17:15:17.853130+00:00,USD_JPY,WAIT,31,33,33,156.227,UPPER_MID,S=155.245(3) R=157.918(1),CORR EUR_JPY=+0.90,,,
2026-09-06T17:15:17.853150+00:00,EUR_JPY,WAIT,29,54,54,181.417,UPPER_25,S=181.228(1) R=185.3352(5),CORR GBP_JPY=+0.95,,,
2026-09-06T17:15:17.853160+00:00,GBP_JPY,WAIT,18,50,50,211.145,UPPER_25,S=210.59(2) R=214.49949999999998(4),CORR EUR_JPY=+0.95,,,
2026-09-06T17:15:17.853168+00:00,EUR_USD,WAIT,36,36,36,1.16122,UPPER_25,S=1.15811(2) R=1.16218(1),CORR USD_JPY=-0.40,,,
2026-09-06T17:21:09.454193+00:00,USD_JPY,WAIT,31,33,33,156.227,UPPER_MID,S=155.245(3) R=157.918(1),CORR EUR_JPY=+0.90,,,
2026-09-06T17:21:09.454215+00:00,EUR_JPY,WAIT,29,54,54,181.417,UPPER_25,S=181.228(1) R=185.3352(5),CORR GBP_JPY=+0.95,,,
2026-09-06T17:21:09.454226+00:00,GBP_JPY,WAIT,18,50,50,211.145,UPPER_25,S=210.59(2) R=214.49949999999998(4),CORR EUR_JPY=+0.95,,,
2026-09-06T17:21:09.454234+00:00,EUR_USD,WAIT,36,36,36,1.16122,UPPER_25,S=1.15811(2) R=1.16218(1),CORR USD_JPY=-0.40,,,
2026-09-06T17:26:58.819117+00:00,USD_JPY,WAIT,31,33,33,156.227,UPPER_MID,S=155.245(3) R=157.918(1),CORR EUR_JPY=+0.90,,,
2026-09-06T17:26:58.819137+00:00,EUR_JPY,WAIT,29,54,54,181.417,UPPER_25,S=181.228(1) R=185.3352(5),CORR GBP_JPY=+0.95,,,
2026-09-06T17:26:58.819148+00:00,GBP_JPY,WAIT,18,50,50,211.145,UPPER_25,S=210.59(2) R=214.49949999999998(4),CORR EUR_JPY=+0.95,,,
2026-09-06T17:26:58.819157+00:00,EUR_USD,WAIT,36,36,36,1.16122,UPPER_25,S=1.15811(2) R=1.16218(1),CORR USD_JPY=-0.40,,,
2026-09-06T17:32:50.865812+00:00,USD_JPY,WAIT,31,33,33,156.227,UPPER_MID,S=155.245(3) R=157.918(1),CORR EUR_JPY=+0.90,,,
2026-09-06T17:32:50.865840+00:00,EUR_JPY,WAIT,29,54,54,181.417,UPPER_25,S=181.228(1) R=185.3352(5),CORR GBP_JPY=+0.95,,,
2026-09-06T17:32:50.865850+00:00,GBP_JPY,WAIT,18,50,50,211.145,UPPER_25,S=210.59(2) R=214.49949999999998(4),CORR EUR_JPY=+0.95,,,
2026-09-06T17:32:50.865859+00:00,EUR_USD,WAIT,36,36,36,1.16122,UPPER_25,S=1.15811(2) R=1.16218(1),CORR USD_JPY=-0.40,,,
2026-09-06T17:38:40.588226+00:00,USD_JPY,WAIT,31,33,33,156.227,UPPER_MID,S=155.245(3) R=157.918(1),CORR EUR_JPY=+0.90,,,
2026-09-06T17:38:40.588247+00:00,EUR_JPY,WAIT,29,54,54,181.417,UPPER_25,S=181.228(1) R=185.3352(5),CORR GBP_JPY=+0.95,,,
2026-09-06T17:38:40.588257+00:00,GBP_JPY,WAIT,18,50,50,211.145,UPPER_25,S=210.59(2) R=214.49949999999998(4),CORR EUR_JPY=+0.95,,,
2026-09-06T17:38:40.588267+00:00,EUR_USD,WAIT,36,36,36,1.16122,UPPER_25,S=1.15811(2) R=1.16218(1),CORR USD_JPY=-0.40,,,
2026-09-06T17:44:32.300678+00:00,USD_JPY,WAIT,31,33,33,156.227,UPPER_MID,S=155.245(3) R=157.918(1),CORR EUR_JPY=+0.90,,,
2026-09-06T17:44:32.300703+00:00,EUR_JPY,WAIT,29,54,54,181.417,UPPER_25,S=181.228(1) R=185.3352(5),CORR GBP_JPY=+0.95,,,
2026-09-06T17:44:32.300714+00:00,GBP_JPY,WAIT,18,50,50,211.145,UPPER_25,S=210.59(2) R=214.49949999999998(4),CORR EUR_JPY=+0.95,,,
2026-09-06T17:44:32.300723+00:00,EUR_USD,WAIT,36,36,36,1.16122,UPPER_25,S=1.15811(2) R=1.16218(1),CORR USD_JPY=-0.40,,,
2026-09-06T17:50:24.135348+00:00,USD_JPY,WAIT,31,33,33,156.227,UPPER_MID,S=155.245(3) R=157.918(1),CORR EUR_JPY=+0.90,,,
2026-09-06T17:50:24.135371+00:00,EUR_JPY,WAIT,29,54,54,181.417,UPPER_25,S=181.228(1) R=185.3352(5),CORR GBP_JPY=+0.95,,,
2026-09-06T17:50:24.135382+00:00,GBP_JPY,WAIT,18,50,50,211.145,UPPER_25,S=210.59(2) R=214.49949999999998(4),CORR EUR_JPY=+0.95,,,
2026-09-06T17:50:24.135391+00:00,EUR_USD,WAIT,36,36,36,1.16122,UPPER_25,S=1.15811(2) R=1.16218(1),CORR USD_JPY=-0.40,,,
2026-09-06T17:56:16.862053+00:00,USD_JPY,WAIT,31,33,33,156.227,UPPER_MID,S=155.245(3) R=157.918(1),CORR EUR_JPY=+0.90,,,
2026-09-06T17:56:16.862077+00:00,EUR_JPY,WAIT,29,54,54,181.417,UPPER_25,S=181.228(1) R=185.3352(5),CORR GBP_JPY=+0.95,,,
2026-09-06T17:56:16.862087+00:00,GBP_JPY,WAIT,18,50,50,211.145,UPPER_25,S=210.59(2) R=214.49949999999998(4),CORR EUR_JPY=+0.95,,,
2026-09-06T17:56:16.862097+00:00,EUR_USD,WAIT,36,36,36,1.16122,UPPER_25,S=1.15811(2) R=1.16218(1),CORR USD_JPY=-0.40,,,
2026-09-06T18:02:09.153015+00:00,USD_JPY,WAIT,31,33,33,156.227,UPPER_MID,S=155.245(3) R=157.918(1),CORR EUR_JPY=+0.90,,,
2026-09-06T18:02:09.153036+00:00,EUR_JPY,WAIT,29,54,54,181.417,UPPER_25,S=181.228(1) R=185.3352(5),CORR GBP_JPY=+0.95,,,
2026-09-06T18:02:09.153048+00:00,GBP_JPY,WAIT,18,50,50,211.145,UPPER_25,S=210.59(2) R=214.49949999999998(4),CORR EUR_JPY=+0.95,,,
2026-09-06T18:02:09.153060+00:00,EUR_USD,WAIT,36,36,36,1.16122,UPPER_25,S=1.15811(2) R=1.16218(1),CORR USD_JPY=-0.40,,,
2026-09-06T18:07:59.324971+00:00,USD_JPY,WAIT,31,33,33,156.227,UPPER_MID,S=155.245(3) R=157.918(1),CORR EUR_JPY=+0.90,,,
2026-09-06T18:07:59.324993+00:00,EUR_JPY,WAIT,29,54,54,181.417,UPPER_25,S=181.228(1) R=185.3352(5),CORR GBP_JPY=+0.95,,,
2026-09-06T18:07:59.325004+00:00,GBP_JPY,WAIT,18,50,50,211.145,UPPER_25,S=210.59(2) R=214.49949999999998(4),CORR EUR_JPY=+0.95,,,
2026-09-06T18:07:59.325012+00:00,EUR_USD,WAIT,36,36,36,1.16122,UPPER_25,S=1.15811(2) R=1.16218(1),CORR USD_JPY=-0.40,,,
2026-09-06T18:09:06.074179+00:00,USD_JPY,WAIT,31,33,33,156.227,UPPER_MID,S=155.245(3) R=157.918(1),CORR EUR_JPY=+0.90,,,
2026-09-06T18:09:06.074203+00:00,EUR_JPY,WAIT,29,54,54,181.417,UPPER_25,S=181.228(1) R=185.3352(5),CORR GBP_JPY=+0.95,,,
2026-09-06T18:09:06.074216+00:00,GBP_JPY,WAIT,18,50,50,211.145,UPPER_25,S=210.59(2) R=214.49949999999998(4),CORR EUR_JPY=+0.95,,,
2026-09-06T18:09:06.074226+00:00,EUR_USD,WAIT,36,36,36,1.16122,UPPER_25,S=1.15811(2) R=1.16218(1),CORR USD_JPY=-0.40,,,
2026-09-06T18:14:48.674759+00:00,USD_JPY,WAIT,31,33,33,156.227,UPPER_MID,S=155.245(3) R=157.918(1),CORR EUR_JPY=+0.90,,,
2026-09-06T18:14:48.674781+00:00,EUR_JPY,WAIT,29,54,54,181.417,UPPER_25,S=181.228(1) R=185.3352(5),CORR GBP_JPY=+0.95,,,
2026-09-06T18:14:48.674793+00:00,GBP_JPY,WAIT,18,50,50,211.145,UPPER_25,S=210.59(2) R=214.49949999999998(4),CORR EUR_JPY=+0.95,,,
2026-09-06T18:14:48.674803+00:00,EUR_USD,WAIT,36,36,36,1.16122,UPPER_25,S=1.15811(2) R=1.16218(1),CORR USD_JPY=-0.40,,,
2026-09-06T18:20:32.004244+00:00,USD_JPY,WAIT,31,33,33,156.227,UPPER_MID,S=155.245(3) R=157.918(1),CORR EUR_JPY=+0.90,,,
2026-09-06T18:20:32.004268+00:00,EUR_JPY,WAIT,29,54,54,181.417,UPPER_25,S=181.228(1) R=185.3352(5),CORR GBP_JPY=+0.95,,,
2026-09-06T18:20:32.004277+00:00,GBP_JPY,WAIT,18,50,50,211.145,UPPER_25,S=210.59(2) R=214.49949999999998(4),CORR EUR_JPY=+0.95,,,
2026-09-06T18:20:32.004288+00:00,EUR_USD,WAIT,36,36,36,1.16122,UPPER_25,S=1.15811(2) R=1.16218(1),CORR USD_JPY=-0.40,,,
2026-09-06T18:26:13.816520+00:00,USD_JPY,WAIT,31,33,33,156.227,UPPER_MID,S=155.245(3) R=157.918(1),CORR EUR_JPY=+0.90,,,
2026-09-06T18:26:13.816542+00:00,EUR_JPY,WAIT,29,54,54,181.417,UPPER_25,S=181.228(1) R=185.3352(5),CORR GBP_JPY=+0.95,,,
2026-09-06T18:26:13.816554+00:00,GBP_JPY,WAIT,18,50,50,211.145,UPPER_25,S=210.59(2) R=214.49949999999998(4),CORR EUR_JPY=+0.95,,,
2026-09-06T18:26:13.816564+00:00,EUR_USD,WAIT,36,36,36,1.16122,UPPER_25,S=1.15811(2) R=1.16218(1),CORR USD_JPY=-0.40,,,
2026-09-06T18:31:57.080648+00:00,USD_JPY,WAIT,31,33,33,156.227,UPPER_MID,S=155.245(3) R=157.918(1),CORR EUR_JPY=+0.90,,,
2026-09-06T18:31:57.080663+00:00,EUR_JPY,WAIT,29,54,54,181.417,UPPER_25,S=181.228(1) R=185.3352(5),CORR GBP_JPY=+0.95,,,
2026-09-06T18:31:57.080679+00:00,GBP_JPY,WAIT,18,50,50,211.145,UPPER_25,S=210.59(2) R=214.49949999999998(4),CORR EUR_JPY=+0.95,,,
2026-09-06T18:31:57.080692+00:00,EUR_USD,WAIT,36,36,36,1.16122,UPPER_25,S=1.15811(2) R=1.16218(1),CORR USD_JPY=-0.40,,,
2026-09-06T18:37:40.031544+00:00,USD_JPY,WAIT,31,33,33,156.227,UPPER_MID,S=155.245(3) R=157.918(1),CORR EUR_JPY=+0.90,,,
2026-09-06T18:37:40.031559+00:00,EUR_JPY,WAIT,29,54,54,181.417,UPPER_25,S=181.228(1) R=185.3352(5),CORR GBP_JPY=+0.95,,,
2026-09-06T18:37:40.031566+00:00,GBP_JPY,WAIT,18,50,50,211.145,UPPER_25,S=210.59(2) R=214.49949999999998(4),CORR EUR_JPY=+0.95,,,
2026-09-06T18:37:40.031571+00:00,EUR_USD,WAIT,36,36,36,1.16122,UPPER_25,S=1.15811(2) R=1.16218(1),CORR USD_JPY=-0.40,,,
2026-09-06T18:43:21.283700+00:00,USD_JPY,WAIT,31,33,33,156.227,UPPER_MID,S=155.245(3) R=157.918(1),CORR EUR_JPY=+0.90,,,
2026-09-06T18:43:21.283724+00:00,EUR_JPY,WAIT,29,54,54,181.417,UPPER_25,S=181.228(1) R=185.3352(5),CORR GBP_JPY=+0.95,,,
2026-09-06T18:43:21.283734+00:00,GBP_JPY,WAIT,18,50,50,211.145,UPPER_25,S=210.59(2) R=214.49949999999998(4),CORR EUR_JPY=+0.95,,,
2026-09-06T18:43:21.283744+00:00,EUR_USD,WAIT,36,36,36,1.16122,UPPER_25,S=1.15811(2) R=1.16218(1),CORR USD_JPY=-0.40,,,
2026-09-06T18:49:03.293613+00:00,USD_JPY,WAIT,31,33,33,156.227,UPPER_MID,S=155.245(3) R=157.918(1),CORR EUR_JPY=+0.90,,,
2026-09-06T18:49:03.293636+00:00,EUR_JPY,WAIT,29,54,54,181.417,UPPER_25,S=181.228(1) R=185.3352(5),CORR GBP_JPY=+0.95,,,
2026-09-06T18:49:03.293648+00:00,GBP_JPY,WAIT,18,50,50,211.145,UPPER_25,S=210.59(2) R=214.49949999999998(4),CORR EUR_JPY=+0.95,,,
2026-09-06T18:49:03.293657+00:00,EUR_USD,WAIT,36,36,36,1.16122,UPPER_25,S=1.15811(2) R=1.16218(1),CORR USD_JPY=-0.40,,,
2026-09-06T18:54:45.322503+00:00,USD_JPY,WAIT,31,33,33,156.227,UPPER_MID,S=155.245(3) R=157.918(1),CORR EUR_JPY=+0.90,,,
2026-09-06T18:54:45.322520+00:00,EUR_JPY,WAIT,29,54,54,181.417,UPPER_25,S=181.228(1) R=185.3352(5),CORR GBP_JPY=+0.95,,,
2026-09-06T18:54:45.322526+00:00,GBP_JPY,WAIT,18,50,50,211.145,UPPER_25,S=210.59(2) R=214.49949999999998(4),CORR EUR_JPY=+0.95,,,
2026-09-06T18:54:45.322532+00:00,EUR_USD,WAIT,36,36,36,1.16122,UPPER_25,S=1.15811(2) R=1.16218(1),CORR USD_JPY=-0.40,,,
2026-09-06T19:00:28.756700+00:00,USD_JPY,WAIT,31,33,33,156.227,UPPER_MID,S=155.245(3) R=157.918(1),CORR EUR_JPY=+0.90,,,
2026-09-06T19:00:28.756728+00:00,EUR_JPY,WAIT,29,54,54,181.417,UPPER_25,S=181.228(1) R=185.3352(5),CORR GBP_JPY=+0.95,,,
2026-09-06T19:00:28.756741+00:00,GBP_JPY,WAIT,18,50,50,211.145,UPPER_25,S=210.59(2) R=214.49949999999998(4),CORR EUR_JPY=+0.95,,,
2026-09-06T19:00:28.756751+00:00,EUR_USD,WAIT,36,36,36,1.16122,UPPER_25,S=1.15811(2) R=1.16218(1),CORR USD_JPY=-0.40,,,
2026-09-06T19:06:11.192864+00:00,USD_JPY,WAIT,31,33,33,156.227,UPPER_MID,S=155.245(3) R=157.918(1),CORR EUR_JPY=+0.90,,,
2026-09-06T19:06:11.192889+00:00,EUR_JPY,WAIT,29,54,54,181.417,UPPER_25,S=181.228(1) R=185.3352(5),CORR GBP_JPY=+0.95,,,
2026-09-06T19:06:11.192902+00:00,GBP_JPY,WAIT,18,50,50,211.145,UPPER_25,S=210.59(2) R=214.49949999999998(4),CORR EUR_JPY=+0.95,,,
2026-09-06T19:06:11.192913+00:00,EUR_USD,WAIT,36,36,36,1.16122,UPPER_25,S=1.15811(2) R=1.16218(1),CORR USD_JPY=-0.40,,,
2026-09-06T19:11:55.161967+00:00,USD_JPY,WAIT,31,33,33,156.227,UPPER_MID,S=155.245(3) R=157.918(1),CORR EUR_JPY=+0.90,,,
2026-09-06T19:11:55.161991+00:00,EUR_JPY,WAIT,29,54,54,181.417,UPPER_25,S=181.228(1) R=185.3352(5),CORR GBP_JPY=+0.95,,,
2026-09-06T19:11:55.162004+00:00,GBP_JPY,WAIT,18,50,50,211.145,UPPER_25,S=210.59(2) R=214.49949999999998(4),CORR EUR_JPY=+0.95,,,
2026-09-06T19:11:55.162015+00:00,EUR_USD,WAIT,36,36,36,1.16122,UPPER_25,S=1.15811(2) R=1.16218(1),CORR USD_JPY=-0.40,,,
2026-09-06T19:13:16.034943+00:00,USD_JPY,WAIT,31,33,33,156.227,UPPER_MID,S=155.245(3) R=157.918(1),CORR EUR_JPY=+0.90,,,
2026-09-06T19:13:16.034965+00:00,EUR_JPY,WAIT,29,54,54,181.417,UPPER_25,S=181.228(1) R=185.3352(5),CORR GBP_JPY=+0.95,,,
2026-09-06T19:13:16.034979+00:00,GBP_JPY,WAIT,18,50,50,211.145,UPPER_25,S=210.59(2) R=214.49949999999998(4),CORR EUR_JPY=+0.95,,,
2026-09-06T19:13:16.034990+00:00,EUR_USD,WAIT,36,36,36,1.16122,UPPER_25,S=1.15811(2) R=1.16218(1),CORR USD_JPY=-0.40,,,
2026-09-06T19:19:11.065324+00:00,USD_JPY,WAIT,31,33,33,156.227,UPPER_MID,S=155.245(3) R=157.918(1),CORR EUR_JPY=+0.90,,,
2026-09-06T19:19:11.065347+00:00,EUR_JPY,WAIT,29,54,54,181.417,UPPER_25,S=181.228(1) R=185.3352(5),CORR GBP_JPY=+0.95,,,
2026-09-06T19:19:11.065358+00:00,GBP_JPY,WAIT,18,50,50,211.145,UPPER_25,S=210.59(2) R=214.49949999999998(4),CORR EUR_JPY=+0.95,,,
2026-09-06T19:19:11.065367+00:00,EUR_USD,WAIT,36,36,36,1.16122,UPPER_25,S=1.15811(2) R=1.16218(1),CORR USD_JPY=-0.40,,,
2026-09-06T19:25:04.356215+00:00,USD_JPY,WAIT,31,33,33,156.227,UPPER_MID,S=155.245(3) R=157.918(1),CORR EUR_JPY=+0.90,,,
2026-09-06T19:25:04.356259+00:00,EUR_JPY,WAIT,29,54,54,181.417,UPPER_25,S=181.228(1) R=185.3352(5),CORR GBP_JPY=+0.95,,,
2026-09-06T19:25:04.356272+00:00,GBP_JPY,WAIT,18,50,50,211.145,UPPER_25,S=210.59(2) R=214.49949999999998(4),CORR EUR_JPY=+0.95,,,
2026-09-06T19:25:04.356283+00:00,EUR_USD,WAIT,36,36,36,1.16122,UPPER_25,S=1.15811(2) R=1.16218(1),CORR USD_JPY=-0.40,,,
2026-09-06T19:30:59.597733+00:00,USD_JPY,WAIT,31,33,33,156.227,UPPER_MID,S=155.245(3) R=157.918(1),CORR EUR_JPY=+0.90,,,
2026-09-06T19:30:59.597749+00:00,EUR_JPY,WAIT,29,54,54,181.417,UPPER_25,S=181.228(1) R=185.3352(5),CORR GBP_JPY=+0.95,,,
2026-09-06T19:30:59.597756+00:00,GBP_JPY,WAIT,18,50,50,211.145,UPPER_25,S=210.59(2) R=214.49949999999998(4),CORR EUR_JPY=+0.95,,,
2026-09-06T19:30:59.597762+00:00,EUR_USD,WAIT,36,36,36,1.16122,UPPER_25,S=1.15811(2) R=1.16218(1),CORR USD_JPY=-0.40,,,
2026-09-06T19:36:54.896955+00:00,USD_JPY,WAIT,31,33,33,156.227,UPPER_MID,S=155.245(3) R=157.918(1),CORR EUR_JPY=+0.90,,,
2026-09-06T19:36:54.896978+00:00,EUR_JPY,WAIT,29,54,54,181.417,UPPER_25,S=181.228(1) R=185.3352(5),CORR GBP_JPY=+0.95,,,
2026-09-06T19:36:54.896990+00:00,GBP_JPY,WAIT,18,50,50,211.145,UPPER_25,S=210.59(2) R=214.49949999999998(4),CORR EUR_JPY=+0.95,,,
2026-09-06T19:36:54.896999+00:00,EUR_USD,WAIT,36,36,36,1.16122,UPPER_25,S=1.15811(2) R=1.16218(1),CORR USD_JPY=-0.40,,,
2026-09-06T19:42:50.396968+00:00,USD_JPY,WAIT,31,33,33,156.227,UPPER_MID,S=155.245(3) R=157.918(1),CORR EUR_JPY=+0.90,,,
2026-09-06T19:42:50.396988+00:00,EUR_JPY,WAIT,29,54,54,181.417,UPPER_25,S=181.228(1) R=185.3352(5),CORR GBP_JPY=+0.95,,,
2026-09-06T19:42:50.397002+00:00,GBP_JPY,WAIT,18,50,50,211.145,UPPER_25,S=210.59(2) R=214.49949999999998(4),CORR EUR_JPY=+0.95,,,
2026-09-06T19:42:50.397012+00:00,EUR_USD,WAIT,36,36,36,1.16122,UPPER_25,S=1.15811(2) R=1.16218(1),CORR USD_JPY=-0.40,,,
2026-09-06T19:48:45.711626+00:00,USD_JPY,WAIT,31,33,33,156.227,UPPER_MID,S=155.245(3) R=157.918(1),CORR EUR_JPY=+0.90,,,
2026-09-06T19:48:45.711650+00:00,EUR_JPY,WAIT,29,54,54,181.417,UPPER_25,S=181.228(1) R=185.3352(5),CORR GBP_JPY=+0.95,,,
2026-09-06T19:48:45.711663+00:00,GBP_JPY,WAIT,18,50,50,211.145,UPPER_25,S=210.59(2) R=214.49949999999998(4),CORR EUR_JPY=+0.95,,,
2026-09-06T19:48:45.711673+00:00,EUR_USD,WAIT,36,36,36,1.16122,UPPER_25,S=1.15811(2) R=1.16218(1),CORR USD_JPY=-0.40,,,
2026-09-06T19:54:41.591235+00:00,USD_JPY,WAIT,31,33,33,156.227,UPPER_MID,S=155.245(3) R=157.918(1),CORR EUR_JPY=+0.90,,,
2026-09-06T19:54:41.591259+00:00,EUR_JPY,WAIT,29,54,54,181.417,UPPER_25,S=181.228(1) R=185.3352(5),CORR GBP_JPY=+0.95,,,
2026-09-06T19:54:41.591270+00:00,GBP_JPY,WAIT,18,50,50,211.145,UPPER_25,S=210.59(2) R=214.49949999999998(4),CORR EUR_JPY=+0.95,,,
2026-09-06T19:54:41.591276+00:00,EUR_USD,WAIT,36,36,36,1.16122,UPPER_25,S=1.15811(2) R=1.16218(1),CORR USD_JPY=-0.40,,,
2026-09-06T20:00:38.075250+00:00,USD_JPY,WAIT,31,33,33,156.227,UPPER_MID,S=155.245(3) R=157.918(1),CORR EUR_JPY=+0.90,,,
2026-09-06T20:00:38.075277+00:00,EUR_JPY,WAIT,29,54,54,181.417,UPPER_25,S=181.228(1) R=185.3352(5),CORR GBP_JPY=+0.95,,,
2026-09-06T20:00:38.075290+00:00,GBP_JPY,WAIT,18,50,50,211.145,UPPER_25,S=210.59(2) R=214.49949999999998(4),CORR EUR_JPY=+0.95,,,
2026-09-06T20:00:38.075301+00:00,EUR_USD,WAIT,36,36,36,1.16122,UPPER_25,S=1.15811(2) R=1.16218(1),CORR USD_JPY=-0.40,,,
2026-09-06T20:06:36.855819+00:00,USD_JPY,WAIT,31,33,33,156.227,UPPER_MID,S=155.245(3) R=157.918(1),CORR EUR_JPY=+0.90,,,
2026-09-06T20:06:36.855846+00:00,EUR_JPY,WAIT,29,54,54,181.417,UPPER_25,S=181.228(1) R=185.3352(5),CORR GBP_JPY=+0.95,,,
2026-09-06T20:06:36.855858+00:00,GBP_JPY,WAIT,18,50,50,211.145,UPPER_25,S=210.59(2) R=214.49949999999998(4),CORR EUR_JPY=+0.95,,,
2026-09-06T20:06:36.855869+00:00,EUR_USD,WAIT,36,36,36,1.16122,UPPER_25,S=1.15811(2) R=1.16218(1),CORR USD_JPY=-0.40,,,
2026-09-06T20:12:33.929446+00:00,USD_JPY,WAIT,31,33,33,156.227,UPPER_MID,S=155.245(3) R=157.918(1),CORR EUR_JPY=+0.90,,,
2026-09-06T20:12:33.929468+00:00,EUR_JPY,WAIT,29,54,54,181.417,UPPER_25,S=181.228(1) R=185.3352(5),CORR GBP_JPY=+0.95,,,
2026-09-06T20:12:33.929480+00:00,GBP_JPY,WAIT,18,50,50,211.145,UPPER_25,S=210.59(2) R=214.49949999999998(4),CORR EUR_JPY=+0.95,,,
2026-09-06T20:12:33.929490+00:00,EUR_USD,WAIT,36,36,36,1.16122,UPPER_25,S=1.15811(2) R=1.16218(1),CORR USD_JPY=-0.40,,,
2026-09-06T20:18:30.905458+00:00,USD_JPY,WAIT,31,33,33,156.227,UPPER_MID,S=155.245(3) R=157.918(1),CORR EUR_JPY=+0.90,,,
2026-09-06T20:18:30.905480+00:00,EUR_JPY,WAIT,29,54,54,181.417,UPPER_25,S=181.228(1) R=185.3352(5),CORR GBP_JPY=+0.95,,,
2026-09-06T20:18:30.905492+00:00,GBP_JPY,WAIT,18,50,50,211.145,UPPER_25,S=210.59(2) R=214.49949999999998(4),CORR EUR_JPY=+0.95,,,
2026-09-06T20:18:30.905501+00:00,EUR_USD,WAIT,36,36,36,1.16122,UPPER_25,S=1.15811(2) R=1.16218(1),CORR USD_JPY=-0.40,,,
2026-09-06T20:19:42.402669+00:00,USD_JPY,WAIT,31,33,33,156.227,UPPER_MID,S=155.245(3) R=157.918(1),CORR EUR_JPY=+0.90,,,
2026-09-06T20:19:42.402685+00:00,EUR_JPY,WAIT,29,54,54,181.417,UPPER_25,S=181.228(1) R=185.3352(5),CORR GBP_JPY=+0.95,,,
2026-09-06T20:19:42.402697+00:00,GBP_JPY,WAIT,18,50,50,211.145,UPPER_25,S=210.59(2) R=214.49949999999998(4),CORR EUR_JPY=+0.95,,,
2026-09-06T20:19:42.402709+00:00,EUR_USD,WAIT,36,36,36,1.16122,UPPER_25,S=1.15811(2) R=1.16218(1),CORR USD_JPY=-0.40,,,
2026-09-06T20:25:37.893113+00:00,USD_JPY,WAIT,31,33,33,156.227,UPPER_MID,S=155.245(3) R=157.918(1),CORR EUR_JPY=+0.90,,,
2026-09-06T20:25:37.893128+00:00,EUR_JPY,WAIT,29,54,54,181.417,UPPER_25,S=181.228(1) R=185.3352(5),CORR GBP_JPY=+0.95,,,
2026-09-06T20:25:37.893136+00:00,GBP_JPY,WAIT,18,50,50,211.145,UPPER_25,S=210.59(2) R=214.49949999999998(4),CORR EUR_JPY=+0.95,,,
2026-09-06T20:25:37.893148+00:00,EUR_USD,WAIT,36,36,36,1.16122,UPPER_25,S=1.15811(2) R=1.16218(1),CORR USD_JPY=-0.40,,,
2026-09-06T20:31:34.108101+00:00,USD_JPY,WAIT,31,33,33,156.227,UPPER_MID,S=155.245(3) R=157.918(1),CORR EUR_JPY=+0.90,,,
2026-09-06T20:31:34.108123+00:00,EUR_JPY,WAIT,29,54,54,181.417,UPPER_25,S=181.228(1) R=185.3352(5),CORR GBP_JPY=+0.95,,,
2026-09-06T20:31:34.108135+00:00,GBP_JPY,WAIT,18,50,50,211.145,UPPER_25,S=210.59(2) R=214.49949999999998(4),CORR EUR_JPY=+0.95,,,
2026-09-06T20:31:34.108144+00:00,EUR_USD,WAIT,36,36,36,1.16122,UPPER_25,S=1.15811(2) R=1.16218(1),CORR USD_JPY=-0.40,,,
2026-09-06T20:37:28.451503+00:00,USD_JPY,WAIT,31,33,33,156.227,UPPER_MID,S=155.245(3) R=157.918(1),CORR EUR_JPY=+0.90,,,
2026-09-06T20:37:28.451526+00:00,EUR_JPY,WAIT,29,54,54,181.417,UPPER_25,S=181.228(1) R=185.3352(5),CORR GBP_JPY=+0.95,,,
2026-09-06T20:37:28.451537+00:00,GBP_JPY,WAIT,18,50,50,211.145,UPPER_25,S=210.59(2) R=214.49949999999998(4),CORR EUR_JPY=+0.95,,,
2026-09-06T20:37:28.451548+00:00,EUR_USD,WAIT,36,36,36,1.16122,UPPER_25,S=1.15811(2) R=1.16218(1),CORR USD_JPY=-0.40,,,
2026-09-06T20:43:18.956636+00:00,USD_JPY,WAIT,31,33,33,156.227,UPPER_MID,S=155.245(3) R=157.918(1),CORR EUR_JPY=+0.90,,,
2026-09-06T20:43:18.956659+00:00,EUR_JPY,WAIT,29,54,54,181.417,UPPER_25,S=181.228(1) R=185.3352(5),CORR GBP_JPY=+0.95,,,
2026-09-06T20:43:18.956672+00:00,GBP_JPY,WAIT,18,50,50,211.145,UPPER_25,S=210.59(2) R=214.49949999999998(4),CORR EUR_JPY=+0.95,,,
2026-09-06T20:43:18.956683+00:00,EUR_USD,WAIT,36,36,36,1.16122,UPPER_25,S=1.15811(2) R=1.16218(1),CORR USD_JPY=-0.40,,,
2026-09-06T20:49:14.891803+00:00,USD_JPY,WAIT,31,33,33,156.227,UPPER_MID,S=155.245(3) R=157.918(1),CORR EUR_JPY=+0.90,,,
2026-09-06T20:49:14.891826+00:00,EUR_JPY,WAIT,29,54,54,181.417,UPPER_25,S=181.228(1) R=185.3352(5),CORR GBP_JPY=+0.95,,,
2026-09-06T20:49:14.891838+00:00,GBP_JPY,WAIT,18,50,50,211.145,UPPER_25,S=210.59(2) R=214.49949999999998(4),CORR EUR_JPY=+0.95,,,
2026-09-06T20:49:14.891850+00:00,EUR_USD,WAIT,36,36,36,1.16122,UPPER_25,S=1.15811(2) R=1.16218(1),CORR USD_JPY=-0.40,,,
2026-09-06T20:55:06.129189+00:00,USD_JPY,WAIT,31,33,33,156.227,UPPER_MID,S=155.245(3) R=157.918(1),CORR EUR_JPY=+0.90,,,
2026-09-06T20:55:06.129205+00:00,EUR_JPY,WAIT,29,54,54,181.417,UPPER_25,S=181.228(1) R=185.3352(5),CORR GBP_JPY=+0.95,,,
2026-09-06T20:55:06.129212+00:00,GBP_JPY,WAIT,18,50,50,211.145,UPPER_25,S=210.59(2) R=214.49949999999998(4),CORR EUR_JPY=+0.95,,,
2026-09-06T20:55:06.129217+00:00,EUR_USD,WAIT,36,36,36,1.16122,UPPER_25,S=1.15811(2) R=1.16218(1),CORR USD_JPY=-0.40,,,
2026-09-06T21:01:01.731815+00:00,USD_JPY,WAIT,31,33,33,156.227,UPPER_MID,S=155.245(3) R=157.918(1),CORR EUR_JPY=+0.90,,,
2026-09-06T21:01:01.731836+00:00,EUR_JPY,WAIT,29,54,54,181.417,UPPER_25,S=181.228(1) R=185.3352(5),CORR GBP_JPY=+0.95,,,
2026-09-06T21:01:01.731849+00:00,GBP_JPY,WAIT,18,50,50,211.145,UPPER_25,S=210.59(2) R=214.49949999999998(4),CORR EUR_JPY=+0.95,,,
2026-09-06T21:01:01.731859+00:00,EUR_USD,WAIT,36,36,36,1.16122,UPPER_25,S=1.15811(2) R=1.16218(1),CORR USD_JPY=-0.40,,,
2026-09-06T21:06:59.448293+00:00,USD_JPY,WAIT,31,33,33,156.227,UPPER_MID,S=155.245(3) R=157.918(1),CORR EUR_JPY=+0.90,,,
2026-09-06T21:06:59.448316+00:00,EUR_JPY,WAIT,29,54,54,181.417,UPPER_25,S=181.228(1) R=185.3352(5),CORR GBP_JPY=+0.95,,,
2026-09-06T21:06:59.448328+00:00,GBP_JPY,WAIT,18,50,50,211.145,UPPER_25,S=210.59(2) R=214.49949999999998(4),CORR EUR_JPY=+0.95,,,
2026-09-06T21:06:59.448339+00:00,EUR_USD,WAIT,36,36,36,1.16122,UPPER_25,S=1.15811(2) R=1.16218(1),CORR USD_JPY=-0.40,,,
2026-09-06T21:12:51.564767+00:00,USD_JPY,WAIT,31,33,33,156.227,UPPER_MID,S=155.245(3) R=157.918(1),CORR EUR_JPY=+0.90,,,
2026-09-06T21:12:51.564788+00:00,EUR_JPY,WAIT,29,54,54,181.417,UPPER_25,S=181.228(1) R=185.3352(5),CORR GBP_JPY=+0.95,,,
2026-09-06T21:12:51.564801+00:00,GBP_JPY,WAIT,18,50,50,211.145,UPPER_25,S=210.59(2) R=214.49949999999998(4),CORR EUR_JPY=+0.95,,,
2026-09-06T21:12:51.564811+00:00,EUR_USD,WAIT,36,36,36,1.16122,UPPER_25,S=1.15811(2) R=1.16218(1),CORR USD_JPY=-0.40,,,
2026-09-06T21:18:42.643714+00:00,USD_JPY,WAIT,31,33,33,156.227,UPPER_MID,S=155.245(3) R=157.918(1),CORR EUR_JPY=+0.90,,,
2026-09-06T21:18:42.643736+00:00,EUR_JPY,WAIT,29,54,54,181.417,UPPER_25,S=181.228(1) R=185.3352(5),CORR GBP_JPY=+0.95,,,
2026-09-06T21:18:42.643749+00:00,GBP_JPY,WAIT,18,50,50,211.145,UPPER_25,S=210.59(2) R=214.49949999999998(4),CORR EUR_JPY=+0.95,,,
2026-09-06T21:18:42.643761+00:00,EUR_USD,WAIT,36,36,36,1.16122,UPPER_25,S=1.15811(2) R=1.16218(1),CORR USD_JPY=-0.40,,,
2026-09-06T21:24:34.711658+00:00,USD_JPY,WAIT,31,33,33,156.227,UPPER_MID,S=155.245(3) R=157.918(1),CORR EUR_JPY=+0.90,,,
2026-09-06T21:24:34.711679+00:00,EUR_JPY,WAIT,29,54,54,181.417,UPPER_25,S=181.228(1) R=185.3352(5),CORR GBP_JPY=+0.95,,,
2026-09-06T21:24:34.711691+00:00,GBP_JPY,WAIT,18,50,50,211.145,UPPER_25,S=210.59(2) R=214.49949999999998(4),CORR EUR_JPY=+0.95,,,
2026-09-06T21:24:34.711702+00:00,EUR_USD,WAIT,36,36,36,1.16122,UPPER_25,S=1.15811(2) R=1.16218(1),CORR USD_JPY=-0.40,,,
2026-09-06T21:25:40.217899+00:00,USD_JPY,WAIT,31,33,33,156.227,UPPER_MID,S=155.245(3) R=157.918(1),CORR EUR_JPY=+0.90,,,
2026-09-06T21:25:40.217923+00:00,EUR_JPY,WAIT,29,54,54,181.417,UPPER_25,S=181.228(1) R=185.3352(5),CORR GBP_JPY=+0.95,,,
2026-09-06T21:25:40.217934+00:00,GBP_JPY,WAIT,18,50,50,211.145,UPPER_25,S=210.59(2) R=214.49949999999998(4),CORR EUR_JPY=+0.95,,,
2026-09-06T21:25:40.217943+00:00,EUR_USD,WAIT,36,36,36,1.16122,UPPER_25,S=1.15811(2) R=1.16218(1),CORR USD_JPY=-0.40,,,
2026-09-06T21:31:27.154261+00:00,USD_JPY,WAIT,31,33,33,156.227,UPPER_MID,S=155.245(3) R=157.918(1),CORR EUR_JPY=+0.90,,,
2026-09-06T21:31:27.154286+00:00,EUR_JPY,WAIT,29,54,54,181.417,UPPER_25,S=181.228(1) R=185.3352(5),CORR GBP_JPY=+0.95,,,
2026-09-06T21:31:27.154297+00:00,GBP_JPY,WAIT,18,50,50,211.145,UPPER_25,S=210.59(2) R=214.49949999999998(4),CORR EUR_JPY=+0.95,,,
2026-09-06T21:31:27.154306+00:00,EUR_USD,WAIT,36,36,36,1.16122,UPPER_25,S=1.15811(2) R=1.16218(1),CORR USD_JPY=-0.40,,,
2026-09-06T21:37:17.171482+00:00,USD_JPY,WAIT,31,33,33,156.227,UPPER_MID,S=155.245(3) R=157.918(1),CORR EUR_JPY=+0.90,,,
2026-09-06T21:37:17.171524+00:00,EUR_JPY,WAIT,29,54,54,181.417,UPPER_25,S=181.228(1) R=185.3352(5),CORR GBP_JPY=+0.95,,,
2026-09-06T21:37:17.171534+00:00,GBP_JPY,WAIT,18,50,50,211.145,UPPER_25,S=210.59(2) R=214.49949999999998(4),CORR EUR_JPY=+0.95,,,
2026-09-06T21:37:17.171544+00:00,EUR_USD,WAIT,36,36,36,1.16122,UPPER_25,S=1.15811(2) R=1.16218(1),CORR USD_JPY=-0.40,,,
2026-09-06T21:43:07.966680+00:00,USD_JPY,WAIT,31,33,33,156.227,UPPER_MID,S=155.245(3) R=157.918(1),CORR EUR_JPY=+0.90,,,
2026-09-06T21:43:07.966697+00:00,EUR_JPY,WAIT,29,54,54,181.417,UPPER_25,S=181.228(1) R=185.3352(5),CORR GBP_JPY=+0.95,,,
2026-09-06T21:43:07.966704+00:00,GBP_JPY,WAIT,18,50,50,211.145,UPPER_25,S=210.59(2) R=214.49949999999998(4),CORR EUR_JPY=+0.95,,,
2026-09-06T21:43:07.966710+00:00,EUR_USD,WAIT,36,36,36,1.16122,UPPER_25,S=1.15811(2) R=1.16218(1),CORR USD_JPY=-0.40,,,
2026-09-06T21:48:55.238987+00:00,USD_JPY,WAIT,31,33,33,156.227,UPPER_MID,S=155.245(3) R=157.918(1),CORR EUR_JPY=+0.90,,,
2026-09-06T21:48:55.239010+00:00,EUR_JPY,WAIT,29,54,54,181.417,UPPER_25,S=181.228(1) R=185.3352(5),CORR GBP_JPY=+0.95,,,
2026-09-06T21:48:55.239020+00:00,GBP_JPY,WAIT,18,50,50,211.145,UPPER_25,S=210.59(2) R=214.49949999999998(4),CORR EUR_JPY=+0.95,,,
2026-09-06T21:48:55.239029+00:00,EUR_USD,WAIT,36,36,36,1.16122,UPPER_25,S=1.15811(2) R=1.16218(1),CORR USD_JPY=-0.40,,,
2026-09-06T21:54:43.414793+00:00,USD_JPY,WAIT,31,33,33,156.227,UPPER_MID,S=155.245(3) R=157.918(1),CORR EUR_JPY=+0.90,,,
2026-09-06T21:54:43.414816+00:00,EUR_JPY,WAIT,29,54,54,181.417,UPPER_25,S=181.228(1) R=185.3352(5),CORR GBP_JPY=+0.95,,,
2026-09-06T21:54:43.414830+00:00,GBP_JPY,WAIT,18,50,50,211.145,UPPER_25,S=210.59(2) R=214.49949999999998(4),CORR EUR_JPY=+0.95,,,
2026-09-06T21:54:43.414839+00:00,EUR_USD,WAIT,36,36,36,1.16122,UPPER_25,S=1.15811(2) R=1.16218(1),CORR USD_JPY=-0.40,,,
2026-09-06T22:00:32.599272+00:00,USD_JPY,WAIT,31,33,33,156.227,UPPER_MID,S=155.245(3) R=157.918(1),CORR EUR_JPY=+0.90,,,
2026-09-06T22:00:32.599295+00:00,EUR_JPY,WAIT,29,54,54,181.417,UPPER_25,S=181.228(1) R=185.5115(8),CORR GBP_JPY=+0.95,,,
2026-09-06T22:00:32.599305+00:00,GBP_JPY,SHORT,20,68,68,211.127,UPPER_25,S=210.59(2) R=214.49949999999998(4),CORR EUR_JPY=+0.95,1.0,1.4999999999999958,1H bullish | near repeated daily support
2026-09-06T22:00:32.599318+00:00,EUR_USD,WAIT,9,36,36,1.161,UPPER_25,S=1.1576133333333334(3) R=1.16218(1),CORR USD_JPY=-0.40,,,
2026-09-06T22:06:23.774387+00:00,USD_JPY,WAIT,13,54,54,156.202,UPPER_MID,S=155.245(3) R=157.918(1),CORR EUR_JPY=+0.90,,,
2026-09-06T22:06:23.774414+00:00,EUR_JPY,SHORT,18,65,65,181.409,UPPER_25,S=181.228(1) R=185.5115(8),CORR GBP_JPY=+0.95,1.0,1.5,1H bullish | near repeated daily support
2026-09-06T22:06:23.774426+00:00,GBP_JPY,SHORT,20,68,68,211.127,UPPER_25,S=210.59(2) R=214.49949999999998(4),CORR EUR_JPY=+0.95,1.0,1.4999999999999958,1H bullish | near repeated daily support
2026-09-06T22:06:23.774439+00:00,EUR_USD,WAIT,9,36,36,1.161,UPPER_25,S=1.1576133333333334(3) R=1.16218(1),CORR USD_JPY=-0.40,,,
2026-09-06T22:12:14.366847+00:00,USD_JPY,WAIT,13,54,54,156.202,UPPER_MID,S=155.245(3) R=157.918(1),CORR EUR_JPY=+0.90,,,
2026-09-06T22:12:14.366870+00:00,EUR_JPY,SHORT,18,65,65,181.409,UPPER_25,S=181.228(1) R=185.5115(8),CORR GBP_JPY=+0.95,1.0,1.5,1H bullish | near repeated daily support
2026-09-06T22:12:14.366884+00:00,GBP_JPY,SHORT,20,68,68,211.127,UPPER_25,S=210.59(2) R=214.49949999999998(4),CORR EUR_JPY=+0.95,1.0,1.4999999999999958,1H bullish | near repeated daily support
2026-09-06T22:12:14.366895+00:00,EUR_USD,WAIT,9,36,36,1.161,UPPER_25,S=1.1576133333333334(3) R=1.16218(1),CORR USD_JPY=-0.40,,,
2026-09-06T22:18:02.846066+00:00,USD_JPY,WAIT,13,54,54,156.194,UPPER_MID,S=155.245(3) R=157.918(1),CORR EUR_JPY=+0.90,,,
2026-09-06T22:18:02.846089+00:00,EUR_JPY,WAIT,18,51,51,181.38,UPPER_25,S=181.228(1) R=185.5115(8),CORR GBP_JPY=+0.95,,,
2026-09-06T22:18:02.846104+00:00,GBP_JPY,WAIT,20,54,54,211.107,UPPER_25,S=210.59(2) R=214.49949999999998(4),CORR EUR_JPY=+0.95,,,
2026-09-06T22:18:02.846113+00:00,EUR_USD,WAIT,9,36,36,1.1609,UPPER_25,S=1.1576133333333334(3) R=1.16218(1),CORR USD_JPY=-0.40,,,
2026-09-06T22:23:48.440349+00:00,USD_JPY,WAIT,13,54,54,156.194,UPPER_MID,S=155.245(3) R=157.918(1),CORR EUR_JPY=+0.90,,,
2026-09-06T22:23:48.440371+00:00,EUR_JPY,WAIT,18,51,51,181.38,UPPER_25,S=181.228(1) R=185.5115(8),CORR GBP_JPY=+0.95,,,
2026-09-06T22:23:48.440380+00:00,GBP_JPY,WAIT,20,54,54,211.107,UPPER_25,S=210.59(2) R=214.49949999999998(4),CORR EUR_JPY=+0.95,,,
2026-09-06T22:23:48.440389+00:00,EUR_USD,WAIT,9,36,36,1.1609,UPPER_25,S=1.1576133333333334(3) R=1.16218(1),CORR USD_JPY=-0.40,,,
2026-09-06T22:29:36.313089+00:00,USD_JPY,WAIT,13,54,54,156.194,UPPER_MID,S=155.245(3) R=157.918(1),CORR EUR_JPY=+0.90,,,
2026-09-06T22:29:36.313111+00:00,EUR_JPY,WAIT,18,51,51,181.38,UPPER_25,S=181.228(1) R=185.5115(8),CORR GBP_JPY=+0.95,,,
2026-09-06T22:29:36.313124+00:00,GBP_JPY,WAIT,20,54,54,211.107,UPPER_25,S=210.59(2) R=214.49949999999998(4),CORR EUR_JPY=+0.95,,,
2026-09-06T22:29:36.313138+00:00,EUR_USD,WAIT,9,36,36,1.1609,UPPER_25,S=1.1576133333333334(3) R=1.16218(1),CORR USD_JPY=-0.40,,,
2026-09-06T22:30:38.046872+00:00,USD_JPY,WAIT,13,54,54,156.194,UPPER_MID,S=155.245(3) R=157.918(1),CORR EUR_JPY=+0.90,,,
2026-09-06T22:30:38.046900+00:00,EUR_JPY,SHORT,18,62,62,181.386,UPPER_25,S=181.228(1) R=185.5115(8),CORR GBP_JPY=+0.95,1.0,1.5000000000000033,1H bullish | near repeated daily support
2026-09-06T22:30:38.046916+00:00,GBP_JPY,WAIT,20,54,54,211.103,UPPER_25,S=210.59(2) R=214.49949999999998(4),CORR EUR_JPY=+0.95,,,
2026-09-06T22:30:38.046927+00:00,EUR_USD,WAIT,9,29,29,1.16093,UPPER_25,S=1.1576133333333334(3) R=1.16218(1),CORR USD_JPY=-0.40,,,
2026-09-06T22:36:20.305846+00:00,USD_JPY,WAIT,13,54,54,156.196,UPPER_MID,S=155.245(3) R=157.918(1),CORR EUR_JPY=+0.90,,,
2026-09-06T22:36:20.305869+00:00,EUR_JPY,SHORT,18,62,62,181.386,UPPER_25,S=181.228(1) R=185.5115(8),CORR GBP_JPY=+0.95,1.0,1.5000000000000033,1H bullish | near repeated daily support
2026-09-06T22:36:20.305885+00:00,GBP_JPY,WAIT,20,54,54,211.103,UPPER_25,S=210.59(2) R=214.49949999999998(4),CORR EUR_JPY=+0.95,,,
2026-09-06T22:36:20.305897+00:00,EUR_USD,WAIT,9,29,29,1.16093,UPPER_25,S=1.1576133333333334(3) R=1.16218(1),CORR USD_JPY=-0.40,,,
2026-09-06T22:42:03.665796+00:00,USD_JPY,WAIT,13,54,54,156.196,UPPER_MID,S=155.245(3) R=157.918(1),CORR EUR_JPY=+0.90,,,
2026-09-06T22:42:03.665823+00:00,EUR_JPY,SHORT,18,62,62,181.386,UPPER_25,S=181.228(1) R=185.5115(8),CORR GBP_JPY=+0.95,1.0,1.5000000000000033,1H bullish | near repeated daily support
2026-09-06T22:42:03.665838+00:00,GBP_JPY,WAIT,20,54,54,211.103,UPPER_25,S=210.59(2) R=214.49949999999998(4),CORR EUR_JPY=+0.95,,,
2026-09-06T22:42:03.665849+00:00,EUR_USD,WAIT,9,29,29,1.16093,UPPER_25,S=1.1576133333333334(3) R=1.16218(1),CORR USD_JPY=-0.40,,,
2026-09-06T22:47:45.807724+00:00,USD_JPY,WAIT,24,54,54,156.206,UPPER_MID,S=155.245(3) R=157.918(1),CORR EUR_JPY=+0.90,,,
2026-09-06T22:47:45.807750+00:00,EUR_JPY,WAIT,18,55,55,181.397,UPPER_25,S=181.228(1) R=185.5115(8),CORR GBP_JPY=+0.95,,,
2026-09-06T22:47:45.807762+00:00,GBP_JPY,WAIT,20,58,58,211.115,UPPER_25,S=210.59(2) R=214.49949999999998(4),CORR EUR_JPY=+0.95,,,
2026-09-06T22:47:45.807772+00:00,EUR_USD,WAIT,9,29,29,1.16089,UPPER_25,S=1.1576133333333334(3) R=1.16218(1),CORR USD_JPY=-0.40,,,
2026-09-06T22:53:28.280122+00:00,USD_JPY,WAIT,24,61,61,156.206,UPPER_MID,S=155.245(3) R=157.918(1),CORR EUR_JPY=+0.90,,,
2026-09-06T22:53:28.280146+00:00,EUR_JPY,SHORT,18,62,62,181.397,UPPER_25,S=181.228(1) R=185.5115(8),CORR GBP_JPY=+0.95,1.0,1.5,1H bullish | near repeated daily support
2026-09-06T22:53:28.280162+00:00,GBP_JPY,WAIT,20,58,58,211.115,UPPER_25,S=210.59(2) R=214.49949999999998(4),CORR EUR_JPY=+0.95,,,
2026-09-06T22:53:28.280173+00:00,EUR_USD,WAIT,9,29,29,1.16089,UPPER_25,S=1.1576133333333334(3) R=1.16218(1),CORR USD_JPY=-0.40,,,
2026-09-06T22:59:11.513809+00:00,USD_JPY,WAIT,24,61,61,156.206,UPPER_MID,S=155.245(3) R=157.918(1),CORR EUR_JPY=+0.90,,,
2026-09-06T22:59:11.513836+00:00,EUR_JPY,SHORT,18,62,62,181.397,UPPER_25,S=181.228(1) R=185.5115(8),CORR GBP_JPY=+0.95,1.0,1.5,1H bullish | near repeated daily support
2026-09-06T22:59:11.513851+00:00,GBP_JPY,WAIT,20,58,58,211.115,UPPER_25,S=210.59(2) R=214.49949999999998(4),CORR EUR_JPY=+0.95,,,
2026-09-06T22:59:11.513863+00:00,EUR_USD,WAIT,9,29,29,1.16089,UPPER_25,S=1.1576133333333334(3) R=1.16218(1),CORR USD_JPY=-0.40,,,
2026-09-06T23:04:54.965087+00:00,USD_JPY,SHORT,13,72,72,156.17,UPPER_MID,S=155.245(3) R=157.918(1),CORR EUR_JPY=+0.90,1.0,1.499999999999992,1H bullish
2026-09-06T23:04:54.965114+00:00,EUR_JPY,SHORT,5,62,62,181.366,UPPER_25,S=181.228(1) R=185.5115(8),CORR GBP_JPY=+0.95,1.0,1.4999999999999967,near repeated daily support
2026-09-06T23:04:54.965124+00:00,GBP_JPY,WAIT,7,58,58,211.082,UPPER_25,S=210.59(2) R=214.49949999999998(4),CORR EUR_JPY=+0.95,,,
2026-09-06T23:04:54.965130+00:00,EUR_USD,WAIT,9,29,29,1.16093,UPPER_25,S=1.1576133333333334(3) R=1.16218(1),CORR USD_JPY=-0.40,,,
2026-09-06T23:10:38.279165+00:00,USD_JPY,SHORT,13,65,65,156.17,UPPER_MID,S=155.245(3) R=157.918(1),CORR EUR_JPY=+0.90,1.0,1.499999999999992,1H bullish
2026-09-06T23:10:38.279190+00:00,EUR_JPY,WAIT,5,55,55,181.366,UPPER_25,S=181.228(1) R=185.5115(8),CORR GBP_JPY=+0.95,,,
2026-09-06T23:10:38.279197+00:00,GBP_JPY,WAIT,7,58,58,211.082,UPPER_25,S=210.59(2) R=214.49949999999998(4),CORR EUR_JPY=+0.95,,,
2026-09-06T23:10:38.279204+00:00,EUR_USD,WAIT,9,29,29,1.16093,UPPER_25,S=1.1576133333333334(3) R=1.16218(1),CORR USD_JPY=-0.40,,,
2026-09-06T23:16:21.096453+00:00,USD_JPY,WAIT,13,58,58,156.118,UPPER_MID,S=155.245(3) R=157.918(1),CORR EUR_JPY=+0.90,,,
2026-09-06T23:16:21.096477+00:00,EUR_JPY,WAIT,5,55,55,181.331,UPPER_25,S=181.228(1) R=185.5115(8),CORR GBP_JPY=+0.95,,,
2026-09-06T23:16:21.096489+00:00,GBP_JPY,WAIT,7,58,58,211.034,UPPER_25,S=210.59(2) R=214.49949999999998(4),CORR EUR_JPY=+0.95,,,
2026-09-06T23:16:21.096499+00:00,EUR_USD,WAIT,16,18,18,1.16145,UPPER_25,S=1.1576133333333334(3) R=1.16218(1),CORR USD_JPY=-0.40,,,
2026-09-06T23:22:04.348146+00:00,USD_JPY,WAIT,13,58,58,156.118,UPPER_MID,S=155.245(3) R=157.918(1),CORR EUR_JPY=+0.90,,,
2026-09-06T23:22:04.348163+00:00,EUR_JPY,WAIT,5,55,55,181.331,UPPER_25,S=181.228(1) R=185.5115(8),CORR GBP_JPY=+0.95,,,
2026-09-06T23:22:04.348170+00:00,GBP_JPY,WAIT,7,58,58,211.034,UPPER_25,S=210.59(2) R=214.49949999999998(4),CORR EUR_JPY=+0.95,,,
2026-09-06T23:22:04.348176+00:00,EUR_USD,WAIT,16,18,18,1.16145,UPPER_25,S=1.1576133333333334(3) R=1.16218(1),CORR USD_JPY=-0.40,,,
2026-09-06T23:27:47.407663+00:00,USD_JPY,WAIT,13,58,58,156.118,UPPER_MID,S=155.245(3) R=157.918(1),CORR EUR_JPY=+0.90,,,
2026-09-06T23:27:47.407680+00:00,EUR_JPY,WAIT,5,55,55,181.331,UPPER_25,S=181.228(1) R=185.5115(8),CORR GBP_JPY=+0.95,,,
2026-09-06T23:27:47.407721+00:00,GBP_JPY,WAIT,7,58,58,211.034,UPPER_25,S=210.59(2) R=214.49949999999998(4),CORR EUR_JPY=+0.95,,,
2026-09-06T23:27:47.407734+00:00,EUR_USD,WAIT,16,18,18,1.16145,UPPER_25,S=1.1576133333333334(3) R=1.16218(1),CORR USD_JPY=-0.40,,,
2026-09-06T23:33:30.572211+00:00,USD_JPY,WAIT,13,58,58,156.126,UPPER_MID,S=155.245(3) R=157.918(1),CORR EUR_JPY=+0.90,,,
2026-09-06T23:33:30.572241+00:00,EUR_JPY,WAIT,5,55,55,181.33,UPPER_25,S=181.228(1) R=185.5115(8),CORR GBP_JPY=+0.95,,,
2026-09-06T23:33:30.572253+00:00,GBP_JPY,WAIT,7,58,58,211.042,UPPER_25,S=210.59(2) R=214.49949999999998(4),CORR EUR_JPY=+0.95,,,
2026-09-06T23:33:30.572263+00:00,EUR_USD,WAIT,16,18,18,1.16139,UPPER_25,S=1.1576133333333334(3) R=1.16218(1),CORR USD_JPY=-0.40,,,
2026-09-06T23:34:33.781514+00:00,USD_JPY,WAIT,13,58,58,156.126,UPPER_MID,S=155.245(3) R=157.918(1),CORR EUR_JPY=+0.90,,,
2026-09-06T23:34:33.781531+00:00,EUR_JPY,WAIT,5,55,55,181.33,UPPER_25,S=181.228(1) R=185.5115(8),CORR GBP_JPY=+0.95,,,
2026-09-06T23:34:33.781538+00:00,GBP_JPY,WAIT,7,58,58,211.042,UPPER_25,S=210.59(2) R=214.49949999999998(4),CORR EUR_JPY=+0.95,,,
2026-09-06T23:34:33.781544+00:00,EUR_USD,WAIT,16,18,18,1.16139,UPPER_25,S=1.1576133333333334(3) R=1.16218(1),CORR USD_JPY=-0.40,,,
2026-09-06T23:40:15.491876+00:00,USD_JPY,WAIT,13,58,58,156.126,UPPER_MID,S=155.245(3) R=157.918(1),CORR EUR_JPY=+0.90,,,
2026-09-06T23:40:15.491898+00:00,EUR_JPY,WAIT,5,55,55,181.33,UPPER_25,S=181.228(1) R=185.5115(8),CORR GBP_JPY=+0.95,,,
2026-09-06T23:40:15.491911+00:00,GBP_JPY,WAIT,7,58,58,211.042,UPPER_25,S=210.59(2) R=214.49949999999998(4),CORR EUR_JPY=+0.95,,,
2026-09-06T23:40:15.491924+00:00,EUR_USD,WAIT,16,18,18,1.16139,UPPER_25,S=1.1576133333333334(3) R=1.16218(1),CORR USD_JPY=-0.40,,,
2026-09-06T23:45:57.756954+00:00,USD_JPY,WAIT,13,58,58,156.151,UPPER_MID,S=155.245(3) R=157.918(1),CORR EUR_JPY=+0.90,,,
2026-09-06T23:45:57.756977+00:00,EUR_JPY,WAIT,12,55,55,181.371,UPPER_25,S=181.228(1) R=185.5115(8),CORR GBP_JPY=+0.95,,,
2026-09-06T23:45:57.756989+00:00,GBP_JPY,WAIT,7,47,47,211.096,UPPER_25,S=210.59(2) R=214.49949999999998(4),CORR EUR_JPY=+0.95,,,
2026-09-06T23:45:57.756998+00:00,EUR_USD,WAIT,27,18,27,1.16148,UPPER_25,S=1.1576133333333334(3) R=1.16218(1),CORR USD_JPY=-0.40,,,
2026-09-06T23:51:42.009859+00:00,USD_JPY,WAIT,13,58,58,156.151,UPPER_MID,S=155.245(3) R=157.918(1),CORR EUR_JPY=+0.90,,,
2026-09-06T23:51:42.009882+00:00,EUR_JPY,WAIT,12,55,55,181.371,UPPER_25,S=181.228(1) R=185.5115(8),CORR GBP_JPY=+0.95,,,
2026-09-06T23:51:42.009893+00:00,GBP_JPY,WAIT,7,47,47,211.096,UPPER_25,S=210.59(2) R=214.49949999999998(4),CORR EUR_JPY=+0.95,,,
2026-09-06T23:51:42.009902+00:00,EUR_USD,WAIT,27,18,27,1.16148,UPPER_25,S=1.1576133333333334(3) R=1.16218(1),CORR USD_JPY=-0.40,,,
2026-09-06T23:57:24.585263+00:00,USD_JPY,WAIT,13,58,58,156.151,UPPER_MID,S=155.245(3) R=157.918(1),CORR EUR_JPY=+0.90,,,
2026-09-06T23:57:24.585280+00:00,EUR_JPY,WAIT,12,55,55,181.371,UPPER_25,S=181.228(1) R=185.5115(8),CORR GBP_JPY=+0.95,,,
2026-09-06T23:57:24.585297+00:00,GBP_JPY,WAIT,7,47,47,211.096,UPPER_25,S=210.59(2) R=214.49949999999998(4),CORR EUR_JPY=+0.95,,,
2026-09-06T23:57:24.585308+00:00,EUR_USD,WAIT,27,18,27,1.16148,UPPER_25,S=1.1576133333333334(3) R=1.16218(1),CORR USD_JPY=-0.40,,,
2026-09-07T00:03:07.498486+00:00,USD_JPY,WAIT,13,47,47,156.199,UPPER_MID,S=155.245(3) R=157.918(1),CORR EUR_JPY=+0.91,,,
2026-09-07T00:03:07.498507+00:00,EUR_JPY,WAIT,5,33,33,181.391,UPPER_25,S=181.228(1) R=185.5115(8),CORR GBP_JPY=+0.95,,,
2026-09-07T00:03:07.498519+00:00,GBP_JPY,WAIT,7,47,47,211.118,UPPER_25,S=210.59(2) R=214.49949999999998(4),CORR EUR_JPY=+0.95,,,
2026-09-07T00:03:07.498530+00:00,EUR_USD,WAIT,27,18,27,1.16124,UPPER_25,S=1.1576133333333334(3) R=1.16218(1),CORR USD_JPY=-0.40,,,
2026-09-07T00:08:51.537688+00:00,USD_JPY,WAIT,13,47,47,156.199,UPPER_MID,S=155.245(3) R=157.918(1),CORR EUR_JPY=+0.91,,,
2026-09-07T00:08:51.537712+00:00,EUR_JPY,WAIT,5,33,33,181.391,UPPER_25,S=181.228(1) R=185.5115(8),CORR GBP_JPY=+0.95,,,
2026-09-07T00:08:51.537725+00:00,GBP_JPY,WAIT,7,54,54,211.118,UPPER_25,S=210.59(2) R=214.49949999999998(4),CORR EUR_JPY=+0.95,,,
2026-09-07T00:08:51.537734+00:00,EUR_USD,WAIT,27,18,27,1.16124,UPPER_25,S=1.1576133333333334(3) R=1.16218(1),CORR USD_JPY=-0.40,,,
2026-09-07T00:14:33.764294+00:00,USD_JPY,WAIT,13,54,54,156.199,UPPER_MID,S=155.245(3) R=157.918(1),CORR EUR_JPY=+0.91,,,
2026-09-07T00:14:33.764314+00:00,EUR_JPY,WAIT,5,40,40,181.391,UPPER_25,S=181.228(1) R=185.5115(8),CORR GBP_JPY=+0.95,,,
2026-09-07T00:14:33.764327+00:00,GBP_JPY,WAIT,7,54,54,211.118,UPPER_25,S=210.59(2) R=214.49949999999998(4),CORR EUR_JPY=+0.95,,,
2026-09-07T00:14:33.764337+00:00,EUR_USD,WAIT,27,18,27,1.16124,UPPER_25,S=1.1576133333333334(3) R=1.16218(1),CORR USD_JPY=-0.40,,,
2026-09-07T00:20:16.380083+00:00,USD_JPY,SHORT,13,72,72,156.123,UPPER_MID,S=155.245(3) R=157.918(1),CORR EUR_JPY=+0.91,1.0,1.5,1H bullish
2026-09-07T00:20:16.380117+00:00,EUR_JPY,WAIT,5,58,58,181.33,UPPER_25,S=181.228(1) R=185.5115(8),CORR GBP_JPY=+0.95,,,
2026-09-07T00:20:16.380130+00:00,GBP_JPY,SHORT,7,72,72,211.053,UPPER_25,S=210.59(2) R=214.49949999999998(4),CORR EUR_JPY=+0.95,1.0,1.5,near repeated daily support
2026-09-07T00:20:16.380142+00:00,EUR_USD,WAIT,20,18,20,1.16144,UPPER_25,S=1.1576133333333334(3) R=1.16218(1),CORR USD_JPY=-0.40,,,
2026-09-07T00:26:00.376996+00:00,USD_JPY,SHORT,13,65,65,156.123,UPPER_MID,S=155.245(3) R=157.918(1),CORR EUR_JPY=+0.91,1.0,1.5,1H bullish
2026-09-07T00:26:00.377027+00:00,EUR_JPY,WAIT,5,51,51,181.33,UPPER_25,S=181.228(1) R=185.5115(8),CORR GBP_JPY=+0.95,,,
2026-09-07T00:26:00.377040+00:00,GBP_JPY,SHORT,7,65,65,211.053,UPPER_25,S=210.59(2) R=214.49949999999998(4),CORR EUR_JPY=+0.95,1.0,1.5,near repeated daily support
2026-09-07T00:26:00.377076+00:00,EUR_USD,WAIT,20,18,20,1.16144,UPPER_25,S=1.1576133333333334(3) R=1.16218(1),CORR USD_JPY=-0.40,,,
2026-09-07T00:31:43.872316+00:00,USD_JPY,SHORT,13,65,65,155.899,UPPER_MID,S=155.245(3) R=157.918(1),CORR EUR_JPY=+0.91,1.0,1.5,1H bullish
2026-09-07T00:31:43.872338+00:00,EUR_JPY,WAIT,0,51,51,181.124,UPPER_25,S=179.357(1) R=185.5115(8),CORR GBP_JPY=+0.95,,,
2026-09-07T00:31:43.872346+00:00,GBP_JPY,SHORT,7,65,65,210.781,UPPER_25,S=210.59(2) R=214.49949999999998(4),CORR EUR_JPY=+0.95,1.0,1.5,near repeated daily support
2026-09-07T00:31:43.872353+00:00,EUR_USD,WAIT,27,18,27,1.16179,UPPER_25,S=1.1576133333333334(3) R=1.16218(1),CORR USD_JPY=-0.40,,,
2026-09-07T00:37:26.564998+00:00,USD_JPY,SHORT,13,65,65,155.899,UPPER_MID,S=155.245(3) R=157.918(1),CORR EUR_JPY=+0.91,1.0,1.5,1H bullish
2026-09-07T00:37:26.565031+00:00,EUR_JPY,WAIT,0,51,51,181.124,UPPER_25,S=179.357(1) R=185.5115(8),CORR GBP_JPY=+0.95,,,
2026-09-07T00:37:26.565066+00:00,GBP_JPY,SHORT,7,65,65,210.781,UPPER_25,S=210.59(2) R=214.49949999999998(4),CORR EUR_JPY=+0.95,1.0,1.5,near repeated daily support
2026-09-07T00:37:26.565082+00:00,EUR_USD,WAIT,27,18,27,1.16179,UPPER_25,S=1.1576133333333334(3) R=1.16218(1),CORR USD_JPY=-0.40,,,
2026-09-07T00:38:35.960301+00:00,USD_JPY,SHORT,13,65,65,155.899,UPPER_MID,S=155.245(3) R=157.918(1),CORR EUR_JPY=+0.91,1.0,1.5,1H bullish
2026-09-07T00:38:35.960325+00:00,EUR_JPY,WAIT,0,51,51,181.124,UPPER_25,S=179.357(1) R=185.5115(8),CORR GBP_JPY=+0.95,,,
2026-09-07T00:38:35.960341+00:00,GBP_JPY,SHORT,7,65,65,210.781,UPPER_25,S=210.59(2) R=214.49949999999998(4),CORR EUR_JPY=+0.95,1.0,1.5,near repeated daily support
2026-09-07T00:38:35.960353+00:00,EUR_USD,WAIT,27,18,27,1.16179,UPPER_25,S=1.1576133333333334(3) R=1.16218(1),CORR USD_JPY=-0.40,,,
2026-09-07T00:44:27.499151+00:00,USD_JPY,SHORT,13,65,65,155.899,UPPER_MID,S=155.245(3) R=157.918(1),CORR EUR_JPY=+0.91,1.0,1.5,1H bullish
2026-09-07T00:44:27.499181+00:00,EUR_JPY,WAIT,0,51,51,181.124,UPPER_25,S=179.357(1) R=185.5115(8),CORR GBP_JPY=+0.95,,,
2026-09-07T00:44:27.499192+00:00,GBP_JPY,SHORT,7,65,65,210.781,UPPER_25,S=210.59(2) R=214.49949999999998(4),CORR EUR_JPY=+0.95,1.0,1.5,near repeated daily support
2026-09-07T00:44:27.499203+00:00,EUR_USD,WAIT,27,18,27,1.16179,UPPER_25,S=1.1576133333333334(3) R=1.16218(1),CORR USD_JPY=-0.40,,,
2026-09-07T00:50:20.499758+00:00,USD_JPY,WAIT,13,58,58,155.888,UPPER_MID,S=155.245(3) R=157.918(1),CORR EUR_JPY=+0.91,,,
2026-09-07T00:50:20.499782+00:00,EUR_JPY,WAIT,0,44,44,181.127,UPPER_25,S=179.357(1) R=185.5115(8),CORR GBP_JPY=+0.95,,,
2026-09-07T00:50:20.499793+00:00,GBP_JPY,SHORT,7,65,65,210.778,UPPER_25,S=210.59(2) R=214.49949999999998(4),CORR EUR_JPY=+0.95,1.0,1.5000000000000038,near repeated daily support
2026-09-07T00:50:20.499806+00:00,EUR_USD,WAIT,20,18,20,1.16191,UPPER_25,S=1.1576133333333334(3) R=1.16218(1),CORR USD_JPY=-0.40,,,
2026-09-07T00:56:11.544309+00:00,USD_JPY,WAIT,13,58,58,155.888,UPPER_MID,S=155.245(3) R=157.918(1),CORR EUR_JPY=+0.91,,,
2026-09-07T00:56:11.544328+00:00,EUR_JPY,WAIT,0,44,44,181.127,UPPER_25,S=179.357(1) R=185.5115(8),CORR GBP_JPY=+0.95,,,
2026-09-07T00:56:11.544339+00:00,GBP_JPY,SHORT,7,65,65,210.778,UPPER_25,S=210.59(2) R=214.49949999999998(4),CORR EUR_JPY=+0.95,1.0,1.5000000000000038,near repeated daily support
2026-09-07T00:56:11.544352+00:00,EUR_USD,WAIT,20,18,20,1.16191,UPPER_25,S=1.1576133333333334(3) R=1.16218(1),CORR USD_JPY=-0.40,,,
2026-09-07T01:02:05.857613+00:00,USD_JPY,SHORT,0,75,75,155.886,UPPER_MID,S=155.245(3) R=157.918(1),CORR EUR_JPY=+0.91,1.0,1.5000000000000069,
2026-09-07T01:02:05.857642+00:00,EUR_JPY,SHORT,0,75,75,181.113,UPPER_25,S=179.357(1) R=185.5115(8),CORR GBP_JPY=+0.95,1.0,1.5,
2026-09-07T01:02:05.857653+00:00,GBP_JPY,SHORT,7,78,78,210.76,UPPER_25,S=210.59(2) R=214.49949999999998(4),CORR EUR_JPY=+0.95,1.0,1.5,near repeated daily support
2026-09-07T01:02:05.857663+00:00,EUR_USD,WAIT,20,5,20,1.16183,UPPER_25,S=1.1576133333333334(3) R=1.16218(1),CORR USD_JPY=-0.41,,,
2026-09-07T01:07:57.054044+00:00,USD_JPY,SHORT,0,75,75,155.886,UPPER_MID,S=155.245(3) R=157.918(1),CORR EUR_JPY=+0.91,1.0,1.5000000000000069,
2026-09-07T01:07:57.054074+00:00,EUR_JPY,SHORT,0,75,75,181.113,UPPER_25,S=179.357(1) R=185.5115(8),CORR GBP_JPY=+0.95,1.0,1.5,
2026-09-07T01:07:57.054085+00:00,GBP_JPY,SHORT,7,78,78,210.76,UPPER_25,S=210.59(2) R=214.49949999999998(4),CORR EUR_JPY=+0.95,1.0,1.5,near repeated daily support
2026-09-07T01:07:57.054095+00:00,EUR_USD,WAIT,20,5,20,1.16183,UPPER_25,S=1.1576133333333334(3) R=1.16218(1),CORR USD_JPY=-0.41,,,
2026-09-07T01:13:48.907978+00:00,USD_JPY,SHORT,0,75,75,155.886,UPPER_MID,S=155.245(3) R=157.918(1),CORR EUR_JPY=+0.91,1.0,1.5000000000000069,
2026-09-07T01:13:48.908008+00:00,EUR_JPY,SHORT,0,75,75,181.113,UPPER_25,S=179.357(1) R=185.5115(8),CORR GBP_JPY=+0.95,1.0,1.5,
2026-09-07T01:13:48.908021+00:00,GBP_JPY,SHORT,7,78,78,210.76,UPPER_25,S=210.59(2) R=214.49949999999998(4),CORR EUR_JPY=+0.95,1.0,1.5,near repeated daily support
2026-09-07T01:13:48.908032+00:00,EUR_USD,WAIT,20,5,20,1.16183,UPPER_25,S=1.1576133333333334(3) R=1.16218(1),CORR USD_JPY=-0.41,,,
2026-09-07T01:19:41.079982+00:00,USD_JPY,SHORT,0,82,82,155.949,UPPER_MID,S=155.245(3) R=157.918(1),CORR EUR_JPY=+0.91,1.0,1.5,
2026-09-07T01:19:41.080010+00:00,EUR_JPY,SHORT,0,68,68,181.165,UPPER_25,S=179.357(1) R=185.5115(8),CORR GBP_JPY=+0.95,1.0,1.5,
2026-09-07T01:19:41.080023+00:00,GBP_JPY,SHORT,7,78,78,210.793,UPPER_25,S=210.59(2) R=214.49949999999998(4),CORR EUR_JPY=+0.95,1.0,1.5,near repeated daily support
2026-09-07T01:19:41.080035+00:00,EUR_USD,WAIT,27,5,27,1.16169,UPPER_25,S=1.1576133333333334(3) R=1.16218(1),CORR USD_JPY=-0.41,,,
2026-09-07T01:25:33.452279+00:00,USD_JPY,SHORT,0,75,75,155.949,UPPER_MID,S=155.245(3) R=157.918(1),CORR EUR_JPY=+0.91,1.0,1.5,
2026-09-07T01:25:33.452315+00:00,EUR_JPY,SHORT,0,68,68,181.165,UPPER_25,S=179.357(1) R=185.5115(8),CORR GBP_JPY=+0.95,1.0,1.5,
2026-09-07T01:25:33.452327+00:00,GBP_JPY,SHORT,7,78,78,210.793,UPPER_25,S=210.59(2) R=214.49949999999998(4),CORR EUR_JPY=+0.95,1.0,1.5,near repeated daily support
2026-09-07T01:25:33.452338+00:00,EUR_USD,WAIT,27,5,27,1.16169,UPPER_25,S=1.1576133333333334(3) R=1.16218(1),CORR USD_JPY=-0.41,,,
2026-09-07T01:31:26.771521+00:00,USD_JPY,SHORT,0,68,68,156.035,UPPER_MID,S=155.245(3) R=157.918(1),CORR EUR_JPY=+0.91,1.0,1.5000000000000075,
2026-09-07T01:31:26.771553+00:00,EUR_JPY,SHORT,5,68,68,181.252,UPPER_25,S=181.228(1) R=185.5115(8),CORR GBP_JPY=+0.95,1.0,1.5,near repeated daily support
2026-09-07T01:31:26.771567+00:00,GBP_JPY,SHORT,7,71,71,210.904,UPPER_25,S=210.59(2) R=214.49949999999998(4),CORR EUR_JPY=+0.95,1.0,1.5,near repeated daily support
2026-09-07T01:31:26.771577+00:00,EUR_USD,WAIT,20,5,20,1.16162,UPPER_25,S=1.1576133333333334(3) R=1.16218(1),CORR USD_JPY=-0.41,,,
2026-09-07T01:37:18.855482+00:00,USD_JPY,SHORT,0,68,68,156.035,UPPER_MID,S=155.245(3) R=157.918(1),CORR EUR_JPY=+0.91,1.0,1.5000000000000075,
2026-09-07T01:37:18.855514+00:00,EUR_JPY,SHORT,5,68,68,181.252,UPPER_25,S=181.228(1) R=185.5115(8),CORR GBP_JPY=+0.95,1.0,1.5,near repeated daily support
2026-09-07T01:37:18.855528+00:00,GBP_JPY,SHORT,7,71,71,210.904,UPPER_25,S=210.59(2) R=214.49949999999998(4),CORR EUR_JPY=+0.95,1.0,1.5,near repeated daily support
2026-09-07T01:37:18.855537+00:00,EUR_USD,WAIT,20,5,20,1.16162,UPPER_25,S=1.1576133333333334(3) R=1.16218(1),CORR USD_JPY=-0.41,,,
2026-09-07T01:43:10.501227+00:00,USD_JPY,SHORT,0,75,75,156.035,UPPER_MID,S=155.245(3) R=157.918(1),CORR EUR_JPY=+0.91,1.0,1.5000000000000075,
2026-09-07T01:43:10.501259+00:00,EUR_JPY,SHORT,5,75,75,181.252,UPPER_25,S=181.228(1) R=185.5115(8),CORR GBP_JPY=+0.95,1.0,1.5,near repeated daily support
2026-09-07T01:43:10.501271+00:00,GBP_JPY,SHORT,7,78,78,210.904,UPPER_25,S=210.59(2) R=214.49949999999998(4),CORR EUR_JPY=+0.95,1.0,1.5,near repeated daily support
2026-09-07T01:43:10.501277+00:00,EUR_USD,WAIT,20,5,20,1.16162,UPPER_25,S=1.1576133333333334(3) R=1.16218(1),CORR USD_JPY=-0.41,,,
2026-09-07T01:44:11.015700+00:00,USD_JPY,SHORT,0,75,75,156.035,UPPER_MID,S=155.245(3) R=157.918(1),CORR EUR_JPY=+0.91,1.0,1.5000000000000075,
2026-09-07T01:44:11.015734+00:00,EUR_JPY,SHORT,5,75,75,181.252,UPPER_25,S=181.228(1) R=185.5115(8),CORR GBP_JPY=+0.95,1.0,1.5,near repeated daily support
2026-09-07T01:44:11.015742+00:00,GBP_JPY,SHORT,7,78,78,210.904,UPPER_25,S=210.59(2) R=214.49949999999998(4),CORR EUR_JPY=+0.95,1.0,1.5,near repeated daily support
2026-09-07T01:44:11.015749+00:00,EUR_USD,WAIT,20,5,20,1.16162,UPPER_25,S=1.1576133333333334(3) R=1.16218(1),CORR USD_JPY=-0.41,,,
2026-09-07T01:49:54.876308+00:00,USD_JPY,WAIT,0,57,57,156.055,UPPER_MID,S=155.245(3) R=157.918(1),CORR EUR_JPY=+0.91,,,
2026-09-07T01:49:54.876340+00:00,EUR_JPY,SHORT,5,75,75,181.247,UPPER_25,S=181.228(1) R=185.5115(8),CORR GBP_JPY=+0.95,1.0,1.5,near repeated daily support
2026-09-07T01:49:54.876348+00:00,GBP_JPY,SHORT,7,78,78,210.891,UPPER_25,S=210.59(2) R=214.49949999999998(4),CORR EUR_JPY=+0.95,1.0,1.499999999999996,near repeated daily support
2026-09-07T01:49:54.876356+00:00,EUR_USD,WAIT,9,12,12,1.16139,UPPER_25,S=1.1576133333333334(3) R=1.16218(1),CORR USD_JPY=-0.41,,,
2026-09-07T01:55:39.298573+00:00,USD_JPY,SHORT,0,64,64,156.055,UPPER_MID,S=155.245(3) R=157.918(1),CORR EUR_JPY=+0.91,1.0,1.5,
2026-09-07T01:55:39.298598+00:00,EUR_JPY,SHORT,5,75,75,181.247,UPPER_25,S=181.228(1) R=185.5115(8),CORR GBP_JPY=+0.95,1.0,1.5,near repeated daily support
2026-09-07T01:55:39.298606+00:00,GBP_JPY,SHORT,7,78,78,210.891,UPPER_25,S=210.59(2) R=214.49949999999998(4),CORR EUR_JPY=+0.95,1.0,1.499999999999996,near repeated daily support
2026-09-07T01:55:39.298614+00:00,EUR_USD,WAIT,9,12,12,1.16139,UPPER_25,S=1.1576133333333334(3) R=1.16218(1),CORR USD_JPY=-0.41,,,
2026-09-07T02:01:25.212702+00:00,USD_JPY,SHORT,7,64,64,156.033,UPPER_MID,S=155.245(3) R=157.918(1),CORR EUR_JPY=+0.91,1.0,1.5,
2026-09-07T02:01:25.212736+00:00,EUR_JPY,SHORT,0,64,64,181.211,UPPER_25,S=179.357(1) R=185.5115(8),CORR GBP_JPY=+0.95,1.0,1.4999999999999967,
2026-09-07T02:01:25.212748+00:00,GBP_JPY,SHORT,7,64,64,210.841,UPPER_25,S=210.59(2) R=214.49949999999998(4),CORR EUR_JPY=+0.95,1.0,1.5,near repeated daily support
2026-09-07T02:01:25.212760+00:00,EUR_USD,WAIT,9,25,25,1.16134,UPPER_25,S=1.1576133333333334(3) R=1.16218(1),CORR USD_JPY=-0.42,,,
2026-09-07T02:07:10.371068+00:00,USD_JPY,WAIT,7,57,57,156.033,UPPER_MID,S=155.245(3) R=157.918(1),CORR EUR_JPY=+0.91,,,
2026-09-07T02:07:10.371082+00:00,EUR_JPY,WAIT,0,57,57,181.211,UPPER_25,S=179.357(1) R=185.5115(8),CORR GBP_JPY=+0.95,,,
2026-09-07T02:07:10.371087+00:00,GBP_JPY,WAIT,7,57,57,210.841,UPPER_25,S=210.59(2) R=214.49949999999998(4),CORR EUR_JPY=+0.95,,,
2026-09-07T02:07:10.371093+00:00,EUR_USD,WAIT,9,25,25,1.16134,UPPER_25,S=1.1576133333333334(3) R=1.16218(1),CORR USD_JPY=-0.42,,,
2026-09-07T02:12:54.577902+00:00,USD_JPY,WAIT,7,57,57,156.033,UPPER_MID,S=155.245(3) R=157.918(1),CORR EUR_JPY=+0.91,,,
2026-09-07T02:12:54.577916+00:00,EUR_JPY,WAIT,0,57,57,181.211,UPPER_25,S=179.357(1) R=185.5115(8),CORR GBP_JPY=+0.95,,,
2026-09-07T02:12:54.577922+00:00,GBP_JPY,WAIT,7,57,57,210.841,UPPER_25,S=210.59(2) R=214.49949999999998(4),CORR EUR_JPY=+0.95,,,
2026-09-07T02:12:54.577928+00:00,EUR_USD,WAIT,9,25,25,1.16134,UPPER_25,S=1.1576133333333334(3) R=1.16218(1),CORR USD_JPY=-0.42,,,
2026-09-07T02:18:38.802536+00:00,USD_JPY,WAIT,18,46,46,156.182,UPPER_MID,S=155.245(3) R=157.918(1),CORR EUR_JPY=+0.91,,,
2026-09-07T02:18:38.802554+00:00,EUR_JPY,WAIT,5,46,46,181.321,UPPER_25,S=181.228(1) R=185.5115(8),CORR GBP_JPY=+0.95,,,
2026-09-07T02:18:38.802564+00:00,GBP_JPY,WAIT,7,46,46,210.96,UPPER_25,S=210.59(2) R=214.49949999999998(4),CORR EUR_JPY=+0.95,,,
2026-09-07T02:18:38.802573+00:00,EUR_USD,WAIT,9,36,36,1.16095,UPPER_25,S=1.1576133333333334(3) R=1.16218(1),CORR USD_JPY=-0.42,,,
2026-09-07T02:24:24.377925+00:00,USD_JPY,WAIT,18,46,46,156.182,UPPER_MID,S=155.245(3) R=157.918(1),CORR EUR_JPY=+0.91,,,
2026-09-07T02:24:24.377938+00:00,EUR_JPY,WAIT,5,46,46,181.321,UPPER_25,S=181.228(1) R=185.5115(8),CORR GBP_JPY=+0.95,,,
2026-09-07T02:24:24.377944+00:00,GBP_JPY,WAIT,7,46,46,210.96,UPPER_25,S=210.59(2) R=214.49949999999998(4),CORR EUR_JPY=+0.95,,,
2026-09-07T02:24:24.377949+00:00,EUR_USD,WAIT,9,36,36,1.16095,UPPER_25,S=1.1576133333333334(3) R=1.16218(1),CORR USD_JPY=-0.42,,,
2026-09-07T02:30:07.945884+00:00,USD_JPY,WAIT,18,46,46,156.182,UPPER_MID,S=155.245(3) R=157.918(1),CORR EUR_JPY=+0.91,,,
2026-09-07T02:30:07.945899+00:00,EUR_JPY,WAIT,5,46,46,181.321,UPPER_25,S=181.228(1) R=185.5115(8),CORR GBP_JPY=+0.95,,,
2026-09-07T02:30:07.945905+00:00,GBP_JPY,WAIT,7,46,46,210.96,UPPER_25,S=210.59(2) R=214.49949999999998(4),CORR EUR_JPY=+0.95,,,
2026-09-07T02:30:07.945910+00:00,EUR_USD,WAIT,9,36,36,1.16095,UPPER_25,S=1.1576133333333334(3) R=1.16218(1),CORR USD_JPY=-0.42,,,
2026-09-07T02:35:52.509471+00:00,USD_JPY,WAIT,18,53,53,156.128,UPPER_MID,S=155.245(3) R=157.918(1),CORR EUR_JPY=+0.91,,,
2026-09-07T02:35:52.509497+00:00,EUR_JPY,WAIT,23,46,46,181.279,UPPER_25,S=181.228(1) R=185.5115(8),CORR GBP_JPY=+0.95,,,
2026-09-07T02:35:52.509504+00:00,GBP_JPY,WAIT,14,57,57,210.909,UPPER_25,S=210.59(2) R=214.49949999999998(4),CORR EUR_JPY=+0.95,,,
2026-09-07T02:35:52.509510+00:00,EUR_USD,WAIT,9,36,36,1.16108,UPPER_25,S=1.1576133333333334(3) R=1.16218(1),CORR USD_JPY=-0.42,,,
2026-09-07T02:41:37.294452+00:00,USD_JPY,WAIT,18,53,53,156.128,UPPER_MID,S=155.245(3) R=157.918(1),CORR EUR_JPY=+0.91,,,
2026-09-07T02:41:37.294472+00:00,EUR_JPY,WAIT,23,46,46,181.279,UPPER_25,S=181.228(1) R=185.5115(8),CORR GBP_JPY=+0.95,,,
2026-09-07T02:41:37.294487+00:00,GBP_JPY,WAIT,14,57,57,210.909,UPPER_25,S=210.59(2) R=214.49949999999998(4),CORR EUR_JPY=+0.95,,,
2026-09-07T02:41:37.294494+00:00,EUR_USD,WAIT,9,36,36,1.16108,UPPER_25,S=1.1576133333333334(3) R=1.16218(1),CORR USD_JPY=-0.42,,,
2026-09-07T02:47:21.768486+00:00,USD_JPY,WAIT,18,46,46,156.23,UPPER_MID,S=155.245(3) R=157.918(1),CORR EUR_JPY=+0.91,,,
2026-09-07T02:47:21.768501+00:00,EUR_JPY,WAIT,23,46,46,181.366,UPPER_25,S=181.228(1) R=185.5115(8),CORR GBP_JPY=+0.95,,,
2026-09-07T02:47:21.768507+00:00,GBP_JPY,WAIT,14,46,46,211.013,UPPER_25,S=210.59(2) R=214.49949999999998(4),CORR EUR_JPY=+0.95,,,
2026-09-07T02:47:21.768513+00:00,EUR_USD,WAIT,9,29,29,1.16088,UPPER_25,S=1.1576133333333334(3) R=1.16218(1),CORR USD_JPY=-0.42,,,
2026-09-07T02:48:21.844879+00:00,USD_JPY,WAIT,18,46,46,156.23,UPPER_MID,S=155.245(3) R=157.918(1),CORR EUR_JPY=+0.91,,,
2026-09-07T02:48:21.844896+00:00,EUR_JPY,WAIT,23,46,46,181.366,UPPER_25,S=181.228(1) R=185.5115(8),CORR GBP_JPY=+0.95,,,
2026-09-07T02:48:21.844902+00:00,GBP_JPY,WAIT,14,46,46,211.013,UPPER_25,S=210.59(2) R=214.49949999999998(4),CORR EUR_JPY=+0.95,,,
2026-09-07T02:48:21.844907+00:00,EUR_USD,WAIT,9,29,29,1.16088,UPPER_25,S=1.1576133333333334(3) R=1.16218(1),CORR USD_JPY=-0.42,,,
2026-09-07T02:54:03.348512+00:00,USD_JPY,WAIT,18,46,46,156.23,UPPER_MID,S=155.245(3) R=157.918(1),CORR EUR_JPY=+0.91,,,
2026-09-07T02:54:03.348528+00:00,EUR_JPY,WAIT,23,46,46,181.366,UPPER_25,S=181.228(1) R=185.5115(8),CORR GBP_JPY=+0.95,,,
2026-09-07T02:54:03.348536+00:00,GBP_JPY,WAIT,14,46,46,211.013,UPPER_25,S=210.59(2) R=214.49949999999998(4),CORR EUR_JPY=+0.95,,,
2026-09-07T02:54:03.348543+00:00,EUR_USD,WAIT,9,29,29,1.16088,UPPER_25,S=1.1576133333333334(3) R=1.16218(1),CORR USD_JPY=-0.42,,,
2026-09-07T02:59:44.080888+00:00,USD_JPY,WAIT,18,46,46,156.23,UPPER_MID,S=155.245(3) R=157.918(1),CORR EUR_JPY=+0.91,,,
2026-09-07T02:59:44.080899+00:00,EUR_JPY,WAIT,23,46,46,181.366,UPPER_25,S=181.228(1) R=185.5115(8),CORR GBP_JPY=+0.95,,,
2026-09-07T02:59:44.080905+00:00,GBP_JPY,WAIT,14,46,46,211.013,UPPER_25,S=210.59(2) R=214.49949999999998(4),CORR EUR_JPY=+0.95,,,
2026-09-07T02:59:44.080909+00:00,EUR_USD,WAIT,9,29,29,1.16088,UPPER_25,S=1.1576133333333334(3) R=1.16218(1),CORR USD_JPY=-0.42,,,
2026-09-07T03:05:25.699626+00:00,USD_JPY,WAIT,11,47,47,156.192,UPPER_MID,S=155.245(3) R=157.918(1),CORR EUR_JPY=+0.91,,,
2026-09-07T03:05:25.699642+00:00,EUR_JPY,WAIT,16,47,47,181.324,UPPER_25,S=181.228(1) R=185.5115(8),CORR GBP_JPY=+0.95,,,
2026-09-07T03:05:25.699648+00:00,GBP_JPY,WAIT,18,60,60,210.971,UPPER_25,S=210.59(2) R=214.49949999999998(4),CORR EUR_JPY=+0.95,,,
2026-09-07T03:05:25.699652+00:00,EUR_USD,WAIT,9,29,29,1.1609,UPPER_25,S=1.1576133333333334(3) R=1.16218(1),CORR USD_JPY=-0.42,,,
2026-09-07T03:11:08.046167+00:00,USD_JPY,WAIT,11,47,47,156.192,UPPER_MID,S=155.245(3) R=157.918(1),CORR EUR_JPY=+0.91,,,
2026-09-07T03:11:08.046183+00:00,EUR_JPY,WAIT,16,47,47,181.324,UPPER_25,S=181.228(1) R=185.5115(8),CORR GBP_JPY=+0.95,,,
2026-09-07T03:11:08.046188+00:00,GBP_JPY,WAIT,18,60,60,210.971,UPPER_25,S=210.59(2) R=214.49949999999998(4),CORR EUR_JPY=+0.95,,,
2026-09-07T03:11:08.046193+00:00,EUR_USD,WAIT,9,29,29,1.1609,UPPER_25,S=1.1576133333333334(3) R=1.16218(1),CORR USD_JPY=-0.42,,,
2026-09-07T03:16:51.916721+00:00,USD_JPY,WAIT,11,47,47,156.134,UPPER_MID,S=155.245(3) R=157.918(1),CORR EUR_JPY=+0.91,,,
2026-09-07T03:16:51.916732+00:00,EUR_JPY,WAIT,5,47,47,181.261,UPPER_25,S=181.228(1) R=185.5115(8),CORR GBP_JPY=+0.95,,,
2026-09-07T03:16:51.916737+00:00,GBP_JPY,WAIT,7,60,60,210.916,UPPER_25,S=210.59(2) R=214.49949999999998(4),CORR EUR_JPY=+0.95,,,
2026-09-07T03:16:51.916741+00:00,EUR_USD,WAIT,9,29,29,1.16092,UPPER_25,S=1.1576133333333334(3) R=1.16218(1),CORR USD_JPY=-0.42,,,
2026-09-07T03:22:33.712414+00:00,USD_JPY,WAIT,11,47,47,156.134,UPPER_MID,S=155.245(3) R=157.918(1),CORR EUR_JPY=+0.91,,,
2026-09-07T03:22:33.712425+00:00,EUR_JPY,WAIT,5,47,47,181.261,UPPER_25,S=181.228(1) R=185.5115(8),CORR GBP_JPY=+0.95,,,
2026-09-07T03:22:33.712431+00:00,GBP_JPY,WAIT,7,60,60,210.916,UPPER_25,S=210.59(2) R=214.49949999999998(4),CORR EUR_JPY=+0.95,,,
2026-09-07T03:22:33.712435+00:00,EUR_USD,WAIT,9,29,29,1.16092,UPPER_25,S=1.1576133333333334(3) R=1.16218(1),CORR USD_JPY=-0.42,,,
2026-09-07T03:28:14.757423+00:00,USD_JPY,WAIT,11,47,47,156.134,UPPER_MID,S=155.245(3) R=157.918(1),CORR EUR_JPY=+0.91,,,
2026-09-07T03:28:14.757441+00:00,EUR_JPY,WAIT,5,47,47,181.261,UPPER_25,S=181.228(1) R=185.5115(8),CORR GBP_JPY=+0.95,,,
2026-09-07T03:28:14.757448+00:00,GBP_JPY,WAIT,7,60,60,210.916,UPPER_25,S=210.59(2) R=214.49949999999998(4),CORR EUR_JPY=+0.95,,,
2026-09-07T03:28:14.757455+00:00,EUR_USD,WAIT,9,29,29,1.16092,UPPER_25,S=1.1576133333333334(3) R=1.16218(1),CORR USD_JPY=-0.42,,,
2026-09-07T03:33:56.128217+00:00,USD_JPY,WAIT,0,47,47,156.057,UPPER_MID,S=155.245(3) R=157.918(1),CORR EUR_JPY=+0.91,,,
2026-09-07T03:33:56.128238+00:00,EUR_JPY,WAIT,0,47,47,181.214,UPPER_25,S=179.357(1) R=185.5115(8),CORR GBP_JPY=+0.95,,,
2026-09-07T03:33:56.128244+00:00,GBP_JPY,WAIT,7,60,60,210.869,UPPER_25,S=210.59(2) R=214.49949999999998(4),CORR EUR_JPY=+0.95,,,
2026-09-07T03:33:56.128248+00:00,EUR_USD,WAIT,9,18,18,1.16118,UPPER_25,S=1.1576133333333334(3) R=1.16218(1),CORR USD_JPY=-0.42,,,
2026-09-07T03:39:36.114417+00:00,USD_JPY,WAIT,0,47,47,156.057,UPPER_MID,S=155.245(3) R=157.918(1),CORR EUR_JPY=+0.91,,,
2026-09-07T03:39:36.114429+00:00,EUR_JPY,WAIT,0,47,47,181.214,UPPER_25,S=179.357(1) R=185.5115(8),CORR GBP_JPY=+0.95,,,
2026-09-07T03:39:36.114435+00:00,GBP_JPY,WAIT,7,60,60,210.869,UPPER_25,S=210.59(2) R=214.49949999999998(4),CORR EUR_JPY=+0.95,,,
2026-09-07T03:39:36.114439+00:00,EUR_USD,WAIT,9,18,18,1.16118,UPPER_25,S=1.1576133333333334(3) R=1.16218(1),CORR USD_JPY=-0.42,,,
2026-09-07T03:45:16.946026+00:00,USD_JPY,WAIT,0,47,47,156.057,UPPER_MID,S=155.245(3) R=157.918(1),CORR EUR_JPY=+0.91,,,
2026-09-07T03:45:16.946038+00:00,EUR_JPY,WAIT,0,47,47,181.214,UPPER_25,S=179.357(1) R=185.5115(8),CORR GBP_JPY=+0.95,,,
2026-09-07T03:45:16.946043+00:00,GBP_JPY,WAIT,7,60,60,210.869,UPPER_25,S=210.59(2) R=214.49949999999998(4),CORR EUR_JPY=+0.95,,,
2026-09-07T03:45:16.946048+00:00,EUR_USD,WAIT,9,29,29,1.16093,UPPER_25,S=1.1576133333333334(3) R=1.16218(1),CORR USD_JPY=-0.42,,,
2026-09-07T03:50:58.135502+00:00,USD_JPY,WAIT,11,47,47,156.118,UPPER_MID,S=155.245(3) R=157.918(1),CORR EUR_JPY=+0.91,,,
2026-09-07T03:50:58.135526+00:00,EUR_JPY,WAIT,5,47,47,181.245,UPPER_25,S=181.228(1) R=185.5115(8),CORR GBP_JPY=+0.95,,,
2026-09-07T03:50:58.135531+00:00,GBP_JPY,WAIT,7,60,60,210.889,UPPER_25,S=210.59(2) R=214.49949999999998(4),CORR EUR_JPY=+0.95,,,
2026-09-07T03:50:58.135536+00:00,EUR_USD,WAIT,9,29,29,1.16093,UPPER_25,S=1.1576133333333334(3) R=1.16218(1),CORR USD_JPY=-0.42,,,
2026-09-07T04:55:10.909727+00:00,USD_JPY,WAIT,7,46,46,156.081,UPPER_MID,S=155.245(3) R=157.918(1),CORR EUR_JPY=+0.91,,,
2026-09-07T04:55:10.909746+00:00,EUR_JPY,WAIT,7,57,57,181.201,UPPER_25,S=179.357(1) R=185.5115(8),CORR GBP_JPY=+0.95,,,
2026-09-07T04:55:10.909756+00:00,GBP_JPY,WAIT,14,57,57,210.858,UPPER_25,S=210.59(2) R=214.49949999999998(4),CORR EUR_JPY=+0.95,,,
2026-09-07T04:55:10.909766+00:00,EUR_USD,WAIT,9,36,36,1.16093,UPPER_25,S=1.1576133333333334(3) R=1.16218(1),CORR USD_JPY=-0.42,,,
2026-09-07T05:00:53.764274+00:00,USD_JPY,WAIT,0,57,57,156.049,UPPER_MID,S=155.245(3) R=157.918(1),CORR EUR_JPY=+0.91,,,
2026-09-07T05:00:53.764295+00:00,EUR_JPY,WAIT,0,57,57,181.192,UPPER_25,S=179.357(1) R=185.5115(8),CORR GBP_JPY=+0.95,,,
2026-09-07T05:00:53.764308+00:00,GBP_JPY,WAIT,7,57,57,210.853,UPPER_25,S=210.59(2) R=214.49949999999998(4),CORR EUR_JPY=+0.95,,,
2026-09-07T05:00:53.764317+00:00,EUR_USD,WAIT,9,25,25,1.16112,UPPER_25,S=1.1576133333333334(3) R=1.16218(1),CORR USD_JPY=-0.42,,,
2026-09-07T05:06:36.216824+00:00,USD_JPY,WAIT,0,57,57,156.049,UPPER_MID,S=155.245(3) R=157.918(1),CORR EUR_JPY=+0.91,,,
2026-09-07T05:06:36.216846+00:00,EUR_JPY,WAIT,0,57,57,181.192,UPPER_25,S=179.357(1) R=185.5115(8),CORR GBP_JPY=+0.95,,,
2026-09-07T05:06:36.216859+00:00,GBP_JPY,WAIT,7,57,57,210.853,UPPER_25,S=210.59(2) R=214.49949999999998(4),CORR EUR_JPY=+0.95,,,
2026-09-07T05:06:36.216870+00:00,EUR_USD,WAIT,9,25,25,1.16112,UPPER_25,S=1.1576133333333334(3) R=1.16218(1),CORR USD_JPY=-0.42,,,
2026-09-07T05:12:19.105831+00:00,USD_JPY,WAIT,0,57,57,156.049,UPPER_MID,S=155.245(3) R=157.918(1),CORR EUR_JPY=+0.91,,,
2026-09-07T05:12:19.105851+00:00,EUR_JPY,WAIT,0,57,57,181.192,UPPER_25,S=179.357(1) R=185.5115(8),CORR GBP_JPY=+0.95,,,
2026-09-07T05:12:19.105862+00:00,GBP_JPY,WAIT,7,57,57,210.853,UPPER_25,S=210.59(2) R=214.49949999999998(4),CORR EUR_JPY=+0.95,,,
2026-09-07T05:12:19.105872+00:00,EUR_USD,WAIT,9,25,25,1.16112,UPPER_25,S=1.1576133333333334(3) R=1.16218(1),CORR USD_JPY=-0.42,,,
2026-09-07T05:18:01.993342+00:00,USD_JPY,WAIT,7,57,57,156.073,UPPER_MID,S=155.245(3) R=157.918(1),CORR EUR_JPY=+0.91,,,
2026-09-07T05:18:01.993363+00:00,EUR_JPY,WAIT,0,57,57,181.208,UPPER_25,S=179.357(1) R=185.5115(8),CORR GBP_JPY=+0.95,,,
2026-09-07T05:18:01.993374+00:00,GBP_JPY,WAIT,7,57,57,210.868,UPPER_25,S=210.59(2) R=214.49949999999998(4),CORR EUR_JPY=+0.95,,,
2026-09-07T05:18:01.993383+00:00,EUR_USD,WAIT,9,36,36,1.16102,UPPER_25,S=1.1576133333333334(3) R=1.16218(1),CORR USD_JPY=-0.42,,,
2026-09-07T05:23:44.110024+00:00,USD_JPY,WAIT,7,57,57,156.073,UPPER_MID,S=155.245(3) R=157.918(1),CORR EUR_JPY=+0.91,,,
2026-09-07T05:23:44.110063+00:00,EUR_JPY,WAIT,0,57,57,181.208,UPPER_25,S=179.357(1) R=185.5115(8),CORR GBP_JPY=+0.95,,,
2026-09-07T05:23:44.110075+00:00,GBP_JPY,WAIT,7,57,57,210.868,UPPER_25,S=210.59(2) R=214.49949999999998(4),CORR EUR_JPY=+0.95,,,
2026-09-07T05:23:44.110085+00:00,EUR_USD,WAIT,9,36,36,1.16102,UPPER_25,S=1.1576133333333334(3) R=1.16218(1),CORR USD_JPY=-0.42,,,
2026-09-07T05:29:26.883163+00:00,USD_JPY,WAIT,7,57,57,156.073,UPPER_MID,S=155.245(3) R=157.918(1),CORR EUR_JPY=+0.91,,,
2026-09-07T05:29:26.883182+00:00,EUR_JPY,WAIT,0,57,57,181.208,UPPER_25,S=179.357(1) R=185.5115(8),CORR GBP_JPY=+0.95,,,
2026-09-07T05:29:26.883193+00:00,GBP_JPY,WAIT,7,57,57,210.868,UPPER_25,S=210.59(2) R=214.49949999999998(4),CORR EUR_JPY=+0.95,,,
2026-09-07T05:29:26.883203+00:00,EUR_USD,WAIT,9,36,36,1.16102,UPPER_25,S=1.1576133333333334(3) R=1.16218(1),CORR USD_JPY=-0.42,,,
2026-09-07T05:35:09.599359+00:00,USD_JPY,SHORT,0,64,64,156.036,UPPER_MID,S=155.245(3) R=157.918(1),CORR EUR_JPY=+0.91,1.0,1.5,
2026-09-07T05:35:09.599392+00:00,EUR_JPY,WAIT,0,57,57,181.165,UPPER_25,S=179.357(1) R=185.5115(8),CORR GBP_JPY=+0.95,,,
2026-09-07T05:35:09.599405+00:00,GBP_JPY,WAIT,7,57,57,210.842,UPPER_25,S=210.59(2) R=214.49949999999998(4),CORR EUR_JPY=+0.95,,,
2026-09-07T05:35:09.599416+00:00,EUR_USD,WAIT,16,29,29,1.16102,UPPER_25,S=1.1576133333333334(3) R=1.16218(1),CORR USD_JPY=-0.42,,,
2026-09-07T05:40:52.652241+00:00,USD_JPY,SHORT,0,64,64,156.036,UPPER_MID,S=155.245(3) R=157.918(1),CORR EUR_JPY=+0.91,1.0,1.5,
2026-09-07T05:40:52.652270+00:00,EUR_JPY,WAIT,0,57,57,181.165,UPPER_25,S=179.357(1) R=185.5115(8),CORR GBP_JPY=+0.95,,,
2026-09-07T05:40:52.652281+00:00,GBP_JPY,WAIT,7,57,57,210.842,UPPER_25,S=210.59(2) R=214.49949999999998(4),CORR EUR_JPY=+0.95,,,
2026-09-07T05:40:52.652291+00:00,EUR_USD,WAIT,16,29,29,1.16102,UPPER_25,S=1.1576133333333334(3) R=1.16218(1),CORR USD_JPY=-0.42,,,
2026-09-07T05:46:35.096475+00:00,USD_JPY,SHORT,0,64,64,155.998,UPPER_MID,S=155.245(3) R=157.918(1),CORR EUR_JPY=+0.91,1.0,1.5,
2026-09-07T05:46:35.096506+00:00,EUR_JPY,WAIT,0,57,57,181.119,UPPER_25,S=179.357(1) R=185.5115(8),CORR GBP_JPY=+0.95,,,
2026-09-07T05:46:35.096518+00:00,GBP_JPY,WAIT,7,57,57,210.812,UPPER_25,S=210.59(2) R=214.49949999999998(4),CORR EUR_JPY=+0.95,,,
2026-09-07T05:46:35.096530+00:00,EUR_USD,WAIT,9,29,29,1.16102,UPPER_25,S=1.1576133333333334(3) R=1.16218(1),CORR USD_JPY=-0.42,,,
2026-09-07T05:52:19.156209+00:00,USD_JPY,SHORT,0,64,64,155.998,UPPER_MID,S=155.245(3) R=157.918(1),CORR EUR_JPY=+0.91,1.0,1.5,
2026-09-07T05:52:19.156238+00:00,EUR_JPY,WAIT,0,57,57,181.119,UPPER_25,S=179.357(1) R=185.5115(8),CORR GBP_JPY=+0.95,,,
2026-09-07T05:52:19.156252+00:00,GBP_JPY,WAIT,7,57,57,210.812,UPPER_25,S=210.59(2) R=214.49949999999998(4),CORR EUR_JPY=+0.95,,,
2026-09-07T05:52:19.156262+00:00,EUR_USD,WAIT,9,29,29,1.16102,UPPER_25,S=1.1576133333333334(3) R=1.16218(1),CORR USD_JPY=-0.42,,,
2026-09-07T05:58:01.210980+00:00,USD_JPY,SHORT,0,64,64,155.998,UPPER_MID,S=155.245(3) R=157.918(1),CORR EUR_JPY=+0.91,1.0,1.5,
2026-09-07T05:58:01.211010+00:00,EUR_JPY,WAIT,0,57,57,181.119,UPPER_25,S=179.357(1) R=185.5115(8),CORR GBP_JPY=+0.95,,,
2026-09-07T05:58:01.211021+00:00,GBP_JPY,WAIT,7,57,57,210.812,UPPER_25,S=210.59(2) R=214.49949999999998(4),CORR EUR_JPY=+0.95,,,
2026-09-07T05:58:01.211030+00:00,EUR_USD,WAIT,9,29,29,1.16102,UPPER_25,S=1.1576133333333334(3) R=1.16218(1),CORR USD_JPY=-0.42,,,
2026-09-07T05:59:15.914578+00:00,USD_JPY,SHORT,0,64,64,155.998,UPPER_MID,S=155.245(3) R=157.918(1),CORR EUR_JPY=+0.91,1.0,1.5,
2026-09-07T05:59:15.914603+00:00,EUR_JPY,WAIT,0,57,57,181.119,UPPER_25,S=179.357(1) R=185.5115(8),CORR GBP_JPY=+0.95,,,
2026-09-07T05:59:15.914609+00:00,GBP_JPY,WAIT,7,57,57,210.812,UPPER_25,S=210.59(2) R=214.49949999999998(4),CORR EUR_JPY=+0.95,,,
2026-09-07T05:59:15.914615+00:00,EUR_USD,WAIT,9,29,29,1.16102,UPPER_25,S=1.1576133333333334(3) R=1.16218(1),CORR USD_JPY=-0.42,,,
2026-09-07T06:05:09.582561+00:00,USD_JPY,SHORT,9,64,64,155.803,UPPER_MID,S=155.245(3) R=157.918(1),CORR EUR_JPY=+0.91,1.0,1.5,near repeated daily support
2026-09-07T06:05:09.582596+00:00,EUR_JPY,SHORT,0,64,64,180.954,UPPER_25,S=179.357(1) R=185.5115(8),CORR GBP_JPY=+0.95,1.0,1.500000000000003,
2026-09-07T06:05:09.582607+00:00,GBP_JPY,SHORT,5,64,64,210.628,UPPER_MID,S=210.43(1) R=214.49949999999998(4),CORR EUR_JPY=+0.95,1.0,1.4999999999999962,near repeated daily support
2026-09-07T06:05:09.582619+00:00,EUR_USD,WAIT,27,5,27,1.16142,UPPER_25,S=1.1576133333333334(3) R=1.16218(1),CORR USD_JPY=-0.43,,,
2026-09-07T06:11:03.207195+00:00,USD_JPY,SHORT,9,64,64,155.803,UPPER_MID,S=155.245(3) R=157.918(1),CORR EUR_JPY=+0.91,1.0,1.5,near repeated daily support
2026-09-07T06:11:03.207220+00:00,EUR_JPY,SHORT,0,64,64,180.954,UPPER_25,S=179.357(1) R=185.5115(8),CORR GBP_JPY=+0.95,1.0,1.500000000000003,
2026-09-07T06:11:03.207228+00:00,GBP_JPY,SHORT,5,64,64,210.628,UPPER_MID,S=210.43(1) R=214.49949999999998(4),CORR EUR_JPY=+0.95,1.0,1.4999999999999962,near repeated daily support
2026-09-07T06:11:03.207235+00:00,EUR_USD,WAIT,27,5,27,1.16142,UPPER_25,S=1.1576133333333334(3) R=1.16218(1),CORR USD_JPY=-0.43,,,
2026-09-07T06:16:56.464591+00:00,USD_JPY,WAIT,9,57,57,155.854,UPPER_MID,S=155.245(3) R=157.918(1),CORR EUR_JPY=+0.91,,,
2026-09-07T06:16:56.464606+00:00,EUR_JPY,WAIT,0,57,57,180.967,UPPER_25,S=179.357(1) R=185.5115(8),CORR GBP_JPY=+0.95,,,
2026-09-07T06:16:56.464613+00:00,GBP_JPY,WAIT,5,57,57,210.671,UPPER_25,S=210.43(1) R=214.49949999999998(4),CORR EUR_JPY=+0.95,,,
2026-09-07T06:16:56.464618+00:00,EUR_USD,WAIT,27,5,27,1.16113,UPPER_25,S=1.1576133333333334(3) R=1.16218(1),CORR USD_JPY=-0.43,,,
2026-09-07T06:22:50.970229+00:00,USD_JPY,WAIT,9,57,57,155.854,UPPER_MID,S=155.245(3) R=157.918(1),CORR EUR_JPY=+0.91,,,
2026-09-07T06:22:50.970244+00:00,EUR_JPY,WAIT,0,57,57,180.967,UPPER_25,S=179.357(1) R=185.5115(8),CORR GBP_JPY=+0.95,,,
2026-09-07T06:22:50.970250+00:00,GBP_JPY,WAIT,5,57,57,210.671,UPPER_25,S=210.43(1) R=214.49949999999998(4),CORR EUR_JPY=+0.95,,,
2026-09-07T06:22:50.970255+00:00,EUR_USD,WAIT,27,5,27,1.16113,UPPER_25,S=1.1576133333333334(3) R=1.16218(1),CORR USD_JPY=-0.43,,,
2026-09-07T06:28:45.392302+00:00,USD_JPY,WAIT,9,57,57,155.854,UPPER_MID,S=155.245(3) R=157.918(1),CORR EUR_JPY=+0.91,,,
2026-09-07T06:28:45.392316+00:00,EUR_JPY,WAIT,0,57,57,180.967,UPPER_25,S=179.357(1) R=185.5115(8),CORR GBP_JPY=+0.95,,,
2026-09-07T06:28:45.392322+00:00,GBP_JPY,WAIT,5,57,57,210.671,UPPER_25,S=210.43(1) R=214.49949999999998(4),CORR EUR_JPY=+0.95,,,
2026-09-07T06:28:45.392328+00:00,EUR_USD,WAIT,27,5,27,1.16113,UPPER_25,S=1.1576133333333334(3) R=1.16218(1),CORR USD_JPY=-0.43,,,
2026-09-07T06:34:40.224858+00:00,USD_JPY,WAIT,9,57,57,155.691,UPPER_MID,S=155.245(3) R=157.918(1),CORR EUR_JPY=+0.91,,,
2026-09-07T06:34:40.224879+00:00,EUR_JPY,WAIT,0,57,57,180.851,UPPER_25,S=179.357(1) R=185.5115(8),CORR GBP_JPY=+0.95,,,
2026-09-07T06:34:40.224902+00:00,GBP_JPY,WAIT,5,57,57,210.588,UPPER_MID,S=210.43(1) R=214.49949999999998(4),CORR EUR_JPY=+0.95,,,
2026-09-07T06:34:40.224910+00:00,EUR_USD,WAIT,27,5,27,1.16159,UPPER_25,S=1.1576133333333334(3) R=1.16218(1),CORR USD_JPY=-0.43,,,
2026-09-07T06:40:35.368782+00:00,USD_JPY,WAIT,9,57,57,155.691,UPPER_MID,S=155.245(3) R=157.918(1),CORR EUR_JPY=+0.91,,,
2026-09-07T06:40:35.368797+00:00,EUR_JPY,WAIT,0,57,57,180.851,UPPER_25,S=179.357(1) R=185.5115(8),CORR GBP_JPY=+0.95,,,
2026-09-07T06:40:35.368809+00:00,GBP_JPY,WAIT,5,57,57,210.588,UPPER_MID,S=210.43(1) R=214.49949999999998(4),CORR EUR_JPY=+0.95,,,
2026-09-07T06:40:35.368818+00:00,EUR_USD,WAIT,27,5,27,1.16159,UPPER_25,S=1.1576133333333334(3) R=1.16218(1),CORR USD_JPY=-0.43,,,
2026-09-07T06:46:28.862897+00:00,USD_JPY,WAIT,9,57,57,155.708,UPPER_MID,S=155.245(3) R=157.918(1),CORR EUR_JPY=+0.91,,,
2026-09-07T06:46:28.862919+00:00,EUR_JPY,SHORT,0,64,64,180.885,UPPER_25,S=179.357(1) R=185.5115(8),CORR GBP_JPY=+0.95,1.0,1.499999999999997,
2026-09-07T06:46:28.862930+00:00,GBP_JPY,WAIT,5,57,57,210.649,UPPER_25,S=210.43(1) R=214.49949999999998(4),CORR EUR_JPY=+0.95,,,
2026-09-07T06:46:28.862938+00:00,EUR_USD,WAIT,20,5,20,1.16168,UPPER_25,S=1.1576133333333334(3) R=1.16218(1),CORR USD_JPY=-0.43,,,
2026-09-07T06:52:24.204679+00:00,USD_JPY,WAIT,9,57,57,155.708,UPPER_MID,S=155.245(3) R=157.918(1),CORR EUR_JPY=+0.91,,,
2026-09-07T06:52:24.204694+00:00,EUR_JPY,SHORT,0,64,64,180.885,UPPER_25,S=179.357(1) R=185.5115(8),CORR GBP_JPY=+0.95,1.0,1.499999999999997,
2026-09-07T06:52:24.204702+00:00,GBP_JPY,WAIT,5,57,57,210.649,UPPER_25,S=210.43(1) R=214.49949999999998(4),CORR EUR_JPY=+0.95,,,
2026-09-07T06:52:24.204708+00:00,EUR_USD,WAIT,20,5,20,1.16168,UPPER_25,S=1.1576133333333334(3) R=1.16218(1),CORR USD_JPY=-0.43,,,
2026-09-07T06:58:17.453023+00:00,USD_JPY,WAIT,9,57,57,155.708,UPPER_MID,S=155.245(3) R=157.918(1),CORR EUR_JPY=+0.91,,,
2026-09-07T06:58:17.453036+00:00,EUR_JPY,SHORT,0,64,64,180.885,UPPER_25,S=179.357(1) R=185.5115(8),CORR GBP_JPY=+0.95,1.0,1.499999999999997,
2026-09-07T06:58:17.453044+00:00,GBP_JPY,WAIT,5,57,57,210.649,UPPER_25,S=210.43(1) R=214.49949999999998(4),CORR EUR_JPY=+0.95,,,
2026-09-07T06:58:17.453050+00:00,EUR_USD,WAIT,20,5,20,1.16168,UPPER_25,S=1.1576133333333334(3) R=1.16218(1),CORR USD_JPY=-0.43,,,
2026-09-07T07:04:12.905711+00:00,USD_JPY,WAIT,0,57,57,155.869,UPPER_MID,S=155.245(3) R=157.918(1),CORR EUR_JPY=+0.91,,,
2026-09-07T07:04:12.905726+00:00,EUR_JPY,WAIT,0,57,57,181.035,UPPER_25,S=179.357(1) R=185.5115(8),CORR GBP_JPY=+0.95,,,
2026-09-07T07:04:12.905732+00:00,GBP_JPY,WAIT,7,46,46,210.832,UPPER_25,S=210.59(2) R=214.49949999999998(4),CORR EUR_JPY=+0.95,,,
2026-09-07T07:04:12.905737+00:00,EUR_USD,WAIT,27,5,27,1.16145,UPPER_25,S=1.1576133333333334(3) R=1.16218(1),CORR USD_JPY=-0.43,,,
2026-09-07T07:05:29.853324+00:00,USD_JPY,WAIT,0,57,57,155.869,UPPER_MID,S=155.245(3) R=157.918(1),CORR EUR_JPY=+0.91,,,
2026-09-07T07:05:29.853344+00:00,EUR_JPY,WAIT,0,57,57,181.035,UPPER_25,S=179.357(1) R=185.5115(8),CORR GBP_JPY=+0.95,,,
2026-09-07T07:05:29.853356+00:00,GBP_JPY,WAIT,7,46,46,210.832,UPPER_25,S=210.59(2) R=214.49949999999998(4),CORR EUR_JPY=+0.95,,,
2026-09-07T07:05:29.853366+00:00,EUR_USD,WAIT,27,5,27,1.16145,UPPER_25,S=1.1576133333333334(3) R=1.16218(1),CORR USD_JPY=-0.43,,,
2026-09-07T07:11:25.769351+00:00,USD_JPY,WAIT,0,57,57,155.869,UPPER_MID,S=155.245(3) R=157.918(1),CORR EUR_JPY=+0.91,,,
2026-09-07T07:11:25.769372+00:00,EUR_JPY,WAIT,0,57,57,181.035,UPPER_25,S=179.357(1) R=185.5115(8),CORR GBP_JPY=+0.95,,,
2026-09-07T07:11:25.769383+00:00,GBP_JPY,WAIT,7,53,53,210.832,UPPER_25,S=210.59(2) R=214.49949999999998(4),CORR EUR_JPY=+0.95,,,
2026-09-07T07:11:25.769393+00:00,EUR_USD,WAIT,27,5,27,1.16145,UPPER_25,S=1.1576133333333334(3) R=1.16218(1),CORR USD_JPY=-0.43,,,
2026-09-07T07:17:20.865164+00:00,USD_JPY,SHORT,9,64,64,155.863,UPPER_MID,S=155.245(3) R=157.918(1),CORR EUR_JPY=+0.91,1.0,1.5000000000000069,near repeated daily support
2026-09-07T07:17:20.865195+00:00,EUR_JPY,SHORT,0,64,64,181.012,UPPER_25,S=179.357(1) R=185.5115(8),CORR GBP_JPY=+0.95,1.0,1.500000000000003,
2026-09-07T07:17:20.865209+00:00,GBP_JPY,WAIT,7,53,53,210.784,UPPER_25,S=210.59(2) R=214.49949999999998(4),CORR EUR_JPY=+0.95,,,
2026-09-07T07:17:20.865220+00:00,EUR_USD,WAIT,20,5,20,1.16133,UPPER_25,S=1.1576133333333334(3) R=1.16218(1),CORR USD_JPY=-0.43,,,
2026-09-07T07:23:16.557472+00:00,USD_JPY,SHORT,9,64,64,155.863,UPPER_MID,S=155.245(3) R=157.918(1),CORR EUR_JPY=+0.91,1.0,1.5000000000000069,near repeated daily support
2026-09-07T07:23:16.557504+00:00,EUR_JPY,SHORT,0,64,64,181.012,UPPER_25,S=179.357(1) R=185.5115(8),CORR GBP_JPY=+0.95,1.0,1.500000000000003,
2026-09-07T07:23:16.557518+00:00,GBP_JPY,WAIT,7,53,53,210.784,UPPER_25,S=210.59(2) R=214.49949999999998(4),CORR EUR_JPY=+0.95,,,
2026-09-07T07:23:16.557529+00:00,EUR_USD,WAIT,20,5,20,1.16133,UPPER_25,S=1.1576133333333334(3) R=1.16218(1),CORR USD_JPY=-0.43,,,
2026-09-07T07:29:10.996987+00:00,USD_JPY,SHORT,9,64,64,155.863,UPPER_MID,S=155.245(3) R=157.918(1),CORR EUR_JPY=+0.91,1.0,1.5000000000000069,near repeated daily support
2026-09-07T07:29:10.997018+00:00,EUR_JPY,SHORT,0,64,64,181.012,UPPER_25,S=179.357(1) R=185.5115(8),CORR GBP_JPY=+0.95,1.0,1.500000000000003,
2026-09-07T07:29:10.997034+00:00,GBP_JPY,WAIT,7,53,53,210.784,UPPER_25,S=210.59(2) R=214.49949999999998(4),CORR EUR_JPY=+0.95,,,
2026-09-07T07:29:10.997045+00:00,EUR_USD,WAIT,20,5,20,1.16133,UPPER_25,S=1.1576133333333334(3) R=1.16218(1),CORR USD_JPY=-0.43,,,
2026-09-07T07:35:05.391789+00:00,USD_JPY,SHORT,9,64,64,155.659,UPPER_MID,S=155.245(3) R=157.918(1),CORR EUR_JPY=+0.91,1.0,1.4999999999999938,near repeated daily support
2026-09-07T07:35:05.391822+00:00,EUR_JPY,SHORT,0,64,64,180.834,UPPER_25,S=179.357(1) R=185.5115(8),CORR GBP_JPY=+0.95,1.0,1.500000000000003,
2026-09-07T07:35:05.391835+00:00,GBP_JPY,SHORT,5,64,64,210.528,UPPER_MID,S=210.43(1) R=214.49949999999998(4),CORR EUR_JPY=+0.95,1.0,1.4999999999999964,near repeated daily support
2026-09-07T07:35:05.391848+00:00,EUR_USD,WAIT,27,5,27,1.1617,UPPER_25,S=1.1576133333333334(3) R=1.16218(1),CORR USD_JPY=-0.43,,,
2026-09-07T07:40:57.780418+00:00,USD_JPY,WAIT,9,57,57,155.659,UPPER_MID,S=155.245(3) R=157.918(1),CORR EUR_JPY=+0.91,,,
2026-09-07T07:40:57.780437+00:00,EUR_JPY,WAIT,0,57,57,180.834,UPPER_25,S=179.357(1) R=185.5115(8),CORR GBP_JPY=+0.95,,,
2026-09-07T07:40:57.780449+00:00,GBP_JPY,WAIT,5,57,57,210.528,UPPER_MID,S=210.43(1) R=214.49949999999998(4),CORR EUR_JPY=+0.95,,,
2026-09-07T07:40:57.780461+00:00,EUR_USD,WAIT,27,5,27,1.1617,UPPER_25,S=1.1576133333333334(3) R=1.16218(1),CORR USD_JPY=-0.43,,,
2026-09-07T07:46:52.156886+00:00,USD_JPY,WAIT,9,57,57,155.801,UPPER_MID,S=155.245(3) R=157.918(1),CORR EUR_JPY=+0.91,,,
2026-09-07T07:46:52.156900+00:00,EUR_JPY,WAIT,0,57,57,180.988,UPPER_25,S=179.357(1) R=185.5115(8),CORR GBP_JPY=+0.95,,,
2026-09-07T07:46:52.156907+00:00,GBP_JPY,WAIT,5,57,57,210.734,UPPER_25,S=210.43(1) R=214.49949999999998(4),CORR EUR_JPY=+0.95,,,
2026-09-07T07:46:52.156912+00:00,EUR_USD,WAIT,20,5,20,1.16164,UPPER_25,S=1.1576133333333334(3) R=1.16218(1),CORR USD_JPY=-0.43,,,
2026-09-07T07:52:47.205558+00:00,USD_JPY,WAIT,9,57,57,155.801,UPPER_MID,S=155.245(3) R=157.918(1),CORR EUR_JPY=+0.91,,,
2026-09-07T07:52:47.205577+00:00,EUR_JPY,WAIT,0,57,57,180.988,UPPER_25,S=179.357(1) R=185.5115(8),CORR GBP_JPY=+0.95,,,
2026-09-07T07:52:47.205587+00:00,GBP_JPY,WAIT,5,57,57,210.734,UPPER_25,S=210.43(1) R=214.49949999999998(4),CORR EUR_JPY=+0.95,,,
2026-09-07T07:52:47.205597+00:00,EUR_USD,WAIT,20,5,20,1.16164,UPPER_25,S=1.1576133333333334(3) R=1.16218(1),CORR USD_JPY=-0.43,,,
2026-09-07T07:58:40.362945+00:00,USD_JPY,WAIT,9,57,57,155.801,UPPER_MID,S=155.245(3) R=157.918(1),CORR EUR_JPY=+0.91,,,
2026-09-07T07:58:40.362966+00:00,EUR_JPY,WAIT,0,57,57,180.988,UPPER_25,S=179.357(1) R=185.5115(8),CORR GBP_JPY=+0.95,,,
2026-09-07T07:58:40.362977+00:00,GBP_JPY,WAIT,5,57,57,210.734,UPPER_25,S=210.43(1) R=214.49949999999998(4),CORR EUR_JPY=+0.95,,,
2026-09-07T07:58:40.362989+00:00,EUR_USD,WAIT,20,5,20,1.16164,UPPER_25,S=1.1576133333333334(3) R=1.16218(1),CORR USD_JPY=-0.43,,,
2026-09-07T08:04:34.778389+00:00,USD_JPY,SHORT,9,64,64,155.548,UPPER_MID,S=155.245(3) R=157.918(1),CORR EUR_JPY=+0.91,1.0,1.5,near repeated daily support
2026-09-07T08:04:34.778452+00:00,EUR_JPY,SHORT,0,64,64,180.801,UPPER_25,S=179.357(1) R=185.5115(8),CORR GBP_JPY=+0.95,1.0,1.5,
2026-09-07T08:04:34.778469+00:00,GBP_JPY,SHORT,5,64,64,210.498,UPPER_MID,S=210.43(1) R=214.49949999999998(4),CORR EUR_JPY=+0.95,1.0,1.5,near repeated daily support
2026-09-07T08:04:34.778482+00:00,EUR_USD,WAIT,36,0,36,1.16234,UPPER_25,S=1.1576133333333334(3) R=1.16984(2),CORR USD_JPY=-0.44,,,
2026-09-07T08:10:30.186938+00:00,USD_JPY,SHORT,9,64,64,155.548,UPPER_MID,S=155.245(3) R=157.918(1),CORR EUR_JPY=+0.91,1.0,1.5,near repeated daily support
2026-09-07T08:10:30.186971+00:00,EUR_JPY,SHORT,0,64,64,180.801,UPPER_25,S=179.357(1) R=185.5115(8),CORR GBP_JPY=+0.95,1.0,1.5,
2026-09-07T08:10:30.186986+00:00,GBP_JPY,SHORT,5,64,64,210.498,UPPER_MID,S=210.43(1) R=214.49949999999998(4),CORR EUR_JPY=+0.95,1.0,1.5,near repeated daily support
2026-09-07T08:10:30.187000+00:00,EUR_USD,WAIT,36,0,36,1.16234,UPPER_25,S=1.1576133333333334(3) R=1.16984(2),CORR USD_JPY=-0.44,,,
2026-09-07T08:11:41.661596+00:00,USD_JPY,SHORT,9,64,64,155.548,UPPER_MID,S=155.245(3) R=157.918(1),CORR EUR_JPY=+0.91,1.0,1.5,near repeated daily support
2026-09-07T08:11:41.661625+00:00,EUR_JPY,SHORT,0,64,64,180.801,UPPER_25,S=179.357(1) R=185.5115(8),CORR GBP_JPY=+0.95,1.0,1.5,
2026-09-07T08:11:41.661637+00:00,GBP_JPY,SHORT,5,64,64,210.498,UPPER_MID,S=210.43(1) R=214.49949999999998(4),CORR EUR_JPY=+0.95,1.0,1.5,near repeated daily support
2026-09-07T08:11:41.661649+00:00,EUR_USD,WAIT,36,0,36,1.16234,UPPER_25,S=1.1576133333333334(3) R=1.16984(2),CORR USD_JPY=-0.44,,,
2026-09-07T08:17:37.171769+00:00,USD_JPY,SHORT,0,64,64,154.71,UPPER_MID,S=NA(0) R=157.918(1),CORR EUR_JPY=+0.91,1.0,1.5000000000000044,
2026-09-07T08:17:37.171804+00:00,EUR_JPY,SHORT,5,64,64,179.952,UPPER_25,S=179.357(1) R=185.5115(8),CORR GBP_JPY=+0.95,1.0,1.5,near repeated daily support
2026-09-07T08:17:37.171820+00:00,GBP_JPY,SHORT,0,64,64,209.452,UPPER_MID,S=NA(0) R=214.49949999999998(4),CORR EUR_JPY=+0.95,1.0,1.5,
2026-09-07T08:17:37.171833+00:00,EUR_USD,WAIT,29,0,29,1.16314,UPPER_25,S=1.1576133333333334(3) R=1.16984(2),CORR USD_JPY=-0.44,,,
2026-09-07T08:23:31.359256+00:00,USD_JPY,SHORT,0,64,64,154.71,UPPER_MID,S=NA(0) R=157.918(1),CORR EUR_JPY=+0.91,1.0,1.5000000000000044,
2026-09-07T08:23:31.359288+00:00,EUR_JPY,SHORT,5,64,64,179.952,UPPER_25,S=179.357(1) R=185.5115(8),CORR GBP_JPY=+0.95,1.0,1.5,near repeated daily support
2026-09-07T08:23:31.359305+00:00,GBP_JPY,SHORT,0,64,64,209.452,UPPER_MID,S=NA(0) R=214.49949999999998(4),CORR EUR_JPY=+0.95,1.0,1.5,
2026-09-07T08:23:31.359317+00:00,EUR_USD,WAIT,29,0,29,1.16314,UPPER_25,S=1.1576133333333334(3) R=1.16984(2),CORR USD_JPY=-0.44,,,
2026-09-07T08:29:25.220592+00:00,USD_JPY,SHORT,0,64,64,154.71,UPPER_MID,S=NA(0) R=157.918(1),CORR EUR_JPY=+0.91,1.0,1.5000000000000044,
2026-09-07T08:29:25.220622+00:00,EUR_JPY,SHORT,5,64,64,179.952,UPPER_25,S=179.357(1) R=185.5115(8),CORR GBP_JPY=+0.95,1.0,1.5,near repeated daily support
2026-09-07T08:29:25.220637+00:00,GBP_JPY,SHORT,0,64,64,209.452,UPPER_MID,S=NA(0) R=214.49949999999998(4),CORR EUR_JPY=+0.95,1.0,1.5,
2026-09-07T08:29:25.220648+00:00,EUR_USD,WAIT,29,0,29,1.16314,UPPER_25,S=1.1576133333333334(3) R=1.16984(2),CORR USD_JPY=-0.44,,,
2026-09-07T08:35:20.641865+00:00,USD_JPY,SHORT,0,74,74,154.14,UPPER_MID,S=NA(0) R=157.918(1),CORR EUR_JPY=+0.91,1.0,1.5,
2026-09-07T08:35:20.641897+00:00,EUR_JPY,SHORT,0,64,64,179.294,UPPER_MID,S=NA(0) R=185.5115(8),CORR GBP_JPY=+0.95,1.0,1.4999999999999978,
2026-09-07T08:35:20.641933+00:00,GBP_JPY,SHORT,0,64,64,208.716,UPPER_MID,S=NA(0) R=214.49949999999998(4),CORR EUR_JPY=+0.95,1.0,1.5,
2026-09-07T08:35:20.641947+00:00,EUR_USD,WAIT,36,0,36,1.1632,UPPER_25,S=1.1576133333333334(3) R=1.16984(2),CORR USD_JPY=-0.44,,,
2026-09-07T08:41:14.325826+00:00,USD_JPY,SHORT,0,74,74,154.14,UPPER_MID,S=NA(0) R=157.918(1),CORR EUR_JPY=+0.91,1.0,1.5,
2026-09-07T08:41:14.325856+00:00,EUR_JPY,SHORT,0,64,64,179.294,UPPER_MID,S=NA(0) R=185.5115(8),CORR GBP_JPY=+0.95,1.0,1.4999999999999978,
2026-09-07T08:41:14.325870+00:00,GBP_JPY,SHORT,0,64,64,208.716,UPPER_MID,S=NA(0) R=214.49949999999998(4),CORR EUR_JPY=+0.95,1.0,1.5,
2026-09-07T08:41:14.325881+00:00,EUR_USD,WAIT,36,0,36,1.1632,UPPER_25,S=1.1576133333333334(3) R=1.16984(2),CORR USD_JPY=-0.44,,,
2026-09-07T08:47:08.871507+00:00,USD_JPY,SHORT,0,64,64,154.437,UPPER_MID,S=NA(0) R=157.918(1),CORR EUR_JPY=+0.91,1.0,1.5,
2026-09-07T08:47:08.871535+00:00,EUR_JPY,SHORT,5,64,64,179.536,UPPER_MID,S=179.357(1) R=185.5115(8),CORR GBP_JPY=+0.95,1.0,1.5,near repeated daily support
2026-09-07T08:47:08.871549+00:00,GBP_JPY,SHORT,0,64,64,209.024,UPPER_MID,S=NA(0) R=214.49949999999998(4),CORR EUR_JPY=+0.95,1.0,1.5,
2026-09-07T08:47:08.871560+00:00,EUR_USD,WAIT,36,0,36,1.16253,UPPER_25,S=1.1576133333333334(3) R=1.16984(2),CORR USD_JPY=-0.44,,,
2026-09-07T08:53:04.505204+00:00,USD_JPY,SHORT,0,64,64,154.437,UPPER_MID,S=NA(0) R=157.918(1),CORR EUR_JPY=+0.91,1.0,1.5,
2026-09-07T08:53:04.505238+00:00,EUR_JPY,SHORT,5,64,64,179.536,UPPER_MID,S=179.357(1) R=185.5115(8),CORR GBP_JPY=+0.95,1.0,1.5,near repeated daily support
2026-09-07T08:53:04.505254+00:00,GBP_JPY,SHORT,0,64,64,209.024,UPPER_MID,S=NA(0) R=214.49949999999998(4),CORR EUR_JPY=+0.95,1.0,1.5,
2026-09-07T08:53:04.505266+00:00,EUR_USD,WAIT,36,0,36,1.16253,UPPER_25,S=1.1576133333333334(3) R=1.16984(2),CORR USD_JPY=-0.44,,,
2026-09-07T08:58:58.789624+00:00,USD_JPY,SHORT,0,64,64,154.437,UPPER_MID,S=NA(0) R=157.918(1),CORR EUR_JPY=+0.91,1.0,1.5,
2026-09-07T08:58:58.789668+00:00,EUR_JPY,SHORT,5,64,64,179.536,UPPER_MID,S=179.357(1) R=185.5115(8),CORR GBP_JPY=+0.95,1.0,1.5,near repeated daily support
2026-09-07T08:58:58.789682+00:00,GBP_JPY,SHORT,0,64,64,209.024,UPPER_MID,S=NA(0) R=214.49949999999998(4),CORR EUR_JPY=+0.95,1.0,1.5,
2026-09-07T08:58:58.789693+00:00,EUR_USD,WAIT,36,0,36,1.16253,UPPER_25,S=1.1576133333333334(3) R=1.16984(2),CORR USD_JPY=-0.44,,,
2026-09-07T09:04:54.347059+00:00,USD_JPY,WAIT,7,57,57,154.466,UPPER_MID,S=NA(0) R=157.918(1),CORR EUR_JPY=+0.93,,,
2026-09-07T09:04:54.347079+00:00,EUR_JPY,WAIT,12,57,57,179.505,UPPER_MID,S=179.357(1) R=185.5115(8),CORR GBP_JPY=+0.97,,,
2026-09-07T09:04:54.347090+00:00,GBP_JPY,WAIT,7,57,57,209.078,UPPER_MID,S=NA(0) R=214.49949999999998(4),CORR EUR_JPY=+0.97,,,
2026-09-07T09:04:54.347099+00:00,EUR_USD,WAIT,38,12,38,1.16209,UPPER_25,S=1.1576133333333334(3) R=1.16218(1),CORR USD_JPY=-0.36,,,
2026-09-07T09:10:48.226642+00:00,USD_JPY,WAIT,7,57,57,154.466,UPPER_MID,S=NA(0) R=157.918(1),CORR EUR_JPY=+0.93,,,
2026-09-07T09:10:48.226662+00:00,EUR_JPY,WAIT,12,57,57,179.505,UPPER_MID,S=179.357(1) R=185.5115(8),CORR GBP_JPY=+0.97,,,
2026-09-07T09:10:48.226676+00:00,GBP_JPY,WAIT,7,57,57,209.078,UPPER_MID,S=NA(0) R=214.49949999999998(4),CORR EUR_JPY=+0.97,,,
2026-09-07T09:10:48.226687+00:00,EUR_USD,WAIT,38,12,38,1.16209,UPPER_25,S=1.1576133333333334(3) R=1.16218(1),CORR USD_JPY=-0.36,,,
2026-09-07T09:16:41.810061+00:00,USD_JPY,WAIT,7,57,57,154.463,UPPER_MID,S=NA(0) R=157.918(1),CORR EUR_JPY=+0.93,,,
2026-09-07T09:16:41.810080+00:00,EUR_JPY,WAIT,12,57,57,179.519,UPPER_MID,S=179.357(1) R=185.5115(8),CORR GBP_JPY=+0.97,,,
2026-09-07T09:16:41.810090+00:00,GBP_JPY,WAIT,0,57,57,209.078,UPPER_MID,S=NA(0) R=214.49949999999998(4),CORR EUR_JPY=+0.97,,,
2026-09-07T09:16:41.810100+00:00,EUR_USD,WAIT,38,7,38,1.16221,UPPER_25,S=1.1576133333333334(3) R=1.16984(2),CORR USD_JPY=-0.36,,,
2026-09-07T09:17:53.438295+00:00,USD_JPY,WAIT,7,57,57,154.463,UPPER_MID,S=NA(0) R=157.918(1),CORR EUR_JPY=+0.93,,,
2026-09-07T09:17:53.438308+00:00,EUR_JPY,WAIT,12,57,57,179.519,UPPER_MID,S=179.357(1) R=185.5115(8),CORR GBP_JPY=+0.97,,,
2026-09-07T09:17:53.438314+00:00,GBP_JPY,WAIT,0,57,57,209.078,UPPER_MID,S=NA(0) R=214.49949999999998(4),CORR EUR_JPY=+0.97,,,
2026-09-07T09:17:53.438318+00:00,EUR_USD,WAIT,38,7,38,1.16221,UPPER_25,S=1.1576133333333334(3) R=1.16984(2),CORR USD_JPY=-0.36,,,
2026-09-07T09:23:49.889923+00:00,USD_JPY,WAIT,7,57,57,154.463,UPPER_MID,S=NA(0) R=157.918(1),CORR EUR_JPY=+0.93,,,
2026-09-07T09:23:49.889934+00:00,EUR_JPY,WAIT,12,57,57,179.519,UPPER_MID,S=179.357(1) R=185.5115(8),CORR GBP_JPY=+0.97,,,
2026-09-07T09:23:49.889939+00:00,GBP_JPY,WAIT,0,57,57,209.078,UPPER_MID,S=NA(0) R=214.49949999999998(4),CORR EUR_JPY=+0.97,,,
2026-09-07T09:23:49.889942+00:00,EUR_USD,WAIT,38,7,38,1.16221,UPPER_25,S=1.1576133333333334(3) R=1.16984(2),CORR USD_JPY=-0.36,,,
2026-09-07T09:29:42.362277+00:00,USD_JPY,WAIT,7,57,57,154.463,UPPER_MID,S=NA(0) R=157.918(1),CORR EUR_JPY=+0.93,,,
2026-09-07T09:29:42.362291+00:00,EUR_JPY,WAIT,12,57,57,179.519,UPPER_MID,S=179.357(1) R=185.5115(8),CORR GBP_JPY=+0.97,,,
2026-09-07T09:29:42.362296+00:00,GBP_JPY,WAIT,0,57,57,209.078,UPPER_MID,S=NA(0) R=214.49949999999998(4),CORR EUR_JPY=+0.97,,,
2026-09-07T09:29:42.362301+00:00,EUR_USD,WAIT,38,7,38,1.16221,UPPER_25,S=1.1576133333333334(3) R=1.16984(2),CORR USD_JPY=-0.36,,,
2026-09-07T09:35:34.124850+00:00,USD_JPY,WAIT,0,57,57,154.242,UPPER_MID,S=NA(0) R=157.918(1),CORR EUR_JPY=+0.93,,,
2026-09-07T09:35:34.124861+00:00,EUR_JPY,SHORT,0,64,64,179.292,UPPER_MID,S=NA(0) R=185.5115(8),CORR GBP_JPY=+0.97,1.0,1.5000000000000022,
2026-09-07T09:35:34.124868+00:00,GBP_JPY,WAIT,0,57,57,208.837,UPPER_MID,S=NA(0) R=214.49949999999998(4),CORR EUR_JPY=+0.97,,,
2026-09-07T09:35:34.124872+00:00,EUR_USD,WAIT,29,7,29,1.16239,UPPER_25,S=1.1576133333333334(3) R=1.16984(2),CORR USD_JPY=-0.36,,,
2026-09-07T09:41:29.082709+00:00,USD_JPY,WAIT,0,57,57,154.242,UPPER_MID,S=NA(0) R=157.918(1),CORR EUR_JPY=+0.93,,,
2026-09-07T09:41:29.082720+00:00,EUR_JPY,SHORT,0,64,64,179.292,UPPER_MID,S=NA(0) R=185.5115(8),CORR GBP_JPY=+0.97,1.0,1.5000000000000022,
2026-09-07T09:41:29.082726+00:00,GBP_JPY,WAIT,0,57,57,208.837,UPPER_MID,S=NA(0) R=214.49949999999998(4),CORR EUR_JPY=+0.97,,,
2026-09-07T09:41:29.082730+00:00,EUR_USD,WAIT,29,7,29,1.16239,UPPER_25,S=1.1576133333333334(3) R=1.16984(2),CORR USD_JPY=-0.36,,,
2026-09-07T09:47:21.782593+00:00,USD_JPY,WAIT,0,57,57,154.393,UPPER_MID,S=NA(0) R=157.918(1),CORR EUR_JPY=+0.93,,,
2026-09-07T09:47:21.782605+00:00,EUR_JPY,WAIT,5,57,57,179.438,UPPER_MID,S=179.357(1) R=185.5115(8),CORR GBP_JPY=+0.97,,,
2026-09-07T09:47:21.782610+00:00,GBP_JPY,WAIT,0,57,57,209.002,UPPER_MID,S=NA(0) R=214.49949999999998(4),CORR EUR_JPY=+0.97,,,
2026-09-07T09:47:21.782614+00:00,EUR_USD,WAIT,38,0,38,1.16219,UPPER_25,S=1.1576133333333334(3) R=1.16984(2),CORR USD_JPY=-0.36,,,
2026-09-07T09:53:09.420860+00:00,USD_JPY,WAIT,0,57,57,154.393,UPPER_MID,S=NA(0) R=157.918(1),CORR EUR_JPY=+0.93,,,
2026-09-07T09:53:09.420882+00:00,EUR_JPY,WAIT,5,57,57,179.438,UPPER_MID,S=179.357(1) R=185.5115(8),CORR GBP_JPY=+0.97,,,
2026-09-07T09:53:09.420887+00:00,GBP_JPY,WAIT,0,57,57,209.002,UPPER_MID,S=NA(0) R=214.49949999999998(4),CORR EUR_JPY=+0.97,,,
2026-09-07T09:53:09.420891+00:00,EUR_USD,WAIT,38,0,38,1.16219,UPPER_25,S=1.1576133333333334(3) R=1.16984(2),CORR USD_JPY=-0.36,,,
2026-09-07T09:58:58.402467+00:00,USD_JPY,WAIT,0,57,57,154.393,UPPER_MID,S=NA(0) R=157.918(1),CORR EUR_JPY=+0.93,,,
2026-09-07T09:58:58.402480+00:00,EUR_JPY,WAIT,5,57,57,179.438,UPPER_MID,S=179.357(1) R=185.5115(8),CORR GBP_JPY=+0.97,,,
2026-09-07T09:58:58.402485+00:00,GBP_JPY,WAIT,0,57,57,209.002,UPPER_MID,S=NA(0) R=214.49949999999998(4),CORR EUR_JPY=+0.97,,,
2026-09-07T09:58:58.402489+00:00,EUR_USD,WAIT,38,0,38,1.16219,UPPER_25,S=1.1576133333333334(3) R=1.16984(2),CORR USD_JPY=-0.36,,,
2026-09-07T10:04:47.344979+00:00,USD_JPY,WAIT,7,57,57,154.502,UPPER_MID,S=NA(0) R=157.918(1),CORR EUR_JPY=+0.93,,,
2026-09-07T10:04:47.344996+00:00,EUR_JPY,WAIT,12,57,57,179.537,UPPER_MID,S=179.357(1) R=185.5115(8),CORR GBP_JPY=+0.97,,,
2026-09-07T10:04:47.345002+00:00,GBP_JPY,WAIT,7,57,57,209.132,UPPER_MID,S=NA(0) R=214.49949999999998(4),CORR EUR_JPY=+0.97,,,
2026-09-07T10:04:47.345007+00:00,EUR_USD,WAIT,27,12,27,1.16202,UPPER_25,S=1.1576133333333334(3) R=1.16218(1),CORR USD_JPY=-0.35,,,
2026-09-07T10:10:40.561892+00:00,USD_JPY,WAIT,7,57,57,154.502,UPPER_MID,S=NA(0) R=157.918(1),CORR EUR_JPY=+0.93,,,
2026-09-07T10:10:40.561908+00:00,EUR_JPY,WAIT,12,57,57,179.537,UPPER_MID,S=179.357(1) R=185.5115(8),CORR GBP_JPY=+0.97,,,
2026-09-07T10:10:40.561914+00:00,GBP_JPY,SHORT,7,64,64,209.132,UPPER_MID,S=NA(0) R=214.49949999999998(4),CORR EUR_JPY=+0.97,1.0,1.5,
2026-09-07T10:10:40.561920+00:00,EUR_USD,WAIT,27,12,27,1.16202,UPPER_25,S=1.1576133333333334(3) R=1.16218(1),CORR USD_JPY=-0.35,,,
2026-09-07T10:16:34.629161+00:00,USD_JPY,WAIT,7,57,57,154.597,UPPER_MID,S=NA(0) R=157.918(1),CORR EUR_JPY=+0.93,,,
2026-09-07T10:16:34.629173+00:00,EUR_JPY,WAIT,12,57,57,179.681,UPPER_25,S=179.357(1) R=185.5115(8),CORR GBP_JPY=+0.97,,,
2026-09-07T10:16:34.629177+00:00,GBP_JPY,WAIT,7,57,57,209.234,UPPER_MID,S=NA(0) R=214.49949999999998(4),CORR EUR_JPY=+0.97,,,
2026-09-07T10:16:34.629181+00:00,EUR_USD,WAIT,45,0,45,1.16224,UPPER_25,S=1.1576133333333334(3) R=1.16984(2),CORR USD_JPY=-0.35,,,
2026-09-07T10:22:37.445728+00:00,USD_JPY,WAIT,7,57,57,154.597,UPPER_MID,S=NA(0) R=157.918(1),CORR EUR_JPY=+0.93,,,
2026-09-07T10:22:37.445740+00:00,EUR_JPY,WAIT,12,57,57,179.681,UPPER_25,S=179.357(1) R=185.5115(8),CORR GBP_JPY=+0.97,,,
2026-09-07T10:22:37.445745+00:00,GBP_JPY,WAIT,7,57,57,209.234,UPPER_MID,S=NA(0) R=214.49949999999998(4),CORR EUR_JPY=+0.97,,,
2026-09-07T10:22:37.445749+00:00,EUR_USD,WAIT,45,0,45,1.16224,UPPER_25,S=1.1576133333333334(3) R=1.16984(2),CORR USD_JPY=-0.35,,,
2026-09-07T10:23:50.095701+00:00,USD_JPY,WAIT,7,57,57,154.597,UPPER_MID,S=NA(0) R=157.918(1),CORR EUR_JPY=+0.93,,,
2026-09-07T10:23:50.095713+00:00,EUR_JPY,WAIT,12,57,57,179.681,UPPER_25,S=179.357(1) R=185.5115(8),CORR GBP_JPY=+0.97,,,
2026-09-07T10:23:50.095718+00:00,GBP_JPY,WAIT,7,57,57,209.234,UPPER_MID,S=NA(0) R=214.49949999999998(4),CORR EUR_JPY=+0.97,,,
2026-09-07T10:23:50.095722+00:00,EUR_USD,WAIT,45,0,45,1.16224,UPPER_25,S=1.1576133333333334(3) R=1.16984(2),CORR USD_JPY=-0.35,,,
2026-09-07T10:29:40.018052+00:00,USD_JPY,SHORT,7,64,64,154.597,UPPER_MID,S=NA(0) R=157.918(1),CORR EUR_JPY=+0.93,1.0,1.5000000000000042,
2026-09-07T10:29:40.018077+00:00,EUR_JPY,SHORT,12,64,64,179.681,UPPER_25,S=179.357(1) R=185.5115(8),CORR GBP_JPY=+0.97,1.0,1.5,near repeated daily support
2026-09-07T10:29:40.018083+00:00,GBP_JPY,SHORT,7,64,64,209.234,UPPER_MID,S=NA(0) R=214.49949999999998(4),CORR EUR_JPY=+0.97,1.0,1.5,
2026-09-07T10:29:40.018087+00:00,EUR_USD,WAIT,45,0,45,1.16224,UPPER_25,S=1.1576133333333334(3) R=1.16984(2),CORR USD_JPY=-0.35,,,
2026-09-07T10:35:29.838352+00:00,USD_JPY,WAIT,10,57,57,154.676,UPPER_MID,S=NA(0) R=157.918(1),CORR EUR_JPY=+0.93,,,
2026-09-07T10:35:29.838368+00:00,EUR_JPY,WAIT,12,57,57,179.792,UPPER_25,S=179.357(1) R=185.5115(8),CORR GBP_JPY=+0.97,,,
2026-09-07T10:35:29.838374+00:00,GBP_JPY,WAIT,0,57,57,209.362,UPPER_MID,S=NA(0) R=214.49949999999998(4),CORR EUR_JPY=+0.97,,,
2026-09-07T10:35:29.838378+00:00,EUR_USD,WAIT,29,0,29,1.16235,UPPER_25,S=1.1576133333333334(3) R=1.16984(2),CORR USD_JPY=-0.35,,,
2026-09-07T10:41:17.717998+00:00,USD_JPY,WAIT,10,57,57,154.676,UPPER_MID,S=NA(0) R=157.918(1),CORR EUR_JPY=+0.93,,,
2026-09-07T10:41:17.718010+00:00,EUR_JPY,WAIT,12,57,57,179.792,UPPER_25,S=179.357(1) R=185.5115(8),CORR GBP_JPY=+0.97,,,
2026-09-07T10:41:17.718014+00:00,GBP_JPY,WAIT,0,57,57,209.362,UPPER_MID,S=NA(0) R=214.49949999999998(4),CORR EUR_JPY=+0.97,,,
2026-09-07T10:41:17.718018+00:00,EUR_USD,WAIT,29,0,29,1.16235,UPPER_25,S=1.1576133333333334(3) R=1.16984(2),CORR USD_JPY=-0.35,,,
2026-09-07T10:47:08.718101+00:00,USD_JPY,SHORT,17,64,64,154.701,UPPER_MID,S=NA(0) R=157.918(1),CORR EUR_JPY=+0.93,1.0,1.4999999999999956,
2026-09-07T10:47:08.718129+00:00,EUR_JPY,WAIT,12,53,53,179.842,UPPER_25,S=179.357(1) R=185.5115(8),CORR GBP_JPY=+0.97,,,
2026-09-07T10:47:08.718135+00:00,GBP_JPY,WAIT,7,46,46,209.448,UPPER_MID,S=NA(0) R=214.49949999999998(4),CORR EUR_JPY=+0.97,,,
2026-09-07T10:47:08.718138+00:00,EUR_USD,WAIT,29,0,29,1.1625,UPPER_25,S=1.1576133333333334(3) R=1.16984(2),CORR USD_JPY=-0.35,,,
2026-09-07T10:52:57.507054+00:00,USD_JPY,SHORT,17,64,64,154.701,UPPER_MID,S=NA(0) R=157.918(1),CORR EUR_JPY=+0.93,1.0,1.4999999999999956,
2026-09-07T10:52:57.507080+00:00,EUR_JPY,WAIT,12,53,53,179.842,UPPER_25,S=179.357(1) R=185.5115(8),CORR GBP_JPY=+0.97,,,
2026-09-07T10:52:57.507085+00:00,GBP_JPY,WAIT,7,53,53,209.448,UPPER_MID,S=NA(0) R=214.49949999999998(4),CORR EUR_JPY=+0.97,,,
2026-09-07T10:52:57.507089+00:00,EUR_USD,WAIT,29,0,29,1.1625,UPPER_25,S=1.1576133333333334(3) R=1.16984(2),CORR USD_JPY=-0.35,,,
2026-09-07T10:58:46.963807+00:00,USD_JPY,SHORT,17,64,64,154.701,UPPER_MID,S=NA(0) R=157.918(1),CORR EUR_JPY=+0.93,1.0,1.4999999999999956,
2026-09-07T10:58:46.963832+00:00,EUR_JPY,WAIT,12,53,53,179.842,UPPER_25,S=179.357(1) R=185.5115(8),CORR GBP_JPY=+0.97,,,
2026-09-07T10:58:46.963837+00:00,GBP_JPY,WAIT,7,53,53,209.448,UPPER_MID,S=NA(0) R=214.49949999999998(4),CORR EUR_JPY=+0.97,,,
2026-09-07T10:58:46.963840+00:00,EUR_USD,WAIT,29,0,29,1.1625,UPPER_25,S=1.1576133333333334(3) R=1.16984(2),CORR USD_JPY=-0.35,,,
2026-09-07T11:04:37.615311+00:00,USD_JPY,SHORT,7,74,74,154.646,UPPER_MID,S=NA(0) R=157.918(1),CORR EUR_JPY=+0.93,1.0,1.5000000000000044,
2026-09-07T11:04:37.615342+00:00,EUR_JPY,SHORT,12,64,64,179.771,UPPER_25,S=179.357(1) R=185.5115(8),CORR GBP_JPY=+0.97,1.0,1.5000000000000024,near repeated daily support
2026-09-07T11:04:37.615349+00:00,GBP_JPY,SHORT,7,64,64,209.372,UPPER_MID,S=NA(0) R=214.49949999999998(4),CORR EUR_JPY=+0.97,1.0,1.5,
2026-09-07T11:04:37.615353+00:00,EUR_USD,WAIT,42,0,42,1.16243,UPPER_25,S=1.1576133333333334(3) R=1.16984(2),CORR USD_JPY=-0.35,,,
2026-09-07T11:10:26.962386+00:00,USD_JPY,SHORT,7,67,67,154.646,UPPER_MID,S=NA(0) R=157.918(1),CORR EUR_JPY=+0.93,1.0,1.5000000000000044,
2026-09-07T11:10:26.962412+00:00,EUR_JPY,WAIT,12,57,57,179.771,UPPER_25,S=179.357(1) R=185.5115(8),CORR GBP_JPY=+0.97,,,
2026-09-07T11:10:26.962417+00:00,GBP_JPY,SHORT,7,64,64,209.372,UPPER_MID,S=NA(0) R=214.49949999999998(4),CORR EUR_JPY=+0.97,1.0,1.5,
2026-09-07T11:10:26.962422+00:00,EUR_USD,WAIT,42,0,42,1.16243,UPPER_25,S=1.1576133333333334(3) R=1.16984(2),CORR USD_JPY=-0.35,,,
2026-09-07T11:16:16.002534+00:00,USD_JPY,WAIT,17,57,57,154.721,UPPER_MID,S=NA(0) R=157.918(1),CORR EUR_JPY=+0.93,,,
2026-09-07T11:16:16.002550+00:00,EUR_JPY,WAIT,12,46,46,179.84,UPPER_25,S=179.357(1) R=185.5115(8),CORR GBP_JPY=+0.97,,,
2026-09-07T11:16:16.002568+00:00,GBP_JPY,WAIT,7,46,46,209.433,UPPER_MID,S=NA(0) R=214.49949999999998(4),CORR EUR_JPY=+0.97,,,
2026-09-07T11:16:16.002576+00:00,EUR_USD,WAIT,42,7,42,1.16233,UPPER_25,S=1.1576133333333334(3) R=1.16984(2),CORR USD_JPY=-0.35,,,
2026-09-07T11:22:06.957894+00:00,USD_JPY,WAIT,17,57,57,154.721,UPPER_MID,S=NA(0) R=157.918(1),CORR EUR_JPY=+0.93,,,
2026-09-07T11:22:06.957907+00:00,EUR_JPY,WAIT,12,46,46,179.84,UPPER_25,S=179.357(1) R=185.5115(8),CORR GBP_JPY=+0.97,,,
2026-09-07T11:22:06.957911+00:00,GBP_JPY,WAIT,7,46,46,209.433,UPPER_MID,S=NA(0) R=214.49949999999998(4),CORR EUR_JPY=+0.97,,,
2026-09-07T11:22:06.957915+00:00,EUR_USD,WAIT,42,7,42,1.16233,UPPER_25,S=1.1576133333333334(3) R=1.16984(2),CORR USD_JPY=-0.35,,,
2026-09-07T11:27:55.362582+00:00,USD_JPY,SHORT,17,64,64,154.721,UPPER_MID,S=NA(0) R=157.918(1),CORR EUR_JPY=+0.93,1.0,1.5000000000000044,
2026-09-07T11:27:55.362614+00:00,EUR_JPY,WAIT,12,46,46,179.84,UPPER_25,S=179.357(1) R=185.5115(8),CORR GBP_JPY=+0.97,,,
2026-09-07T11:27:55.362621+00:00,GBP_JPY,WAIT,7,46,46,209.433,UPPER_MID,S=NA(0) R=214.49949999999998(4),CORR EUR_JPY=+0.97,,,
2026-09-07T11:27:55.362627+00:00,EUR_USD,WAIT,42,7,42,1.16233,UPPER_25,S=1.1576133333333334(3) R=1.16984(2),CORR USD_JPY=-0.35,,,
2026-09-07T11:29:04.173386+00:00,USD_JPY,SHORT,17,64,64,154.721,UPPER_MID,S=NA(0) R=157.918(1),CORR EUR_JPY=+0.93,1.0,1.5000000000000044,
2026-09-07T11:29:04.173417+00:00,EUR_JPY,WAIT,12,46,46,179.84,UPPER_25,S=179.357(1) R=185.5115(8),CORR GBP_JPY=+0.97,,,
2026-09-07T11:29:04.173424+00:00,GBP_JPY,WAIT,7,46,46,209.433,UPPER_MID,S=NA(0) R=214.49949999999998(4),CORR EUR_JPY=+0.97,,,
2026-09-07T11:29:04.173429+00:00,EUR_USD,WAIT,42,7,42,1.16233,UPPER_25,S=1.1576133333333334(3) R=1.16984(2),CORR USD_JPY=-0.35,,,
2026-09-07T11:34:54.986489+00:00,USD_JPY,SHORT,0,88,88,154.657,UPPER_MID,S=NA(0) R=157.918(1),CORR EUR_JPY=+0.93,1.0,1.4999999999999956,
2026-09-07T11:34:54.986521+00:00,EUR_JPY,SHORT,5,71,71,179.772,UPPER_25,S=179.357(1) R=185.5115(8),CORR GBP_JPY=+0.97,1.0,1.4999999999999976,near repeated daily support
2026-09-07T11:34:54.986532+00:00,GBP_JPY,SHORT,0,71,71,209.342,UPPER_MID,S=NA(0) R=214.49949999999998(4),CORR EUR_JPY=+0.97,1.0,1.5,
2026-09-07T11:34:54.986538+00:00,EUR_USD,WAIT,42,0,42,1.16236,UPPER_25,S=1.1576133333333334(3) R=1.16984(2),CORR USD_JPY=-0.35,,,
2026-09-07T11:41:22.687220+00:00,USD_JPY,SHORT,0,88,88,154.657,UPPER_MID,S=NA(0) R=157.918(1),CORR EUR_JPY=+0.93,1.0,1.4999999999999956,
2026-09-07T11:41:22.687252+00:00,EUR_JPY,SHORT,5,71,71,179.772,UPPER_25,S=179.357(1) R=185.5115(8),CORR GBP_JPY=+0.97,1.0,1.4999999999999976,near repeated daily support
2026-09-07T11:41:22.687263+00:00,GBP_JPY,SHORT,0,71,71,209.342,UPPER_MID,S=NA(0) R=214.49949999999998(4),CORR EUR_JPY=+0.97,1.0,1.5,
2026-09-07T11:41:22.687278+00:00,EUR_USD,WAIT,42,0,42,1.16236,UPPER_25,S=1.1576133333333334(3) R=1.16984(2),CORR USD_JPY=-0.35,,,
2026-09-07T11:47:15.501433+00:00,USD_JPY,SHORT,10,71,71,154.67,UPPER_MID,S=NA(0) R=157.918(1),CORR EUR_JPY=+0.93,1.0,1.5000000000000044,
2026-09-07T11:47:15.501465+00:00,EUR_JPY,SHORT,5,71,71,179.779,UPPER_25,S=179.357(1) R=185.5115(8),CORR GBP_JPY=+0.97,1.0,1.5000000000000024,near repeated daily support
2026-09-07T11:47:15.501476+00:00,GBP_JPY,SHORT,0,71,71,209.361,UPPER_MID,S=NA(0) R=214.49949999999998(4),CORR EUR_JPY=+0.97,1.0,1.5,
2026-09-07T11:47:15.501484+00:00,EUR_USD,WAIT,42,7,42,1.16232,UPPER_25,S=1.1576133333333334(3) R=1.16984(2),CORR USD_JPY=-0.35,,,
2026-09-07T11:53:06.843538+00:00,USD_JPY,SHORT,10,71,71,154.67,UPPER_MID,S=NA(0) R=157.918(1),CORR EUR_JPY=+0.93,1.0,1.5000000000000044,
2026-09-07T11:53:06.843570+00:00,EUR_JPY,SHORT,5,71,71,179.779,UPPER_25,S=179.357(1) R=185.5115(8),CORR GBP_JPY=+0.97,1.0,1.5000000000000024,near repeated daily support
2026-09-07T11:53:06.843580+00:00,GBP_JPY,SHORT,0,71,71,209.361,UPPER_MID,S=NA(0) R=214.49949999999998(4),CORR EUR_JPY=+0.97,1.0,1.5,
2026-09-07T11:53:06.843589+00:00,EUR_USD,WAIT,42,7,42,1.16232,UPPER_25,S=1.1576133333333334(3) R=1.16984(2),CORR USD_JPY=-0.35,,,
2026-09-07T11:58:56.302433+00:00,USD_JPY,SHORT,10,71,71,154.67,UPPER_MID,S=NA(0) R=157.918(1),CORR EUR_JPY=+0.93,1.0,1.5000000000000044,
2026-09-07T11:58:56.302464+00:00,EUR_JPY,SHORT,5,71,71,179.779,UPPER_25,S=179.357(1) R=185.5115(8),CORR GBP_JPY=+0.97,1.0,1.5000000000000024,near repeated daily support
2026-09-07T11:58:56.302474+00:00,GBP_JPY,SHORT,0,71,71,209.361,UPPER_MID,S=NA(0) R=214.49949999999998(4),CORR EUR_JPY=+0.97,1.0,1.5,
2026-09-07T11:58:56.302481+00:00,EUR_USD,WAIT,42,7,42,1.16232,UPPER_25,S=1.1576133333333334(3) R=1.16984(2),CORR USD_JPY=-0.35,,,
2026-09-07T12:04:48.084887+00:00,USD_JPY,WAIT,10,46,46,154.728,UPPER_MID,S=NA(0) R=157.918(1),CORR EUR_JPY=+0.93,,,
2026-09-07T12:04:48.084903+00:00,EUR_JPY,WAIT,5,60,60,179.841,UPPER_25,S=179.357(1) R=185.5115(8),CORR GBP_JPY=+0.97,,,
2026-09-07T12:04:48.084910+00:00,GBP_JPY,SHORT,0,71,71,209.378,UPPER_MID,S=NA(0) R=214.49949999999998(4),CORR EUR_JPY=+0.97,1.0,1.5,
2026-09-07T12:04:48.084918+00:00,EUR_USD,WAIT,31,7,31,1.16229,UPPER_25,S=1.1576133333333334(3) R=1.16984(2),CORR USD_JPY=-0.35,,,
2026-09-07T12:10:39.817450+00:00,USD_JPY,WAIT,10,46,46,154.728,UPPER_MID,S=NA(0) R=157.918(1),CORR EUR_JPY=+0.93,,,
2026-09-07T12:10:39.817465+00:00,EUR_JPY,WAIT,5,60,60,179.841,UPPER_25,S=179.357(1) R=185.5115(8),CORR GBP_JPY=+0.97,,,
2026-09-07T12:10:39.817473+00:00,GBP_JPY,SHORT,0,78,78,209.378,UPPER_MID,S=NA(0) R=214.49949999999998(4),CORR EUR_JPY=+0.97,1.0,1.5,
2026-09-07T12:10:39.817479+00:00,EUR_USD,WAIT,31,7,31,1.16229,UPPER_25,S=1.1576133333333334(3) R=1.16984(2),CORR USD_JPY=-0.35,,,
2026-09-07T12:16:32.684787+00:00,USD_JPY,WAIT,0,53,53,154.765,UPPER_MID,S=NA(0) R=157.918(1),CORR EUR_JPY=+0.93,,,
2026-09-07T12:16:32.684802+00:00,EUR_JPY,WAIT,5,53,53,179.869,UPPER_25,S=179.357(1) R=185.5115(8),CORR GBP_JPY=+0.97,,,
2026-09-07T12:16:32.684810+00:00,GBP_JPY,WAIT,0,46,46,209.398,UPPER_MID,S=NA(0) R=214.49949999999998(4),CORR EUR_JPY=+0.97,,,
2026-09-07T12:16:32.684817+00:00,EUR_USD,WAIT,40,7,40,1.16219,UPPER_25,S=1.1576133333333334(3) R=1.16984(2),CORR USD_JPY=-0.35,,,
2026-09-07T12:22:22.861847+00:00,USD_JPY,WAIT,0,53,53,154.765,UPPER_MID,S=NA(0) R=157.918(1),CORR EUR_JPY=+0.93,,,
2026-09-07T12:22:22.861860+00:00,EUR_JPY,WAIT,5,53,53,179.869,UPPER_25,S=179.357(1) R=185.5115(8),CORR GBP_JPY=+0.97,,,
2026-09-07T12:22:22.861865+00:00,GBP_JPY,WAIT,0,53,53,209.398,UPPER_MID,S=NA(0) R=214.49949999999998(4),CORR EUR_JPY=+0.97,,,
2026-09-07T12:22:22.861870+00:00,EUR_USD,WAIT,40,7,40,1.16219,UPPER_25,S=1.1576133333333334(3) R=1.16984(2),CORR USD_JPY=-0.35,,,
2026-09-07T12:28:15.074445+00:00,USD_JPY,WAIT,0,53,53,154.765,UPPER_MID,S=NA(0) R=157.918(1),CORR EUR_JPY=+0.93,,,
2026-09-07T12:28:15.074460+00:00,EUR_JPY,WAIT,5,53,53,179.869,UPPER_25,S=179.357(1) R=185.5115(8),CORR GBP_JPY=+0.97,,,
2026-09-07T12:28:15.074466+00:00,GBP_JPY,WAIT,0,53,53,209.398,UPPER_MID,S=NA(0) R=214.49949999999998(4),CORR EUR_JPY=+0.97,,,
2026-09-07T12:28:15.074472+00:00,EUR_USD,WAIT,40,7,40,1.16219,UPPER_25,S=1.1576133333333334(3) R=1.16984(2),CORR USD_JPY=-0.35,,,
2026-09-07T12:34:05.005257+00:00,USD_JPY,SHORT,0,74,74,154.478,UPPER_MID,S=NA(0) R=157.918(1),CORR EUR_JPY=+0.93,1.0,1.5,
2026-09-07T12:34:05.005289+00:00,EUR_JPY,SHORT,5,64,64,179.615,UPPER_MID,S=179.357(1) R=185.5115(8),CORR GBP_JPY=+0.97,1.0,1.5,near repeated daily support
2026-09-07T12:34:05.005300+00:00,GBP_JPY,SHORT,0,64,64,209.099,UPPER_MID,S=NA(0) R=214.49949999999998(4),CORR EUR_JPY=+0.97,1.0,1.5,
2026-09-07T12:34:05.005306+00:00,EUR_USD,WAIT,42,0,42,1.16268,UPPER_25,S=1.1576133333333334(3) R=1.16984(2),CORR USD_JPY=-0.35,,,
2026-09-07T12:35:21.698696+00:00,USD_JPY,SHORT,0,74,74,154.478,UPPER_MID,S=NA(0) R=157.918(1),CORR EUR_JPY=+0.93,1.0,1.5,
2026-09-07T12:35:21.698723+00:00,EUR_JPY,SHORT,5,64,64,179.615,UPPER_MID,S=179.357(1) R=185.5115(8),CORR GBP_JPY=+0.97,1.0,1.5,near repeated daily support
2026-09-07T12:35:21.698737+00:00,GBP_JPY,SHORT,0,64,64,209.099,UPPER_MID,S=NA(0) R=214.49949999999998(4),CORR EUR_JPY=+0.97,1.0,1.5,
2026-09-07T12:35:21.698748+00:00,EUR_USD,WAIT,42,0,42,1.16268,UPPER_25,S=1.1576133333333334(3) R=1.16984(2),CORR USD_JPY=-0.35,,,
2026-09-07T12:41:19.317260+00:00,USD_JPY,SHORT,0,67,67,154.478,UPPER_MID,S=NA(0) R=157.918(1),CORR EUR_JPY=+0.93,1.0,1.5,
2026-09-07T12:41:19.317290+00:00,EUR_JPY,WAIT,5,57,57,179.615,UPPER_MID,S=179.357(1) R=185.5115(8),CORR GBP_JPY=+0.97,,,
2026-09-07T12:41:19.317301+00:00,GBP_JPY,WAIT,0,57,57,209.099,UPPER_MID,S=NA(0) R=214.49949999999998(4),CORR EUR_JPY=+0.97,,,
2026-09-07T12:41:19.317311+00:00,EUR_USD,WAIT,42,0,42,1.16268,UPPER_25,S=1.1576133333333334(3) R=1.16984(2),CORR USD_JPY=-0.35,,,
2026-09-07T12:47:15.641381+00:00,USD_JPY,WAIT,0,57,57,154.261,UPPER_MID,S=NA(0) R=157.918(1),CORR EUR_JPY=+0.93,,,
2026-09-07T12:47:15.641402+00:00,EUR_JPY,WAIT,5,57,57,179.372,UPPER_MID,S=179.357(1) R=185.5115(8),CORR GBP_JPY=+0.97,,,
2026-09-07T12:47:15.641415+00:00,GBP_JPY,WAIT,0,57,57,208.849,UPPER_MID,S=NA(0) R=214.49949999999998(4),CORR EUR_JPY=+0.97,,,
2026-09-07T12:47:15.641427+00:00,EUR_USD,WAIT,42,0,42,1.16276,UPPER_25,S=1.1576133333333334(3) R=1.16984(2),CORR USD_JPY=-0.35,,,
2026-09-07T12:53:12.863920+00:00,USD_JPY,WAIT,0,57,57,154.261,UPPER_MID,S=NA(0) R=157.918(1),CORR EUR_JPY=+0.93,,,
2026-09-07T12:53:12.863939+00:00,EUR_JPY,WAIT,5,57,57,179.372,UPPER_MID,S=179.357(1) R=185.5115(8),CORR GBP_JPY=+0.97,,,
2026-09-07T12:53:12.863950+00:00,GBP_JPY,WAIT,0,57,57,208.849,UPPER_MID,S=NA(0) R=214.49949999999998(4),CORR EUR_JPY=+0.97,,,
2026-09-07T12:53:12.863959+00:00,EUR_USD,WAIT,42,0,42,1.16276,UPPER_25,S=1.1576133333333334(3) R=1.16984(2),CORR USD_JPY=-0.35,,,
2026-09-07T12:59:14.241255+00:00,USD_JPY,WAIT,0,57,57,154.261,UPPER_MID,S=NA(0) R=157.918(1),CORR EUR_JPY=+0.93,,,
2026-09-07T12:59:14.241274+00:00,EUR_JPY,WAIT,5,57,57,179.372,UPPER_MID,S=179.357(1) R=185.5115(8),CORR GBP_JPY=+0.97,,,
2026-09-07T12:59:14.241288+00:00,GBP_JPY,WAIT,0,57,57,208.849,UPPER_MID,S=NA(0) R=214.49949999999998(4),CORR EUR_JPY=+0.97,,,
2026-09-07T12:59:14.241300+00:00,EUR_USD,WAIT,42,0,42,1.16276,UPPER_25,S=1.1576133333333334(3) R=1.16984(2),CORR USD_JPY=-0.35,,,
2026-09-07T13:05:12.579443+00:00,USD_JPY,WAIT,0,57,57,154.488,UPPER_MID,S=NA(0) R=157.918(1),CORR EUR_JPY=+0.93,,,
2026-09-07T13:05:12.579461+00:00,EUR_JPY,WAIT,5,57,57,179.59,UPPER_MID,S=179.357(1) R=185.5115(8),CORR GBP_JPY=+0.97,,,
2026-09-07T13:05:12.579472+00:00,GBP_JPY,WAIT,0,57,57,209.135,UPPER_MID,S=NA(0) R=214.49949999999998(4),CORR EUR_JPY=+0.97,,,
2026-09-07T13:05:12.579481+00:00,EUR_USD,WAIT,42,0,42,1.16248,UPPER_25,S=1.1576133333333334(3) R=1.16984(2),CORR USD_JPY=-0.35,,,
2026-09-07T13:11:09.020008+00:00,USD_JPY,WAIT,0,57,57,154.488,UPPER_MID,S=NA(0) R=157.918(1),CORR EUR_JPY=+0.93,,,
2026-09-07T13:11:09.020028+00:00,EUR_JPY,WAIT,5,57,57,179.59,UPPER_MID,S=179.357(1) R=185.5115(8),CORR GBP_JPY=+0.97,,,
2026-09-07T13:11:09.020039+00:00,GBP_JPY,WAIT,0,57,57,209.135,UPPER_MID,S=NA(0) R=214.49949999999998(4),CORR EUR_JPY=+0.97,,,
2026-09-07T13:11:09.020048+00:00,EUR_USD,WAIT,42,0,42,1.16248,UPPER_25,S=1.1576133333333334(3) R=1.16984(2),CORR USD_JPY=-0.35,,,
2026-09-07T13:17:05.111425+00:00,USD_JPY,WAIT,0,57,57,154.371,UPPER_MID,S=NA(0) R=157.918(1),CORR EUR_JPY=+0.93,,,
2026-09-07T13:17:05.111443+00:00,EUR_JPY,WAIT,5,57,57,179.482,UPPER_MID,S=179.357(1) R=185.5115(8),CORR GBP_JPY=+0.97,,,
2026-09-07T13:17:05.111454+00:00,GBP_JPY,WAIT,7,57,57,209.004,UPPER_MID,S=NA(0) R=214.49949999999998(4),CORR EUR_JPY=+0.97,,,
2026-09-07T13:17:05.111464+00:00,EUR_USD,WAIT,42,0,42,1.16263,UPPER_25,S=1.1576133333333334(3) R=1.16984(2),CORR USD_JPY=-0.35,,,
2026-09-07T13:23:01.367586+00:00,USD_JPY,WAIT,0,57,57,154.371,UPPER_MID,S=NA(0) R=157.918(1),CORR EUR_JPY=+0.93,,,
2026-09-07T13:23:01.367607+00:00,EUR_JPY,WAIT,5,57,57,179.482,UPPER_MID,S=179.357(1) R=185.5115(8),CORR GBP_JPY=+0.97,,,
2026-09-07T13:23:01.367618+00:00,GBP_JPY,WAIT,7,57,57,209.004,UPPER_MID,S=NA(0) R=214.49949999999998(4),CORR EUR_JPY=+0.97,,,
2026-09-07T13:23:01.367629+00:00,EUR_USD,WAIT,42,0,42,1.16263,UPPER_25,S=1.1576133333333334(3) R=1.16984(2),CORR USD_JPY=-0.35,,,
2026-09-07T13:28:58.275859+00:00,USD_JPY,WAIT,0,57,57,154.371,UPPER_MID,S=NA(0) R=157.918(1),CORR EUR_JPY=+0.93,,,
2026-09-07T13:28:58.275879+00:00,EUR_JPY,WAIT,5,57,57,179.482,UPPER_MID,S=179.357(1) R=185.5115(8),CORR GBP_JPY=+0.97,,,
2026-09-07T13:28:58.275891+00:00,GBP_JPY,WAIT,7,57,57,209.004,UPPER_MID,S=NA(0) R=214.49949999999998(4),CORR EUR_JPY=+0.97,,,
2026-09-07T13:28:58.275902+00:00,EUR_USD,WAIT,42,0,42,1.16263,UPPER_25,S=1.1576133333333334(3) R=1.16984(2),CORR USD_JPY=-0.35,,,
2026-09-07T13:34:55.321759+00:00,USD_JPY,WAIT,0,57,57,154.468,UPPER_MID,S=NA(0) R=157.918(1),CORR EUR_JPY=+0.93,,,
2026-09-07T13:34:55.321777+00:00,EUR_JPY,WAIT,5,57,57,179.569,UPPER_MID,S=179.357(1) R=185.5115(8),CORR GBP_JPY=+0.97,,,
2026-09-07T13:34:55.321787+00:00,GBP_JPY,WAIT,7,57,57,209.101,UPPER_MID,S=NA(0) R=214.49949999999998(4),CORR EUR_JPY=+0.97,,,
2026-09-07T13:34:55.321797+00:00,EUR_USD,WAIT,42,7,42,1.16248,UPPER_25,S=1.1576133333333334(3) R=1.16984(2),CORR USD_JPY=-0.35,,,
2026-09-07T13:40:52.733318+00:00,USD_JPY,WAIT,0,57,57,154.468,UPPER_MID,S=NA(0) R=157.918(1),CORR EUR_JPY=+0.93,,,
2026-09-07T13:40:52.733338+00:00,EUR_JPY,WAIT,5,57,57,179.569,UPPER_MID,S=179.357(1) R=185.5115(8),CORR GBP_JPY=+0.97,,,
2026-09-07T13:40:52.733350+00:00,GBP_JPY,WAIT,7,57,57,209.101,UPPER_MID,S=NA(0) R=214.49949999999998(4),CORR EUR_JPY=+0.97,,,
2026-09-07T13:40:52.733361+00:00,EUR_USD,WAIT,42,7,42,1.16248,UPPER_25,S=1.1576133333333334(3) R=1.16984(2),CORR USD_JPY=-0.35,,,
2026-09-07T13:41:59.173838+00:00,USD_JPY,WAIT,0,57,57,154.468,UPPER_MID,S=NA(0) R=157.918(1),CORR EUR_JPY=+0.93,,,
2026-09-07T13:41:59.173853+00:00,EUR_JPY,WAIT,5,57,57,179.569,UPPER_MID,S=179.357(1) R=185.5115(8),CORR GBP_JPY=+0.97,,,
2026-09-07T13:41:59.173870+00:00,GBP_JPY,WAIT,7,57,57,209.101,UPPER_MID,S=NA(0) R=214.49949999999998(4),CORR EUR_JPY=+0.97,,,
2026-09-07T13:41:59.173881+00:00,EUR_USD,WAIT,42,7,42,1.16248,UPPER_25,S=1.1576133333333334(3) R=1.16984(2),CORR USD_JPY=-0.35,,,
2026-09-07T13:47:42.023771+00:00,USD_JPY,WAIT,7,57,57,154.442,UPPER_MID,S=NA(0) R=157.918(1),CORR EUR_JPY=+0.93,,,
2026-09-07T13:47:42.023785+00:00,EUR_JPY,WAIT,12,57,57,179.554,UPPER_MID,S=179.357(1) R=185.5115(8),CORR GBP_JPY=+0.97,,,
2026-09-07T13:47:42.023792+00:00,GBP_JPY,WAIT,7,57,57,209.073,UPPER_MID,S=NA(0) R=214.49949999999998(4),CORR EUR_JPY=+0.97,,,
2026-09-07T13:47:42.023798+00:00,EUR_USD,WAIT,42,7,42,1.16259,UPPER_25,S=1.1576133333333334(3) R=1.16984(2),CORR USD_JPY=-0.35,,,
2026-09-07T13:53:25.321668+00:00,USD_JPY,WAIT,7,57,57,154.442,UPPER_MID,S=NA(0) R=157.918(1),CORR EUR_JPY=+0.93,,,
2026-09-07T13:53:25.321691+00:00,EUR_JPY,WAIT,12,57,57,179.554,UPPER_MID,S=179.357(1) R=185.5115(8),CORR GBP_JPY=+0.97,,,
2026-09-07T13:53:25.321705+00:00,GBP_JPY,WAIT,7,57,57,209.073,UPPER_MID,S=NA(0) R=214.49949999999998(4),CORR EUR_JPY=+0.97,,,
2026-09-07T13:53:25.321717+00:00,EUR_USD,WAIT,42,7,42,1.16259,UPPER_25,S=1.1576133333333334(3) R=1.16984(2),CORR USD_JPY=-0.35,,,
2026-09-07T13:59:07.750770+00:00,USD_JPY,WAIT,7,57,57,154.442,UPPER_MID,S=NA(0) R=157.918(1),CORR EUR_JPY=+0.93,,,
2026-09-07T13:59:07.750789+00:00,EUR_JPY,WAIT,12,57,57,179.554,UPPER_MID,S=179.357(1) R=185.5115(8),CORR GBP_JPY=+0.97,,,
2026-09-07T13:59:07.750801+00:00,GBP_JPY,WAIT,7,57,57,209.073,UPPER_MID,S=NA(0) R=214.49949999999998(4),CORR EUR_JPY=+0.97,,,
2026-09-07T13:59:07.750812+00:00,EUR_USD,WAIT,42,7,42,1.16259,UPPER_25,S=1.1576133333333334(3) R=1.16984(2),CORR USD_JPY=-0.35,,,
2026-09-07T14:04:51.640432+00:00,USD_JPY,WAIT,7,57,57,154.511,UPPER_MID,S=NA(0) R=157.918(1),CORR EUR_JPY=+0.93,,,
2026-09-07T14:04:51.640446+00:00,EUR_JPY,WAIT,12,46,46,179.68,UPPER_25,S=179.357(1) R=185.5115(8),CORR GBP_JPY=+0.97,,,
2026-09-07T14:04:51.640452+00:00,GBP_JPY,WAIT,7,46,46,209.188,UPPER_MID,S=NA(0) R=214.49949999999998(4),CORR EUR_JPY=+0.97,,,
2026-09-07T14:04:51.640458+00:00,EUR_USD,WAIT,42,0,42,1.16288,UPPER_25,S=1.1576133333333334(3) R=1.16984(2),CORR USD_JPY=-0.34,,,
2026-09-07T14:10:35.390133+00:00,USD_JPY,WAIT,7,57,57,154.511,UPPER_MID,S=NA(0) R=157.918(1),CORR EUR_JPY=+0.93,,,
2026-09-07T14:10:35.390148+00:00,EUR_JPY,WAIT,12,46,46,179.68,UPPER_25,S=179.357(1) R=185.5115(8),CORR GBP_JPY=+0.97,,,
2026-09-07T14:10:35.390156+00:00,GBP_JPY,WAIT,7,46,46,209.188,UPPER_MID,S=NA(0) R=214.49949999999998(4),CORR EUR_JPY=+0.97,,,
2026-09-07T14:10:35.390162+00:00,EUR_USD,WAIT,42,0,42,1.16288,UPPER_25,S=1.1576133333333334(3) R=1.16984(2),CORR USD_JPY=-0.34,,,
2026-09-07T14:16:18.623232+00:00,USD_JPY,SHORT,7,64,64,154.488,UPPER_MID,S=NA(0) R=157.918(1),CORR EUR_JPY=+0.93,1.0,1.5,
2026-09-07T14:16:18.623265+00:00,EUR_JPY,WAIT,12,53,53,179.685,UPPER_25,S=179.357(1) R=185.5115(8),CORR GBP_JPY=+0.97,,,
2026-09-07T14:16:18.623279+00:00,GBP_JPY,SHORT,7,64,64,209.178,UPPER_MID,S=NA(0) R=214.49949999999998(4),CORR EUR_JPY=+0.97,1.0,1.5,
2026-09-07T14:16:18.623290+00:00,EUR_USD,WAIT,42,0,42,1.16309,UPPER_25,S=1.1576133333333334(3) R=1.16984(2),CORR USD_JPY=-0.34,,,
2026-09-07T14:22:02.625546+00:00,USD_JPY,SHORT,7,64,64,154.488,UPPER_MID,S=NA(0) R=157.918(1),CORR EUR_JPY=+0.93,1.0,1.5,
2026-09-07T14:22:02.625579+00:00,EUR_JPY,WAIT,12,53,53,179.685,UPPER_25,S=179.357(1) R=185.5115(8),CORR GBP_JPY=+0.97,,,
2026-09-07T14:22:02.625593+00:00,GBP_JPY,SHORT,7,64,64,209.178,UPPER_MID,S=NA(0) R=214.49949999999998(4),CORR EUR_JPY=+0.97,1.0,1.5,
2026-09-07T14:22:02.625603+00:00,EUR_USD,WAIT,42,0,42,1.16309,UPPER_25,S=1.1576133333333334(3) R=1.16984(2),CORR USD_JPY=-0.34,,,
2026-09-07T14:27:45.854997+00:00,USD_JPY,SHORT,7,64,64,154.488,UPPER_MID,S=NA(0) R=157.918(1),CORR EUR_JPY=+0.93,1.0,1.5,
2026-09-07T14:27:45.855019+00:00,EUR_JPY,WAIT,12,53,53,179.685,UPPER_25,S=179.357(1) R=185.5115(8),CORR GBP_JPY=+0.97,,,
2026-09-07T14:27:45.855026+00:00,GBP_JPY,SHORT,7,64,64,209.178,UPPER_MID,S=NA(0) R=214.49949999999998(4),CORR EUR_JPY=+0.97,1.0,1.5,
2026-09-07T14:27:45.855033+00:00,EUR_USD,WAIT,42,0,42,1.16309,UPPER_25,S=1.1576133333333334(3) R=1.16984(2),CORR USD_JPY=-0.34,,,
2026-09-07T14:33:29.395027+00:00,USD_JPY,WAIT,0,57,57,154.359,UPPER_MID,S=NA(0) R=157.918(1),CORR EUR_JPY=+0.93,,,
2026-09-07T14:33:29.395061+00:00,EUR_JPY,SHORT,5,64,64,179.525,UPPER_MID,S=179.357(1) R=185.5115(8),CORR GBP_JPY=+0.97,1.0,1.4999999999999976,near repeated daily support
2026-09-07T14:33:29.395081+00:00,GBP_JPY,WAIT,0,57,57,208.994,UPPER_MID,S=NA(0) R=214.49949999999998(4),CORR EUR_JPY=+0.97,,,
2026-09-07T14:33:29.395093+00:00,EUR_USD,WAIT,49,0,49,1.16301,UPPER_25,S=1.1576133333333334(3) R=1.16984(2),CORR USD_JPY=-0.34,,,
2026-09-07T14:39:12.375794+00:00,USD_JPY,WAIT,0,57,57,154.359,UPPER_MID,S=NA(0) R=157.918(1),CORR EUR_JPY=+0.93,,,
2026-09-07T14:39:12.375820+00:00,EUR_JPY,WAIT,5,57,57,179.525,UPPER_MID,S=179.357(1) R=185.5115(8),CORR GBP_JPY=+0.97,,,
2026-09-07T14:39:12.375833+00:00,GBP_JPY,WAIT,0,57,57,208.994,UPPER_MID,S=NA(0) R=214.49949999999998(4),CORR EUR_JPY=+0.97,,,
2026-09-07T14:39:12.375843+00:00,EUR_USD,WAIT,49,0,49,1.16301,UPPER_25,S=1.1576133333333334(3) R=1.16984(2),CORR USD_JPY=-0.34,,,
2026-09-07T14:44:56.698083+00:00,USD_JPY,WAIT,0,57,57,154.359,UPPER_MID,S=NA(0) R=157.918(1),CORR EUR_JPY=+0.93,,,
2026-09-07T14:44:56.698105+00:00,EUR_JPY,WAIT,5,57,57,179.525,UPPER_MID,S=179.357(1) R=185.5115(8),CORR GBP_JPY=+0.97,,,
2026-09-07T14:44:56.698117+00:00,GBP_JPY,WAIT,0,57,57,208.994,UPPER_MID,S=NA(0) R=214.49949999999998(4),CORR EUR_JPY=+0.97,,,
2026-09-07T14:44:56.698128+00:00,EUR_USD,WAIT,49,0,49,1.16301,UPPER_25,S=1.1576133333333334(3) R=1.16984(2),CORR USD_JPY=-0.34,,,
2026-09-07T14:46:01.447305+00:00,USD_JPY,SHORT,0,64,64,154.395,UPPER_MID,S=NA(0) R=157.918(1),CORR EUR_JPY=+0.93,1.0,1.5,
2026-09-07T14:46:01.447337+00:00,EUR_JPY,SHORT,5,64,64,179.559,UPPER_MID,S=179.357(1) R=185.5115(8),CORR GBP_JPY=+0.97,1.0,1.4999999999999976,near repeated daily support
2026-09-07T14:46:01.447353+00:00,GBP_JPY,SHORT,0,64,64,209.042,UPPER_MID,S=NA(0) R=214.49949999999998(4),CORR EUR_JPY=+0.97,1.0,1.5,
2026-09-07T14:46:01.447367+00:00,EUR_USD,WAIT,49,0,49,1.16296,UPPER_25,S=1.1576133333333334(3) R=1.16984(2),CORR USD_JPY=-0.34,,,
2026-09-07T14:51:44.677166+00:00,USD_JPY,SHORT,0,64,64,154.395,UPPER_MID,S=NA(0) R=157.918(1),CORR EUR_JPY=+0.93,1.0,1.5,
2026-09-07T14:51:44.677187+00:00,EUR_JPY,SHORT,5,64,64,179.559,UPPER_MID,S=179.357(1) R=185.5115(8),CORR GBP_JPY=+0.97,1.0,1.4999999999999976,near repeated daily support
2026-09-07T14:51:44.677196+00:00,GBP_JPY,SHORT,0,64,64,209.042,UPPER_MID,S=NA(0) R=214.49949999999998(4),CORR EUR_JPY=+0.97,1.0,1.5,
2026-09-07T14:51:44.677203+00:00,EUR_USD,WAIT,49,0,49,1.16296,UPPER_25,S=1.1576133333333334(3) R=1.16984(2),CORR USD_JPY=-0.34,,,
2026-09-07T14:57:26.964764+00:00,USD_JPY,SHORT,0,64,64,154.395,UPPER_MID,S=NA(0) R=157.918(1),CORR EUR_JPY=+0.93,1.0,1.5,
2026-09-07T14:57:26.964793+00:00,EUR_JPY,SHORT,5,64,64,179.559,UPPER_MID,S=179.357(1) R=185.5115(8),CORR GBP_JPY=+0.97,1.0,1.4999999999999976,near repeated daily support
2026-09-07T14:57:26.964807+00:00,GBP_JPY,SHORT,0,64,64,209.042,UPPER_MID,S=NA(0) R=214.49949999999998(4),CORR EUR_JPY=+0.97,1.0,1.5,
2026-09-07T14:57:26.964817+00:00,EUR_USD,WAIT,49,0,49,1.16296,UPPER_25,S=1.1576133333333334(3) R=1.16984(2),CORR USD_JPY=-0.34,,,
2026-09-07T15:03:10.472206+00:00,USD_JPY,SHORT,0,64,64,154.286,UPPER_MID,S=NA(0) R=157.918(1),CORR EUR_JPY=+0.93,1.0,1.5,
2026-09-07T15:03:10.472235+00:00,EUR_JPY,SHORT,5,64,64,179.453,UPPER_MID,S=179.357(1) R=185.5115(8),CORR GBP_JPY=+0.97,1.0,1.5,near repeated daily support
2026-09-07T15:03:10.472252+00:00,GBP_JPY,SHORT,0,64,64,208.989,UPPER_MID,S=NA(0) R=214.49949999999998(4),CORR EUR_JPY=+0.97,1.0,1.5,
2026-09-07T15:03:10.472264+00:00,EUR_USD,WAIT,49,0,49,1.1631,UPPER_25,S=1.1576133333333334(3) R=1.16984(2),CORR USD_JPY=-0.35,,,
2026-09-07T15:08:55.237044+00:00,USD_JPY,SHORT,0,64,64,154.286,UPPER_MID,S=NA(0) R=157.918(1),CORR EUR_JPY=+0.93,1.0,1.5,
2026-09-07T15:08:55.237075+00:00,EUR_JPY,SHORT,5,64,64,179.453,UPPER_MID,S=179.357(1) R=185.5115(8),CORR GBP_JPY=+0.97,1.0,1.5,near repeated daily support
2026-09-07T15:08:55.237088+00:00,GBP_JPY,SHORT,0,64,64,208.989,UPPER_MID,S=NA(0) R=214.49949999999998(4),CORR EUR_JPY=+0.97,1.0,1.5,
2026-09-07T15:08:55.237098+00:00,EUR_USD,WAIT,49,0,49,1.1631,UPPER_25,S=1.1576133333333334(3) R=1.16984(2),CORR USD_JPY=-0.35,,,
2026-09-07T15:14:40.033223+00:00,USD_JPY,SHORT,0,64,64,154.286,UPPER_MID,S=NA(0) R=157.918(1),CORR EUR_JPY=+0.93,1.0,1.5,
2026-09-07T15:14:40.033255+00:00,EUR_JPY,SHORT,5,64,64,179.453,UPPER_MID,S=179.357(1) R=185.5115(8),CORR GBP_JPY=+0.97,1.0,1.5,near repeated daily support
2026-09-07T15:14:40.033265+00:00,GBP_JPY,SHORT,0,64,64,208.989,UPPER_MID,S=NA(0) R=214.49949999999998(4),CORR EUR_JPY=+0.97,1.0,1.5,
2026-09-07T15:14:40.033282+00:00,EUR_USD,WAIT,49,0,49,1.1631,UPPER_25,S=1.1576133333333334(3) R=1.16984(2),CORR USD_JPY=-0.35,,,
2026-09-07T15:20:24.670503+00:00,USD_JPY,SHORT,0,64,64,154.349,UPPER_MID,S=NA(0) R=157.918(1),CORR EUR_JPY=+0.93,1.0,1.5,
2026-09-07T15:20:24.670534+00:00,EUR_JPY,SHORT,5,64,64,179.467,UPPER_MID,S=179.357(1) R=185.5115(8),CORR GBP_JPY=+0.97,1.0,1.5,near repeated daily support
2026-09-07T15:20:24.670548+00:00,GBP_JPY,SHORT,0,64,64,209.032,UPPER_MID,S=NA(0) R=214.49949999999998(4),CORR EUR_JPY=+0.97,1.0,1.5,
2026-09-07T15:20:24.670559+00:00,EUR_USD,WAIT,31,7,31,1.16273,UPPER_25,S=1.1576133333333334(3) R=1.16984(2),CORR USD_JPY=-0.35,,,
2026-09-07T15:26:08.563873+00:00,USD_JPY,SHORT,0,64,64,154.349,UPPER_MID,S=NA(0) R=157.918(1),CORR EUR_JPY=+0.93,1.0,1.5,
2026-09-07T15:26:08.563908+00:00,EUR_JPY,SHORT,5,64,64,179.467,UPPER_MID,S=179.357(1) R=185.5115(8),CORR GBP_JPY=+0.97,1.0,1.5,near repeated daily support
2026-09-07T15:26:08.563923+00:00,GBP_JPY,SHORT,0,64,64,209.032,UPPER_MID,S=NA(0) R=214.49949999999998(4),CORR EUR_JPY=+0.97,1.0,1.5,
2026-09-07T15:26:08.563936+00:00,EUR_USD,WAIT,31,7,31,1.16273,UPPER_25,S=1.1576133333333334(3) R=1.16984(2),CORR USD_JPY=-0.35,,,
2026-09-07T15:31:51.234938+00:00,USD_JPY,SHORT,0,64,64,154.266,UPPER_MID,S=NA(0) R=157.918(1),CORR EUR_JPY=+0.93,1.0,1.5000000000000038,
2026-09-07T15:31:51.234972+00:00,EUR_JPY,SHORT,5,64,64,179.417,UPPER_MID,S=179.357(1) R=185.5115(8),CORR GBP_JPY=+0.97,1.0,1.5,near repeated daily support
2026-09-07T15:31:51.234986+00:00,GBP_JPY,SHORT,0,64,64,208.924,UPPER_MID,S=NA(0) R=214.49949999999998(4),CORR EUR_JPY=+0.97,1.0,1.5,
2026-09-07T15:31:51.234997+00:00,EUR_USD,WAIT,42,0,42,1.16302,UPPER_25,S=1.1576133333333334(3) R=1.16984(2),CORR USD_JPY=-0.35,,,
2026-09-07T15:37:34.268537+00:00,USD_JPY,SHORT,0,64,64,154.266,UPPER_MID,S=NA(0) R=157.918(1),CORR EUR_JPY=+0.93,1.0,1.5000000000000038,
2026-09-07T15:37:34.268582+00:00,EUR_JPY,SHORT,5,64,64,179.417,UPPER_MID,S=179.357(1) R=185.5115(8),CORR GBP_JPY=+0.97,1.0,1.5,near repeated daily support
2026-09-07T15:37:34.268598+00:00,GBP_JPY,SHORT,0,64,64,208.924,UPPER_MID,S=NA(0) R=214.49949999999998(4),CORR EUR_JPY=+0.97,1.0,1.5,
2026-09-07T15:37:34.268610+00:00,EUR_USD,WAIT,42,0,42,1.16302,UPPER_25,S=1.1576133333333334(3) R=1.16984(2),CORR USD_JPY=-0.35,,,
2026-09-07T15:43:18.141765+00:00,USD_JPY,SHORT,0,64,64,154.266,UPPER_MID,S=NA(0) R=157.918(1),CORR EUR_JPY=+0.93,1.0,1.5000000000000038,
2026-09-07T15:43:18.141797+00:00,EUR_JPY,SHORT,5,64,64,179.417,UPPER_MID,S=179.357(1) R=185.5115(8),CORR GBP_JPY=+0.97,1.0,1.5,near repeated daily support
2026-09-07T15:43:18.141812+00:00,GBP_JPY,SHORT,0,64,64,208.924,UPPER_MID,S=NA(0) R=214.49949999999998(4),CORR EUR_JPY=+0.97,1.0,1.5,
2026-09-07T15:43:18.141824+00:00,EUR_USD,WAIT,42,0,42,1.16302,UPPER_25,S=1.1576133333333334(3) R=1.16984(2),CORR USD_JPY=-0.35,,,
2026-09-07T15:49:02.069194+00:00,USD_JPY,WAIT,0,57,57,154.322,UPPER_MID,S=NA(0) R=157.918(1),CORR EUR_JPY=+0.93,,,
2026-09-07T15:49:02.069213+00:00,EUR_JPY,SHORT,5,64,64,179.465,UPPER_MID,S=179.357(1) R=185.5115(8),CORR GBP_JPY=+0.97,1.0,1.5,near repeated daily support
2026-09-07T15:49:02.069229+00:00,GBP_JPY,SHORT,0,64,64,208.985,UPPER_MID,S=NA(0) R=214.49949999999998(4),CORR EUR_JPY=+0.97,1.0,1.5,
2026-09-07T15:49:02.069241+00:00,EUR_USD,WAIT,42,0,42,1.16292,UPPER_25,S=1.1576133333333334(3) R=1.16984(2),CORR USD_JPY=-0.35,,,
2026-09-07T15:50:06.891129+00:00,USD_JPY,WAIT,0,57,57,154.322,UPPER_MID,S=NA(0) R=157.918(1),CORR EUR_JPY=+0.93,,,
2026-09-07T15:50:06.891148+00:00,EUR_JPY,SHORT,5,64,64,179.465,UPPER_MID,S=179.357(1) R=185.5115(8),CORR GBP_JPY=+0.97,1.0,1.5,near repeated daily support
2026-09-07T15:50:06.891162+00:00,GBP_JPY,SHORT,0,64,64,208.985,UPPER_MID,S=NA(0) R=214.49949999999998(4),CORR EUR_JPY=+0.97,1.0,1.5,
2026-09-07T15:50:06.891172+00:00,EUR_USD,WAIT,42,0,42,1.16292,UPPER_25,S=1.1576133333333334(3) R=1.16984(2),CORR USD_JPY=-0.35,,,
2026-09-07T15:55:50.272081+00:00,USD_JPY,WAIT,0,57,57,154.322,UPPER_MID,S=NA(0) R=157.918(1),CORR EUR_JPY=+0.93,,,
2026-09-07T15:55:50.272102+00:00,EUR_JPY,SHORT,5,64,64,179.465,UPPER_MID,S=179.357(1) R=185.5115(8),CORR GBP_JPY=+0.97,1.0,1.5,near repeated daily support
2026-09-07T15:55:50.272116+00:00,GBP_JPY,SHORT,0,64,64,208.985,UPPER_MID,S=NA(0) R=214.49949999999998(4),CORR EUR_JPY=+0.97,1.0,1.5,
2026-09-07T15:55:50.272127+00:00,EUR_USD,WAIT,42,0,42,1.16292,UPPER_25,S=1.1576133333333334(3) R=1.16984(2),CORR USD_JPY=-0.35,,,
2026-09-07T16:01:34.810619+00:00,USD_JPY,WAIT,0,57,57,154.392,UPPER_MID,S=NA(0) R=157.918(1),CORR EUR_JPY=+0.94,,,
2026-09-07T16:01:34.810638+00:00,EUR_JPY,WAIT,5,57,57,179.522,UPPER_MID,S=179.357(1) R=185.5115(8),CORR GBP_JPY=+0.97,,,
2026-09-07T16:01:34.810650+00:00,GBP_JPY,WAIT,0,57,57,209.042,UPPER_MID,S=NA(0) R=214.49949999999998(4),CORR EUR_JPY=+0.97,,,
2026-09-07T16:01:34.810680+00:00,EUR_USD,WAIT,31,7,31,1.16276,UPPER_25,S=1.1576133333333334(3) R=1.16984(2),CORR USD_JPY=-0.35,,,
2026-09-07T16:07:19.843257+00:00,USD_JPY,WAIT,0,57,57,154.392,UPPER_MID,S=NA(0) R=157.918(1),CORR EUR_JPY=+0.94,,,
2026-09-07T16:07:19.843279+00:00,EUR_JPY,WAIT,5,57,57,179.522,UPPER_MID,S=179.357(1) R=185.5115(8),CORR GBP_JPY=+0.97,,,
2026-09-07T16:07:19.843290+00:00,GBP_JPY,WAIT,0,57,57,209.042,UPPER_MID,S=NA(0) R=214.49949999999998(4),CORR EUR_JPY=+0.97,,,
2026-09-07T16:07:19.843300+00:00,EUR_USD,WAIT,31,7,31,1.16276,UPPER_25,S=1.1576133333333334(3) R=1.16984(2),CORR USD_JPY=-0.35,,,
2026-09-07T16:13:04.123350+00:00,USD_JPY,SHORT,0,64,64,154.392,UPPER_MID,S=NA(0) R=157.918(1),CORR EUR_JPY=+0.94,1.0,1.499999999999996,
2026-09-07T16:13:04.123380+00:00,EUR_JPY,SHORT,5,64,64,179.522,UPPER_MID,S=179.357(1) R=185.5115(8),CORR GBP_JPY=+0.97,1.0,1.5,near repeated daily support
2026-09-07T16:13:04.123395+00:00,GBP_JPY,SHORT,0,64,64,209.042,UPPER_MID,S=NA(0) R=214.49949999999998(4),CORR EUR_JPY=+0.97,1.0,1.5,
2026-09-07T16:13:04.123405+00:00,EUR_USD,WAIT,31,7,31,1.16276,UPPER_25,S=1.1576133333333334(3) R=1.16984(2),CORR USD_JPY=-0.35,,,
2026-09-07T16:18:47.472280+00:00,USD_JPY,SHORT,0,64,64,154.386,UPPER_MID,S=NA(0) R=157.918(1),CORR EUR_JPY=+0.94,1.0,1.499999999999996,
2026-09-07T16:18:47.472314+00:00,EUR_JPY,WAIT,5,57,57,179.505,UPPER_MID,S=179.357(1) R=185.5115(8),CORR GBP_JPY=+0.97,,,
2026-09-07T16:18:47.472324+00:00,GBP_JPY,WAIT,0,46,46,209.062,UPPER_MID,S=NA(0) R=214.49949999999998(4),CORR EUR_JPY=+0.97,,,
2026-09-07T16:18:47.472330+00:00,EUR_USD,WAIT,31,7,31,1.16268,UPPER_25,S=1.1576133333333334(3) R=1.16984(2),CORR USD_JPY=-0.35,,,
2026-09-07T16:24:30.369631+00:00,USD_JPY,SHORT,0,64,64,154.386,UPPER_MID,S=NA(0) R=157.918(1),CORR EUR_JPY=+0.94,1.0,1.499999999999996,
2026-09-07T16:24:30.369679+00:00,EUR_JPY,SHORT,5,64,64,179.505,UPPER_MID,S=179.357(1) R=185.5115(8),CORR GBP_JPY=+0.97,1.0,1.5,near repeated daily support
2026-09-07T16:24:30.369694+00:00,GBP_JPY,WAIT,0,53,53,209.062,UPPER_MID,S=NA(0) R=214.49949999999998(4),CORR EUR_JPY=+0.97,,,
2026-09-07T16:24:30.369704+00:00,EUR_USD,WAIT,31,7,31,1.16268,UPPER_25,S=1.1576133333333334(3) R=1.16984(2),CORR USD_JPY=-0.35,,,
2026-09-07T16:30:13.093315+00:00,USD_JPY,WAIT,0,57,57,154.386,UPPER_MID,S=NA(0) R=157.918(1),CORR EUR_JPY=+0.94,,,
2026-09-07T16:30:13.093340+00:00,EUR_JPY,WAIT,5,57,57,179.505,UPPER_MID,S=179.357(1) R=185.5115(8),CORR GBP_JPY=+0.97,,,
2026-09-07T16:30:13.093352+00:00,GBP_JPY,WAIT,0,46,46,209.062,UPPER_MID,S=NA(0) R=214.49949999999998(4),CORR EUR_JPY=+0.97,,,
2026-09-07T16:30:13.093362+00:00,EUR_USD,WAIT,31,7,31,1.16268,UPPER_25,S=1.1576133333333334(3) R=1.16984(2),CORR USD_JPY=-0.35,,,
2026-09-07T16:35:57.304012+00:00,USD_JPY,WAIT,7,57,57,154.372,UPPER_MID,S=NA(0) R=157.918(1),CORR EUR_JPY=+0.94,,,
2026-09-07T16:35:57.304033+00:00,EUR_JPY,WAIT,5,57,57,179.502,UPPER_MID,S=179.357(1) R=185.5115(8),CORR GBP_JPY=+0.97,,,
2026-09-07T16:35:57.304044+00:00,GBP_JPY,WAIT,7,46,46,209.063,UPPER_MID,S=NA(0) R=214.49949999999998(4),CORR EUR_JPY=+0.97,,,
2026-09-07T16:35:57.304055+00:00,EUR_USD,WAIT,31,0,31,1.16277,UPPER_25,S=1.1576133333333334(3) R=1.16984(2),CORR USD_JPY=-0.35,,,
2026-09-07T16:41:41.027245+00:00,USD_JPY,WAIT,7,57,57,154.372,UPPER_MID,S=NA(0) R=157.918(1),CORR EUR_JPY=+0.94,,,
2026-09-07T16:41:41.027266+00:00,EUR_JPY,WAIT,5,57,57,179.502,UPPER_MID,S=179.357(1) R=185.5115(8),CORR GBP_JPY=+0.97,,,
2026-09-07T16:41:41.027278+00:00,GBP_JPY,WAIT,7,46,46,209.063,UPPER_MID,S=NA(0) R=214.49949999999998(4),CORR EUR_JPY=+0.97,,,
2026-09-07T16:41:41.027288+00:00,EUR_USD,WAIT,31,0,31,1.16277,UPPER_25,S=1.1576133333333334(3) R=1.16984(2),CORR USD_JPY=-0.35,,,
2026-09-07T16:47:24.579493+00:00,USD_JPY,WAIT,7,57,57,154.279,UPPER_MID,S=NA(0) R=157.918(1),CORR EUR_JPY=+0.94,,,
2026-09-07T16:47:24.579507+00:00,EUR_JPY,WAIT,12,57,57,179.422,UPPER_MID,S=179.357(1) R=185.5115(8),CORR GBP_JPY=+0.97,,,
2026-09-07T16:47:24.579514+00:00,GBP_JPY,WAIT,0,57,57,208.987,UPPER_MID,S=NA(0) R=214.49949999999998(4),CORR EUR_JPY=+0.97,,,
2026-09-07T16:47:24.579520+00:00,EUR_USD,WAIT,42,0,42,1.16294,UPPER_25,S=1.1576133333333334(3) R=1.16984(2),CORR USD_JPY=-0.35,,,
2026-09-07T16:53:08.431720+00:00,USD_JPY,WAIT,7,57,57,154.279,UPPER_MID,S=NA(0) R=157.918(1),CORR EUR_JPY=+0.94,,,
2026-09-07T16:53:08.431733+00:00,EUR_JPY,WAIT,12,57,57,179.422,UPPER_MID,S=179.357(1) R=185.5115(8),CORR GBP_JPY=+0.97,,,
2026-09-07T16:53:08.431740+00:00,GBP_JPY,WAIT,0,57,57,208.987,UPPER_MID,S=NA(0) R=214.49949999999998(4),CORR EUR_JPY=+0.97,,,
2026-09-07T16:53:08.431745+00:00,EUR_USD,WAIT,42,0,42,1.16294,UPPER_25,S=1.1576133333333334(3) R=1.16984(2),CORR USD_JPY=-0.35,,,
2026-09-07T16:54:29.394732+00:00,USD_JPY,WAIT,7,57,57,154.279,UPPER_MID,S=NA(0) R=157.918(1),CORR EUR_JPY=+0.94,,,
2026-09-07T16:54:29.394746+00:00,EUR_JPY,WAIT,12,57,57,179.422,UPPER_MID,S=179.357(1) R=185.5115(8),CORR GBP_JPY=+0.97,,,
2026-09-07T16:54:29.394755+00:00,GBP_JPY,WAIT,0,57,57,208.987,UPPER_MID,S=NA(0) R=214.49949999999998(4),CORR EUR_JPY=+0.97,,,
2026-09-07T16:54:29.394766+00:00,EUR_USD,WAIT,42,0,42,1.16294,UPPER_25,S=1.1576133333333334(3) R=1.16984(2),CORR USD_JPY=-0.35,,,
2026-09-07T17:00:22.757521+00:00,USD_JPY,WAIT,7,57,57,154.279,UPPER_MID,S=NA(0) R=157.918(1),CORR EUR_JPY=+0.94,,,
2026-09-07T17:00:22.757540+00:00,EUR_JPY,WAIT,12,57,57,179.422,UPPER_MID,S=179.357(1) R=185.5115(8),CORR GBP_JPY=+0.97,,,
2026-09-07T17:00:22.757551+00:00,GBP_JPY,WAIT,0,57,57,208.987,UPPER_MID,S=NA(0) R=214.49949999999998(4),CORR EUR_JPY=+0.97,,,
2026-09-07T17:00:22.757560+00:00,EUR_USD,WAIT,31,0,31,1.16285,UPPER_25,S=1.1576133333333334(3) R=1.16984(2),CORR USD_JPY=-0.35,,,
2026-09-07T17:06:19.787415+00:00,USD_JPY,WAIT,0,57,57,154.294,UPPER_MID,S=NA(0) R=157.918(1),CORR EUR_JPY=+0.94,,,
2026-09-07T17:06:19.787433+00:00,EUR_JPY,WAIT,5,57,57,179.424,UPPER_MID,S=179.357(1) R=185.5115(8),CORR GBP_JPY=+0.97,,,
2026-09-07T17:06:19.787446+00:00,GBP_JPY,WAIT,0,57,57,209.015,UPPER_MID,S=NA(0) R=214.49949999999998(4),CORR EUR_JPY=+0.97,,,
2026-09-07T17:06:19.787457+00:00,EUR_USD,WAIT,31,0,31,1.16285,UPPER_25,S=1.1576133333333334(3) R=1.16984(2),CORR USD_JPY=-0.35,,,
2026-09-07T17:12:14.048673+00:00,USD_JPY,WAIT,0,57,57,154.294,UPPER_MID,S=NA(0) R=157.918(1),CORR EUR_JPY=+0.94,,,
2026-09-07T17:12:14.048689+00:00,EUR_JPY,WAIT,5,57,57,179.424,UPPER_MID,S=179.357(1) R=185.5115(8),CORR GBP_JPY=+0.97,,,
2026-09-07T17:12:14.048702+00:00,GBP_JPY,WAIT,0,57,57,209.015,UPPER_MID,S=NA(0) R=214.49949999999998(4),CORR EUR_JPY=+0.97,,,
2026-09-07T17:12:14.048714+00:00,EUR_USD,WAIT,31,0,31,1.16285,UPPER_25,S=1.1576133333333334(3) R=1.16984(2),CORR USD_JPY=-0.35,,,
2026-09-07T17:18:18.847377+00:00,USD_JPY,WAIT,0,57,57,154.308,UPPER_MID,S=NA(0) R=157.918(1),CORR EUR_JPY=+0.94,,,
2026-09-07T17:18:18.847397+00:00,EUR_JPY,WAIT,5,57,57,179.409,UPPER_MID,S=179.357(1) R=185.5115(8),CORR GBP_JPY=+0.97,,,
2026-09-07T17:18:18.847409+00:00,GBP_JPY,WAIT,7,57,57,209.002,UPPER_MID,S=NA(0) R=214.49949999999998(4),CORR EUR_JPY=+0.97,,,
2026-09-07T17:18:18.847419+00:00,EUR_USD,WAIT,31,18,31,1.16264,UPPER_25,S=1.1576133333333334(3) R=1.16984(2),CORR USD_JPY=-0.35,,,
2026-09-07T17:24:14.105045+00:00,USD_JPY,WAIT,0,57,57,154.308,UPPER_MID,S=NA(0) R=157.918(1),CORR EUR_JPY=+0.94,,,
2026-09-07T17:24:14.105059+00:00,EUR_JPY,WAIT,5,57,57,179.409,UPPER_MID,S=179.357(1) R=185.5115(8),CORR GBP_JPY=+0.97,,,
2026-09-07T17:24:14.105069+00:00,GBP_JPY,WAIT,7,57,57,209.002,UPPER_MID,S=NA(0) R=214.49949999999998(4),CORR EUR_JPY=+0.97,,,
2026-09-07T17:24:14.105079+00:00,EUR_USD,WAIT,31,18,31,1.16264,UPPER_25,S=1.1576133333333334(3) R=1.16984(2),CORR USD_JPY=-0.35,,,
2026-09-07T17:30:08.423002+00:00,USD_JPY,WAIT,0,57,57,154.308,UPPER_MID,S=NA(0) R=157.918(1),CORR EUR_JPY=+0.94,,,
2026-09-07T17:30:08.423041+00:00,EUR_JPY,WAIT,5,57,57,179.409,UPPER_MID,S=179.357(1) R=185.5115(8),CORR GBP_JPY=+0.97,,,
2026-09-07T17:30:08.423056+00:00,GBP_JPY,WAIT,7,57,57,209.002,UPPER_MID,S=NA(0) R=214.49949999999998(4),CORR EUR_JPY=+0.97,,,
2026-09-07T17:30:08.423067+00:00,EUR_USD,WAIT,31,18,31,1.16264,UPPER_25,S=1.1576133333333334(3) R=1.16984(2),CORR USD_JPY=-0.35,,,
2026-09-07T17:36:03.289323+00:00,USD_JPY,WAIT,0,57,57,154.325,UPPER_MID,S=NA(0) R=157.918(1),CORR EUR_JPY=+0.94,,,
2026-09-07T17:36:03.289336+00:00,EUR_JPY,WAIT,5,57,57,179.408,UPPER_MID,S=179.357(1) R=185.5115(8),CORR GBP_JPY=+0.97,,,
2026-09-07T17:36:03.289343+00:00,GBP_JPY,WAIT,0,57,57,208.999,UPPER_MID,S=NA(0) R=214.49949999999998(4),CORR EUR_JPY=+0.97,,,
2026-09-07T17:36:03.289348+00:00,EUR_USD,WAIT,31,11,31,1.16251,UPPER_25,S=1.1576133333333334(3) R=1.16984(2),CORR USD_JPY=-0.35,,,
2026-09-07T17:42:01.561948+00:00,USD_JPY,WAIT,0,57,57,154.325,UPPER_MID,S=NA(0) R=157.918(1),CORR EUR_JPY=+0.94,,,
2026-09-07T17:42:01.561970+00:00,EUR_JPY,WAIT,5,57,57,179.408,UPPER_MID,S=179.357(1) R=185.5115(8),CORR GBP_JPY=+0.97,,,
2026-09-07T17:42:01.561983+00:00,GBP_JPY,WAIT,0,57,57,208.999,UPPER_MID,S=NA(0) R=214.49949999999998(4),CORR EUR_JPY=+0.97,,,
2026-09-07T17:42:01.561993+00:00,EUR_USD,WAIT,31,11,31,1.16251,UPPER_25,S=1.1576133333333334(3) R=1.16984(2),CORR USD_JPY=-0.35,,,
2026-09-07T17:48:00.693627+00:00,USD_JPY,WAIT,0,46,46,154.35,UPPER_MID,S=NA(0) R=157.918(1),CORR EUR_JPY=+0.94,,,
2026-09-07T17:48:00.693642+00:00,EUR_JPY,WAIT,12,57,57,179.438,UPPER_MID,S=179.357(1) R=185.5115(8),CORR GBP_JPY=+0.97,,,
2026-09-07T17:48:00.693649+00:00,GBP_JPY,WAIT,0,46,46,209.033,UPPER_MID,S=NA(0) R=214.49949999999998(4),CORR EUR_JPY=+0.97,,,
2026-09-07T17:48:00.693655+00:00,EUR_USD,WAIT,31,18,31,1.16252,UPPER_25,S=1.1576133333333334(3) R=1.16984(2),CORR USD_JPY=-0.35,,,
2026-09-07T17:53:57.675979+00:00,USD_JPY,WAIT,0,46,46,154.35,UPPER_MID,S=NA(0) R=157.918(1),CORR EUR_JPY=+0.94,,,
2026-09-07T17:53:57.675998+00:00,EUR_JPY,WAIT,12,57,57,179.438,UPPER_MID,S=179.357(1) R=185.5115(8),CORR GBP_JPY=+0.97,,,
2026-09-07T17:53:57.676009+00:00,GBP_JPY,WAIT,0,46,46,209.033,UPPER_MID,S=NA(0) R=214.49949999999998(4),CORR EUR_JPY=+0.97,,,
2026-09-07T17:53:57.676040+00:00,EUR_USD,WAIT,31,18,31,1.16252,UPPER_25,S=1.1576133333333334(3) R=1.16984(2),CORR USD_JPY=-0.35,,,
2026-09-07T17:59:49.286544+00:00,USD_JPY,WAIT,0,53,53,154.35,UPPER_MID,S=NA(0) R=157.918(1),CORR EUR_JPY=+0.94,,,
2026-09-07T17:59:49.286566+00:00,EUR_JPY,WAIT,12,57,57,179.438,UPPER_MID,S=179.357(1) R=185.5115(8),CORR GBP_JPY=+0.97,,,
2026-09-07T17:59:49.286577+00:00,GBP_JPY,WAIT,0,46,46,209.033,UPPER_MID,S=NA(0) R=214.49949999999998(4),CORR EUR_JPY=+0.97,,,
2026-09-07T17:59:49.286588+00:00,EUR_USD,WAIT,31,18,31,1.16252,UPPER_25,S=1.1576133333333334(3) R=1.16984(2),CORR USD_JPY=-0.35,,,
2026-09-07T18:00:57.883965+00:00,USD_JPY,WAIT,7,46,46,154.355,UPPER_MID,S=NA(0) R=157.918(1),CORR EUR_JPY=+0.94,,,
2026-09-07T18:00:57.883984+00:00,EUR_JPY,WAIT,12,57,57,179.448,UPPER_MID,S=179.357(1) R=185.5115(8),CORR GBP_JPY=+0.97,,,
2026-09-07T18:00:57.883996+00:00,GBP_JPY,WAIT,7,46,46,209.035,UPPER_MID,S=NA(0) R=214.49949999999998(4),CORR EUR_JPY=+0.97,,,
2026-09-07T18:00:57.884010+00:00,EUR_USD,WAIT,31,18,31,1.16254,UPPER_25,S=1.1576133333333334(3) R=1.16984(2),CORR USD_JPY=-0.35,,,
2026-09-07T18:06:50.593115+00:00,USD_JPY,WAIT,7,53,53,154.355,UPPER_MID,S=NA(0) R=157.918(1),CORR EUR_JPY=+0.94,,,
2026-09-07T18:06:50.593134+00:00,EUR_JPY,SHORT,12,64,64,179.448,UPPER_MID,S=179.357(1) R=185.5115(8),CORR GBP_JPY=+0.97,1.0,1.4999999999999976,near repeated daily support
2026-09-07T18:06:50.593148+00:00,GBP_JPY,WAIT,7,53,53,209.035,UPPER_MID,S=NA(0) R=214.49949999999998(4),CORR EUR_JPY=+0.97,,,
2026-09-07T18:06:50.593158+00:00,EUR_USD,WAIT,31,18,31,1.16254,UPPER_25,S=1.1576133333333334(3) R=1.16984(2),CORR USD_JPY=-0.35,,,
2026-09-07T18:12:46.144929+00:00,USD_JPY,WAIT,7,53,53,154.355,UPPER_MID,S=NA(0) R=157.918(1),CORR EUR_JPY=+0.94,,,
2026-09-07T18:12:46.144943+00:00,EUR_JPY,SHORT,12,64,64,179.448,UPPER_MID,S=179.357(1) R=185.5115(8),CORR GBP_JPY=+0.97,1.0,1.4999999999999976,near repeated daily support
2026-09-07T18:12:46.144952+00:00,GBP_JPY,WAIT,7,53,53,209.035,UPPER_MID,S=NA(0) R=214.49949999999998(4),CORR EUR_JPY=+0.97,,,
2026-09-07T18:12:46.144965+00:00,EUR_USD,WAIT,31,18,31,1.16254,UPPER_25,S=1.1576133333333334(3) R=1.16984(2),CORR USD_JPY=-0.35,,,
2026-09-07T18:18:38.715456+00:00,USD_JPY,WAIT,7,53,53,154.355,UPPER_MID,S=NA(0) R=157.918(1),CORR EUR_JPY=+0.94,,,
2026-09-07T18:18:38.715476+00:00,EUR_JPY,SHORT,12,64,64,179.433,UPPER_MID,S=179.357(1) R=185.5115(8),CORR GBP_JPY=+0.97,1.0,1.5000000000000024,near repeated daily support
2026-09-07T18:18:38.715490+00:00,GBP_JPY,SHORT,7,64,64,209.022,UPPER_MID,S=NA(0) R=214.49949999999998(4),CORR EUR_JPY=+0.97,1.0,1.5,
2026-09-07T18:18:38.715520+00:00,EUR_USD,WAIT,31,18,31,1.16245,UPPER_25,S=1.1576133333333334(3) R=1.16984(2),CORR USD_JPY=-0.35,,,
2026-09-07T18:24:32.130408+00:00,USD_JPY,WAIT,7,53,53,154.355,UPPER_MID,S=NA(0) R=157.918(1),CORR EUR_JPY=+0.94,,,
2026-09-07T18:24:32.130426+00:00,EUR_JPY,WAIT,12,57,57,179.433,UPPER_MID,S=179.357(1) R=185.5115(8),CORR GBP_JPY=+0.97,,,
2026-09-07T18:24:32.130437+00:00,GBP_JPY,SHORT,7,64,64,209.022,UPPER_MID,S=NA(0) R=214.49949999999998(4),CORR EUR_JPY=+0.97,1.0,1.5,
2026-09-07T18:24:32.130447+00:00,EUR_USD,WAIT,31,18,31,1.16245,UPPER_25,S=1.1576133333333334(3) R=1.16984(2),CORR USD_JPY=-0.35,,,
2026-09-07T18:30:23.687532+00:00,USD_JPY,WAIT,7,46,46,154.355,UPPER_MID,S=NA(0) R=157.918(1),CORR EUR_JPY=+0.94,,,
2026-09-07T18:30:23.687550+00:00,EUR_JPY,WAIT,12,57,57,179.433,UPPER_MID,S=179.357(1) R=185.5115(8),CORR GBP_JPY=+0.97,,,
2026-09-07T18:30:23.687561+00:00,GBP_JPY,WAIT,7,57,57,209.022,UPPER_MID,S=NA(0) R=214.49949999999998(4),CORR EUR_JPY=+0.97,,,
2026-09-07T18:30:23.687570+00:00,EUR_USD,WAIT,31,18,31,1.16234,UPPER_25,S=1.1576133333333334(3) R=1.16984(2),CORR USD_JPY=-0.35,,,
2026-09-07T18:36:17.017768+00:00,USD_JPY,WAIT,7,46,46,154.356,UPPER_MID,S=NA(0) R=157.918(1),CORR EUR_JPY=+0.94,,,
2026-09-07T18:36:17.017783+00:00,EUR_JPY,WAIT,12,57,57,179.419,UPPER_MID,S=179.357(1) R=185.5115(8),CORR GBP_JPY=+0.97,,,
2026-09-07T18:36:17.017798+00:00,GBP_JPY,WAIT,7,57,57,209.009,UPPER_MID,S=NA(0) R=214.49949999999998(4),CORR EUR_JPY=+0.97,,,
2026-09-07T18:36:17.017807+00:00,EUR_USD,WAIT,31,18,31,1.16234,UPPER_25,S=1.1576133333333334(3) R=1.16984(2),CORR USD_JPY=-0.35,,,
2026-09-07T18:42:10.107105+00:00,USD_JPY,WAIT,7,46,46,154.356,UPPER_MID,S=NA(0) R=157.918(1),CORR EUR_JPY=+0.94,,,
2026-09-07T18:42:10.107123+00:00,EUR_JPY,WAIT,12,57,57,179.419,UPPER_MID,S=179.357(1) R=185.5115(8),CORR GBP_JPY=+0.97,,,
2026-09-07T18:42:10.107133+00:00,GBP_JPY,WAIT,7,57,57,209.009,UPPER_MID,S=NA(0) R=214.49949999999998(4),CORR EUR_JPY=+0.97,,,
2026-09-07T18:42:10.107141+00:00,EUR_USD,WAIT,31,18,31,1.16234,UPPER_25,S=1.1576133333333334(3) R=1.16984(2),CORR USD_JPY=-0.35,,,
2026-09-07T18:48:05.159658+00:00,USD_JPY,WAIT,0,60,60,154.349,UPPER_MID,S=NA(0) R=157.918(1),CORR EUR_JPY=+0.94,,,
2026-09-07T18:48:05.159679+00:00,EUR_JPY,WAIT,5,57,57,179.418,UPPER_MID,S=179.357(1) R=185.5115(8),CORR GBP_JPY=+0.97,,,
2026-09-07T18:48:05.159690+00:00,GBP_JPY,WAIT,0,57,57,209.02,UPPER_MID,S=NA(0) R=214.49949999999998(4),CORR EUR_JPY=+0.97,,,
2026-09-07T18:48:05.159699+00:00,EUR_USD,WAIT,31,11,31,1.16238,UPPER_25,S=1.1576133333333334(3) R=1.16984(2),CORR USD_JPY=-0.35,,,
2026-09-07T18:53:59.796770+00:00,USD_JPY,WAIT,0,60,60,154.349,UPPER_MID,S=NA(0) R=157.918(1),CORR EUR_JPY=+0.94,,,
2026-09-07T18:53:59.796787+00:00,EUR_JPY,WAIT,5,57,57,179.418,UPPER_MID,S=179.357(1) R=185.5115(8),CORR GBP_JPY=+0.97,,,
2026-09-07T18:53:59.796797+00:00,GBP_JPY,WAIT,0,57,57,209.02,UPPER_MID,S=NA(0) R=214.49949999999998(4),CORR EUR_JPY=+0.97,,,
2026-09-07T18:53:59.796806+00:00,EUR_USD,WAIT,31,11,31,1.16238,UPPER_25,S=1.1576133333333334(3) R=1.16984(2),CORR USD_JPY=-0.35,,,
2026-09-07T18:59:50.409921+00:00,USD_JPY,WAIT,0,60,60,154.349,UPPER_MID,S=NA(0) R=157.918(1),CORR EUR_JPY=+0.94,,,
2026-09-07T18:59:50.409938+00:00,EUR_JPY,WAIT,5,57,57,179.418,UPPER_MID,S=179.357(1) R=185.5115(8),CORR GBP_JPY=+0.97,,,
2026-09-07T18:59:50.409949+00:00,GBP_JPY,WAIT,0,57,57,209.02,UPPER_MID,S=NA(0) R=214.49949999999998(4),CORR EUR_JPY=+0.97,,,
2026-09-07T18:59:50.409960+00:00,EUR_USD,WAIT,31,11,31,1.16238,UPPER_25,S=1.1576133333333334(3) R=1.16984(2),CORR USD_JPY=-0.35,,,
2026-09-07T19:05:41.038051+00:00,USD_JPY,SHORT,0,67,67,154.338,UPPER_MID,S=NA(0) R=157.918(1),CORR EUR_JPY=+0.94,1.0,1.499999999999996,
2026-09-07T19:05:41.038081+00:00,EUR_JPY,SHORT,5,64,64,179.398,UPPER_MID,S=179.357(1) R=185.5115(8),CORR GBP_JPY=+0.97,1.0,1.5,near repeated daily support
2026-09-07T19:05:41.038093+00:00,GBP_JPY,SHORT,0,64,64,208.998,UPPER_MID,S=NA(0) R=214.49949999999998(4),CORR EUR_JPY=+0.97,1.0,1.5,
2026-09-07T19:05:41.038103+00:00,EUR_USD,WAIT,18,11,18,1.16234,UPPER_25,S=1.1576133333333334(3) R=1.16984(2),CORR USD_JPY=-0.35,,,
2026-09-07T19:06:44.292294+00:00,USD_JPY,SHORT,0,67,67,154.338,UPPER_MID,S=NA(0) R=157.918(1),CORR EUR_JPY=+0.94,1.0,1.499999999999996,
2026-09-07T19:06:44.292326+00:00,EUR_JPY,SHORT,5,64,64,179.398,UPPER_MID,S=179.357(1) R=185.5115(8),CORR GBP_JPY=+0.97,1.0,1.5,near repeated daily support
2026-09-07T19:06:44.292339+00:00,GBP_JPY,SHORT,0,64,64,208.998,UPPER_MID,S=NA(0) R=214.49949999999998(4),CORR EUR_JPY=+0.97,1.0,1.5,
2026-09-07T19:06:44.292349+00:00,EUR_USD,WAIT,18,11,18,1.16234,UPPER_25,S=1.1576133333333334(3) R=1.16984(2),CORR USD_JPY=-0.35,,,
2026-09-07T19:12:29.575203+00:00,USD_JPY,SHORT,0,67,67,154.338,UPPER_MID,S=NA(0) R=157.918(1),CORR EUR_JPY=+0.94,1.0,1.499999999999996,
2026-09-07T19:12:29.575234+00:00,EUR_JPY,SHORT,5,64,64,179.398,UPPER_MID,S=179.357(1) R=185.5115(8),CORR GBP_JPY=+0.97,1.0,1.5,near repeated daily support
2026-09-07T19:12:29.575246+00:00,GBP_JPY,SHORT,0,64,64,208.998,UPPER_MID,S=NA(0) R=214.49949999999998(4),CORR EUR_JPY=+0.97,1.0,1.5,
2026-09-07T19:12:29.575254+00:00,EUR_USD,WAIT,18,11,18,1.16234,UPPER_25,S=1.1576133333333334(3) R=1.16984(2),CORR USD_JPY=-0.35,,,
2026-09-07T19:18:16.126437+00:00,USD_JPY,WAIT,11,46,46,154.36,UPPER_MID,S=NA(0) R=157.918(1),CORR EUR_JPY=+0.94,,,
2026-09-07T19:18:16.126455+00:00,EUR_JPY,WAIT,5,57,57,179.414,UPPER_MID,S=179.357(1) R=185.5115(8),CORR GBP_JPY=+0.97,,,
2026-09-07T19:18:16.126464+00:00,GBP_JPY,WAIT,0,57,57,209.014,UPPER_MID,S=NA(0) R=214.49949999999998(4),CORR EUR_JPY=+0.97,,,
2026-09-07T19:18:16.126472+00:00,EUR_USD,WAIT,18,11,18,1.16229,UPPER_25,S=1.1576133333333334(3) R=1.16984(2),CORR USD_JPY=-0.35,,,
2026-09-07T19:24:02.534648+00:00,USD_JPY,WAIT,11,46,46,154.36,UPPER_MID,S=NA(0) R=157.918(1),CORR EUR_JPY=+0.94,,,
2026-09-07T19:24:02.534666+00:00,EUR_JPY,WAIT,5,57,57,179.414,UPPER_MID,S=179.357(1) R=185.5115(8),CORR GBP_JPY=+0.97,,,
2026-09-07T19:24:02.534676+00:00,GBP_JPY,WAIT,0,57,57,209.014,UPPER_MID,S=NA(0) R=214.49949999999998(4),CORR EUR_JPY=+0.97,,,
2026-09-07T19:24:02.534684+00:00,EUR_USD,WAIT,18,11,18,1.16229,UPPER_25,S=1.1576133333333334(3) R=1.16984(2),CORR USD_JPY=-0.35,,,
2026-09-07T19:29:47.137033+00:00,USD_JPY,WAIT,11,53,53,154.36,UPPER_MID,S=NA(0) R=157.918(1),CORR EUR_JPY=+0.94,,,
2026-09-07T19:29:47.137052+00:00,EUR_JPY,WAIT,5,57,57,179.414,UPPER_MID,S=179.357(1) R=185.5115(8),CORR GBP_JPY=+0.97,,,
2026-09-07T19:29:47.137065+00:00,GBP_JPY,WAIT,0,57,57,209.014,UPPER_MID,S=NA(0) R=214.49949999999998(4),CORR EUR_JPY=+0.97,,,
2026-09-07T19:29:47.137070+00:00,EUR_USD,WAIT,18,11,18,1.16229,UPPER_25,S=1.1576133333333334(3) R=1.16984(2),CORR USD_JPY=-0.35,,,
2026-09-07T19:35:31.959854+00:00,USD_JPY,SHORT,0,74,74,154.338,UPPER_MID,S=NA(0) R=157.918(1),CORR EUR_JPY=+0.94,1.0,1.499999999999996,
2026-09-07T19:35:31.959889+00:00,EUR_JPY,SHORT,5,64,64,179.384,UPPER_MID,S=179.357(1) R=185.5115(8),CORR GBP_JPY=+0.97,1.0,1.5,near repeated daily support
2026-09-07T19:35:31.959903+00:00,GBP_JPY,SHORT,0,64,64,208.978,UPPER_MID,S=NA(0) R=214.49949999999998(4),CORR EUR_JPY=+0.97,1.0,1.5,
2026-09-07T19:35:31.959909+00:00,EUR_USD,WAIT,27,18,27,1.16224,UPPER_25,S=1.1576133333333334(3) R=1.16984(2),CORR USD_JPY=-0.35,,,
2026-09-07T19:41:16.612662+00:00,USD_JPY,SHORT,0,67,67,154.338,UPPER_MID,S=NA(0) R=157.918(1),CORR EUR_JPY=+0.94,1.0,1.499999999999996,
2026-09-07T19:41:16.612689+00:00,EUR_JPY,SHORT,5,64,64,179.384,UPPER_MID,S=179.357(1) R=185.5115(8),CORR GBP_JPY=+0.97,1.0,1.5,near repeated daily support
2026-09-07T19:41:16.612697+00:00,GBP_JPY,SHORT,0,64,64,208.978,UPPER_MID,S=NA(0) R=214.49949999999998(4),CORR EUR_JPY=+0.97,1.0,1.5,
2026-09-07T19:41:16.612704+00:00,EUR_USD,WAIT,27,18,27,1.16224,UPPER_25,S=1.1576133333333334(3) R=1.16984(2),CORR USD_JPY=-0.35,,,
2026-09-07T19:47:01.707307+00:00,USD_JPY,WAIT,7,46,46,154.366,UPPER_MID,S=NA(0) R=157.918(1),CORR EUR_JPY=+0.94,,,
2026-09-07T19:47:01.707326+00:00,EUR_JPY,WAIT,5,57,57,179.395,UPPER_MID,S=179.357(1) R=185.5115(8),CORR GBP_JPY=+0.97,,,
2026-09-07T19:47:01.707341+00:00,GBP_JPY,WAIT,7,57,57,209.003,UPPER_MID,S=NA(0) R=214.49949999999998(4),CORR EUR_JPY=+0.97,,,
2026-09-07T19:47:01.707353+00:00,EUR_USD,WAIT,27,23,27,1.16211,UPPER_25,S=1.1576133333333334(3) R=1.16218(1),CORR USD_JPY=-0.35,,,
2026-09-07T19:52:47.134136+00:00,USD_JPY,WAIT,7,46,46,154.366,UPPER_MID,S=NA(0) R=157.918(1),CORR EUR_JPY=+0.94,,,
2026-09-07T19:52:47.134154+00:00,EUR_JPY,WAIT,5,57,57,179.395,UPPER_MID,S=179.357(1) R=185.5115(8),CORR GBP_JPY=+0.97,,,
2026-09-07T19:52:47.134164+00:00,GBP_JPY,WAIT,7,57,57,209.003,UPPER_MID,S=NA(0) R=214.49949999999998(4),CORR EUR_JPY=+0.97,,,
2026-09-07T19:52:47.134170+00:00,EUR_USD,WAIT,27,23,27,1.16211,UPPER_25,S=1.1576133333333334(3) R=1.16218(1),CORR USD_JPY=-0.35,,,
2026-09-07T19:58:32.497294+00:00,USD_JPY,WAIT,7,46,46,154.366,UPPER_MID,S=NA(0) R=157.918(1),CORR EUR_JPY=+0.94,,,
2026-09-07T19:58:32.497312+00:00,EUR_JPY,WAIT,5,57,57,179.395,UPPER_MID,S=179.357(1) R=185.5115(8),CORR GBP_JPY=+0.97,,,
2026-09-07T19:58:32.497320+00:00,GBP_JPY,WAIT,7,57,57,209.003,UPPER_MID,S=NA(0) R=214.49949999999998(4),CORR EUR_JPY=+0.97,,,
2026-09-07T19:58:32.497328+00:00,EUR_USD,WAIT,27,23,27,1.16211,UPPER_25,S=1.1576133333333334(3) R=1.16218(1),CORR USD_JPY=-0.35,,,
2026-09-07T20:04:18.090266+00:00,USD_JPY,WAIT,18,46,46,154.358,UPPER_MID,S=NA(0) R=157.918(1),CORR EUR_JPY=+0.94,,,
2026-09-07T20:04:18.090284+00:00,EUR_JPY,WAIT,5,57,57,179.398,UPPER_MID,S=179.357(1) R=185.5115(8),CORR GBP_JPY=+0.97,,,
2026-09-07T20:04:18.090292+00:00,GBP_JPY,WAIT,7,57,57,208.996,UPPER_MID,S=NA(0) R=214.49949999999998(4),CORR EUR_JPY=+0.97,,,
2026-09-07T20:04:18.090300+00:00,EUR_USD,WAIT,27,11,27,1.16221,UPPER_25,S=1.1576133333333334(3) R=1.16984(2),CORR USD_JPY=-0.36,,,
2026-09-07T20:10:02.818266+00:00,USD_JPY,WAIT,18,46,46,154.358,UPPER_MID,S=NA(0) R=157.918(1),CORR EUR_JPY=+0.94,,,
2026-09-07T20:10:02.818285+00:00,EUR_JPY,WAIT,5,57,57,179.398,UPPER_MID,S=179.357(1) R=185.5115(8),CORR GBP_JPY=+0.97,,,
2026-09-07T20:10:02.818295+00:00,GBP_JPY,WAIT,7,57,57,208.996,UPPER_MID,S=NA(0) R=214.49949999999998(4),CORR EUR_JPY=+0.97,,,
2026-09-07T20:10:02.818305+00:00,EUR_USD,WAIT,27,11,27,1.16221,UPPER_25,S=1.1576133333333334(3) R=1.16984(2),CORR USD_JPY=-0.36,,,
2026-09-07T20:11:15.133863+00:00,USD_JPY,WAIT,18,46,46,154.358,UPPER_MID,S=NA(0) R=157.918(1),CORR EUR_JPY=+0.94,,,
2026-09-07T20:11:15.133884+00:00,EUR_JPY,WAIT,5,57,57,179.398,UPPER_MID,S=179.357(1) R=185.5115(8),CORR GBP_JPY=+0.97,,,
2026-09-07T20:11:15.133897+00:00,GBP_JPY,WAIT,7,57,57,208.996,UPPER_MID,S=NA(0) R=214.49949999999998(4),CORR EUR_JPY=+0.97,,,
2026-09-07T20:11:15.133908+00:00,EUR_USD,WAIT,27,11,27,1.16221,UPPER_25,S=1.1576133333333334(3) R=1.16984(2),CORR USD_JPY=-0.36,,,
2026-09-07T20:17:10.652775+00:00,USD_JPY,WAIT,18,46,46,154.372,UPPER_MID,S=NA(0) R=157.918(1),CORR EUR_JPY=+0.94,,,
2026-09-07T20:17:10.652797+00:00,EUR_JPY,WAIT,12,57,57,179.411,UPPER_MID,S=179.357(1) R=185.5115(8),CORR GBP_JPY=+0.97,,,
2026-09-07T20:17:10.652810+00:00,GBP_JPY,WAIT,7,46,46,209.018,UPPER_MID,S=NA(0) R=214.49949999999998(4),CORR EUR_JPY=+0.97,,,
2026-09-07T20:17:10.652820+00:00,EUR_USD,WAIT,27,11,27,1.16218,UPPER_25,S=1.1576133333333334(3) R=1.16984(2),CORR USD_JPY=-0.36,,,
2026-09-07T20:23:05.562376+00:00,USD_JPY,WAIT,18,46,46,154.372,UPPER_MID,S=NA(0) R=157.918(1),CORR EUR_JPY=+0.94,,,
2026-09-07T20:23:05.562398+00:00,EUR_JPY,WAIT,12,57,57,179.411,UPPER_MID,S=179.357(1) R=185.5115(8),CORR GBP_JPY=+0.97,,,
2026-09-07T20:23:05.562411+00:00,GBP_JPY,WAIT,7,46,46,209.018,UPPER_MID,S=NA(0) R=214.49949999999998(4),CORR EUR_JPY=+0.97,,,
2026-09-07T20:23:05.562421+00:00,EUR_USD,WAIT,27,11,27,1.16218,UPPER_25,S=1.1576133333333334(3) R=1.16984(2),CORR USD_JPY=-0.36,,,
2026-09-07T20:29:00.734494+00:00,USD_JPY,WAIT,18,46,46,154.372,UPPER_MID,S=NA(0) R=157.918(1),CORR EUR_JPY=+0.94,,,
2026-09-07T20:29:00.734517+00:00,EUR_JPY,WAIT,12,57,57,179.411,UPPER_MID,S=179.357(1) R=185.5115(8),CORR GBP_JPY=+0.97,,,
2026-09-07T20:29:00.734530+00:00,GBP_JPY,WAIT,7,46,46,209.018,UPPER_MID,S=NA(0) R=214.49949999999998(4),CORR EUR_JPY=+0.97,,,
2026-09-07T20:29:00.734539+00:00,EUR_USD,WAIT,27,11,27,1.16218,UPPER_25,S=1.1576133333333334(3) R=1.16984(2),CORR USD_JPY=-0.36,,,
2026-09-07T20:34:56.331779+00:00,USD_JPY,WAIT,11,46,46,154.359,UPPER_MID,S=NA(0) R=157.918(1),CORR EUR_JPY=+0.94,,,
2026-09-07T20:34:56.331800+00:00,EUR_JPY,WAIT,12,57,57,179.401,UPPER_MID,S=179.357(1) R=185.5115(8),CORR GBP_JPY=+0.97,,,
2026-09-07T20:34:56.331812+00:00,GBP_JPY,WAIT,7,46,46,209.012,UPPER_MID,S=NA(0) R=214.49949999999998(4),CORR EUR_JPY=+0.97,,,
2026-09-07T20:34:56.331823+00:00,EUR_USD,WAIT,34,11,34,1.1622,UPPER_25,S=1.1576133333333334(3) R=1.16984(2),CORR USD_JPY=-0.36,,,
2026-09-07T20:40:53.848934+00:00,USD_JPY,WAIT,11,46,46,154.359,UPPER_MID,S=NA(0) R=157.918(1),CORR EUR_JPY=+0.94,,,
2026-09-07T20:40:53.848951+00:00,EUR_JPY,WAIT,12,57,57,179.401,UPPER_MID,S=179.357(1) R=185.5115(8),CORR GBP_JPY=+0.97,,,
2026-09-07T20:40:53.848964+00:00,GBP_JPY,WAIT,7,46,46,209.012,UPPER_MID,S=NA(0) R=214.49949999999998(4),CORR EUR_JPY=+0.97,,,
2026-09-07T20:40:53.848975+00:00,EUR_USD,WAIT,34,11,34,1.1622,UPPER_25,S=1.1576133333333334(3) R=1.16984(2),CORR USD_JPY=-0.36,,,
2026-09-07T20:46:47.323811+00:00,USD_JPY,WAIT,18,46,46,154.373,UPPER_MID,S=NA(0) R=157.918(1),CORR EUR_JPY=+0.94,,,
2026-09-07T20:46:47.323825+00:00,EUR_JPY,WAIT,12,46,46,179.416,UPPER_MID,S=179.357(1) R=185.5115(8),CORR GBP_JPY=+0.97,,,
2026-09-07T20:46:47.323835+00:00,GBP_JPY,WAIT,11,46,46,209.031,UPPER_MID,S=NA(0) R=214.49949999999998(4),CORR EUR_JPY=+0.97,,,
2026-09-07T20:46:47.323848+00:00,EUR_USD,WAIT,34,11,34,1.16222,UPPER_25,S=1.1576133333333334(3) R=1.16984(2),CORR USD_JPY=-0.36,,,
2026-09-07T20:52:40.858263+00:00,USD_JPY,WAIT,18,46,46,154.373,UPPER_MID,S=NA(0) R=157.918(1),CORR EUR_JPY=+0.94,,,
2026-09-07T20:52:40.858286+00:00,EUR_JPY,WAIT,12,46,46,179.416,UPPER_MID,S=179.357(1) R=185.5115(8),CORR GBP_JPY=+0.97,,,
2026-09-07T20:52:40.858298+00:00,GBP_JPY,WAIT,11,46,46,209.031,UPPER_MID,S=NA(0) R=214.49949999999998(4),CORR EUR_JPY=+0.97,,,
2026-09-07T20:52:40.858310+00:00,EUR_USD,WAIT,34,11,34,1.16222,UPPER_25,S=1.1576133333333334(3) R=1.16984(2),CORR USD_JPY=-0.36,,,
2026-09-07T20:58:35.879530+00:00,USD_JPY,WAIT,18,46,46,154.373,UPPER_MID,S=NA(0) R=157.918(1),CORR EUR_JPY=+0.94,,,
2026-09-07T20:58:35.879551+00:00,EUR_JPY,WAIT,12,46,46,179.416,UPPER_MID,S=179.357(1) R=185.5115(8),CORR GBP_JPY=+0.97,,,
2026-09-07T20:58:35.879563+00:00,GBP_JPY,WAIT,11,46,46,209.031,UPPER_MID,S=NA(0) R=214.49949999999998(4),CORR EUR_JPY=+0.97,,,
2026-09-07T20:58:35.879572+00:00,EUR_USD,WAIT,34,11,34,1.16222,UPPER_25,S=1.1576133333333334(3) R=1.16984(2),CORR USD_JPY=-0.36,,,
2026-09-07T21:04:29.351118+00:00,USD_JPY,WAIT,0,57,57,154.31,UPPER_MID,S=NA(0) R=157.918(1),CORR EUR_JPY=+0.94,,,
2026-09-07T21:04:29.351140+00:00,EUR_JPY,SHORT,0,64,64,179.339,UPPER_MID,S=NA(0) R=185.5115(8),CORR GBP_JPY=+0.97,1.0,1.5,
2026-09-07T21:04:29.351154+00:00,GBP_JPY,WAIT,0,57,57,208.951,UPPER_MID,S=NA(0) R=214.49949999999998(4),CORR EUR_JPY=+0.97,,,
2026-09-07T21:04:29.351165+00:00,EUR_USD,WAIT,27,18,27,1.16197,UPPER_25,S=1.1576133333333334(3) R=1.1631399999999998(2),CORR USD_JPY=-0.36,,,
2026-09-07T21:10:22.814548+00:00,USD_JPY,WAIT,0,57,57,154.31,UPPER_MID,S=NA(0) R=157.918(1),CORR EUR_JPY=+0.94,,,
2026-09-07T21:10:22.814570+00:00,EUR_JPY,SHORT,0,64,64,179.339,UPPER_MID,S=NA(0) R=185.5115(8),CORR GBP_JPY=+0.97,1.0,1.5,
2026-09-07T21:10:22.814583+00:00,GBP_JPY,WAIT,0,57,57,208.951,UPPER_MID,S=NA(0) R=214.49949999999998(4),CORR EUR_JPY=+0.97,,,
2026-09-07T21:10:22.814594+00:00,EUR_USD,WAIT,27,18,27,1.16197,UPPER_25,S=1.1576133333333334(3) R=1.1631399999999998(2),CORR USD_JPY=-0.36,,,
2026-09-07T21:16:17.941552+00:00,USD_JPY,SHORT,0,64,64,154.33,UPPER_MID,S=NA(0) R=157.918(1),CORR EUR_JPY=+0.94,1.0,1.5,
2026-09-07T21:16:17.941581+00:00,EUR_JPY,SHORT,5,64,64,179.367,UPPER_MID,S=179.357(1) R=185.5115(8),CORR GBP_JPY=+0.97,1.0,1.5,near repeated daily support
2026-09-07T21:16:17.941596+00:00,GBP_JPY,SHORT,0,64,64,208.99,UPPER_MID,S=NA(0) R=214.49949999999998(4),CORR EUR_JPY=+0.97,1.0,1.4999999999999973,
2026-09-07T21:16:17.941609+00:00,EUR_USD,WAIT,27,18,27,1.16184,UPPER_25,S=1.1576133333333334(3) R=1.1631399999999998(2),CORR USD_JPY=-0.36,,,
2026-09-07T21:17:27.427120+00:00,USD_JPY,SHORT,0,64,64,154.33,UPPER_MID,S=NA(0) R=157.918(1),CORR EUR_JPY=+0.94,1.0,1.5,
2026-09-07T21:17:27.427148+00:00,EUR_JPY,SHORT,5,64,64,179.367,UPPER_MID,S=179.357(1) R=185.5115(8),CORR GBP_JPY=+0.97,1.0,1.5,near repeated daily support
2026-09-07T21:17:27.427161+00:00,GBP_JPY,SHORT,0,64,64,208.99,UPPER_MID,S=NA(0) R=214.49949999999998(4),CORR EUR_JPY=+0.97,1.0,1.4999999999999973,
2026-09-07T21:17:27.427173+00:00,EUR_USD,WAIT,27,18,27,1.16184,UPPER_25,S=1.1576133333333334(3) R=1.1631399999999998(2),CORR USD_JPY=-0.36,,,
2026-09-07T21:23:20.243928+00:00,USD_JPY,SHORT,0,64,64,154.33,UPPER_MID,S=NA(0) R=157.918(1),CORR EUR_JPY=+0.94,1.0,1.5,
2026-09-07T21:23:20.243961+00:00,EUR_JPY,SHORT,5,64,64,179.367,UPPER_MID,S=179.357(1) R=185.5115(8),CORR GBP_JPY=+0.97,1.0,1.5,near repeated daily support
2026-09-07T21:23:20.243974+00:00,GBP_JPY,SHORT,0,64,64,208.99,UPPER_MID,S=NA(0) R=214.49949999999998(4),CORR EUR_JPY=+0.97,1.0,1.4999999999999973,
2026-09-07T21:23:20.243984+00:00,EUR_USD,WAIT,27,18,27,1.16184,UPPER_25,S=1.1576133333333334(3) R=1.1631399999999998(2),CORR USD_JPY=-0.36,,,
2026-09-07T21:29:13.270724+00:00,USD_JPY,SHORT,0,64,64,154.33,UPPER_MID,S=NA(0) R=157.918(1),CORR EUR_JPY=+0.94,1.0,1.5,
2026-09-07T21:29:13.270757+00:00,EUR_JPY,SHORT,5,64,64,179.367,UPPER_MID,S=179.357(1) R=185.5115(8),CORR GBP_JPY=+0.97,1.0,1.5,near repeated daily support
2026-09-07T21:29:13.270770+00:00,GBP_JPY,SHORT,0,64,64,208.99,UPPER_MID,S=NA(0) R=214.49949999999998(4),CORR EUR_JPY=+0.97,1.0,1.4999999999999973,
2026-09-07T21:29:13.270783+00:00,EUR_USD,WAIT,27,18,27,1.16184,UPPER_25,S=1.1576133333333334(3) R=1.1631399999999998(2),CORR USD_JPY=-0.36,,,
2026-09-07T21:35:05.781963+00:00,USD_JPY,SHORT,0,64,64,154.293,UPPER_MID,S=NA(0) R=157.918(1),CORR EUR_JPY=+0.94,1.0,1.5,
2026-09-07T21:35:05.781993+00:00,EUR_JPY,SHORT,0,64,64,179.332,UPPER_MID,S=NA(0) R=185.5115(8),CORR GBP_JPY=+0.97,1.0,1.5,
2026-09-07T21:35:05.782004+00:00,GBP_JPY,SHORT,0,64,64,208.931,UPPER_MID,S=NA(0) R=214.49949999999998(4),CORR EUR_JPY=+0.97,1.0,1.5000000000000024,
2026-09-07T21:35:05.782016+00:00,EUR_USD,WAIT,27,18,27,1.16198,UPPER_25,S=1.1576133333333334(3) R=1.1631399999999998(2),CORR USD_JPY=-0.36,,,
2026-09-07T21:40:58.140713+00:00,USD_JPY,SHORT,0,64,64,154.293,UPPER_MID,S=NA(0) R=157.918(1),CORR EUR_JPY=+0.94,1.0,1.5,
2026-09-07T21:40:58.140746+00:00,EUR_JPY,SHORT,0,64,64,179.332,UPPER_MID,S=NA(0) R=185.5115(8),CORR GBP_JPY=+0.97,1.0,1.5,
2026-09-07T21:40:58.140757+00:00,GBP_JPY,SHORT,0,64,64,208.931,UPPER_MID,S=NA(0) R=214.49949999999998(4),CORR EUR_JPY=+0.97,1.0,1.5000000000000024,
2026-09-07T21:40:58.140767+00:00,EUR_USD,WAIT,27,18,27,1.16198,UPPER_25,S=1.1576133333333334(3) R=1.1631399999999998(2),CORR USD_JPY=-0.36,,,
2026-09-07T21:46:52.220986+00:00,USD_JPY,SHORT,0,64,64,154.33,UPPER_MID,S=NA(0) R=157.918(1),CORR EUR_JPY=+0.94,1.0,1.5,
2026-09-07T21:46:52.221023+00:00,EUR_JPY,WAIT,5,53,53,179.388,UPPER_MID,S=179.357(1) R=185.5115(8),CORR GBP_JPY=+0.97,,,
2026-09-07T21:46:52.221035+00:00,GBP_JPY,WAIT,0,46,46,208.997,UPPER_MID,S=NA(0) R=214.49949999999998(4),CORR EUR_JPY=+0.97,,,
2026-09-07T21:46:52.221041+00:00,EUR_USD,WAIT,27,18,27,1.16197,UPPER_25,S=1.1576133333333334(3) R=1.1631399999999998(2),CORR USD_JPY=-0.36,,,
2026-09-07T21:52:42.275826+00:00,USD_JPY,SHORT,0,64,64,154.33,UPPER_MID,S=NA(0) R=157.918(1),CORR EUR_JPY=+0.94,1.0,1.5,
2026-09-07T21:52:42.275853+00:00,EUR_JPY,WAIT,5,53,53,179.388,UPPER_MID,S=179.357(1) R=185.5115(8),CORR GBP_JPY=+0.97,,,
2026-09-07T21:52:42.275864+00:00,GBP_JPY,WAIT,0,46,46,208.997,UPPER_MID,S=NA(0) R=214.49949999999998(4),CORR EUR_JPY=+0.97,,,
2026-09-07T21:52:42.275874+00:00,EUR_USD,WAIT,27,18,27,1.16197,UPPER_25,S=1.1576133333333334(3) R=1.1631399999999998(2),CORR USD_JPY=-0.36,,,
2026-09-07T21:58:34.088966+00:00,USD_JPY,SHORT,0,64,64,154.33,UPPER_MID,S=NA(0) R=157.918(1),CORR EUR_JPY=+0.94,1.0,1.5,
2026-09-07T21:58:34.088996+00:00,EUR_JPY,WAIT,5,53,53,179.388,UPPER_MID,S=179.357(1) R=185.5115(8),CORR GBP_JPY=+0.97,,,
2026-09-07T21:58:34.089007+00:00,GBP_JPY,WAIT,0,46,46,208.997,UPPER_MID,S=NA(0) R=214.49949999999998(4),CORR EUR_JPY=+0.97,,,
2026-09-07T21:58:34.089017+00:00,EUR_USD,WAIT,27,18,27,1.16197,UPPER_25,S=1.1576133333333334(3) R=1.1631399999999998(2),CORR USD_JPY=-0.36,,,
2026-09-07T22:04:27.950972+00:00,USD_JPY,WAIT,0,57,57,154.311,UPPER_MID,S=NA(0) R=157.918(1),CORR EUR_JPY=+0.94,,,
2026-09-07T22:04:27.950989+00:00,EUR_JPY,WAIT,5,57,57,179.365,UPPER_MID,S=179.357(1) R=185.5115(8),CORR GBP_JPY=+0.97,,,
2026-09-07T22:04:27.950999+00:00,GBP_JPY,SHORT,0,64,64,208.982,UPPER_MID,S=NA(0) R=214.49949999999998(4),CORR EUR_JPY=+0.97,1.0,1.5,
2026-09-07T22:04:27.951008+00:00,EUR_USD,WAIT,27,18,27,1.16195,UPPER_25,S=1.1576133333333334(3) R=1.1631399999999998(2),CORR USD_JPY=-0.36,,,
2026-09-07T22:10:20.693589+00:00,USD_JPY,WAIT,0,57,57,154.311,UPPER_MID,S=NA(0) R=157.918(1),CORR EUR_JPY=+0.94,,,
2026-09-07T22:10:20.693610+00:00,EUR_JPY,WAIT,5,57,57,179.365,UPPER_MID,S=179.357(1) R=185.5115(8),CORR GBP_JPY=+0.97,,,
2026-09-07T22:10:20.693621+00:00,GBP_JPY,SHORT,0,71,71,208.982,UPPER_MID,S=NA(0) R=214.49949999999998(4),CORR EUR_JPY=+0.97,1.0,1.5,
2026-09-07T22:10:20.693631+00:00,EUR_USD,WAIT,27,18,27,1.16195,UPPER_25,S=1.1576133333333334(3) R=1.1631399999999998(2),CORR USD_JPY=-0.36,,,
2026-09-07T22:16:12.383751+00:00,USD_JPY,WAIT,7,46,46,154.348,UPPER_MID,S=NA(0) R=157.918(1),CORR EUR_JPY=+0.94,,,
2026-09-07T22:16:12.383770+00:00,EUR_JPY,WAIT,12,46,46,179.409,UPPER_MID,S=179.357(1) R=185.5115(8),CORR GBP_JPY=+0.97,,,
2026-09-07T22:16:12.383781+00:00,GBP_JPY,WAIT,7,46,46,209.013,UPPER_MID,S=NA(0) R=214.49949999999998(4),CORR EUR_JPY=+0.97,,,
2026-09-07T22:16:12.383790+00:00,EUR_USD,WAIT,25,5,25,1.16232,UPPER_25,S=1.1576133333333334(3) R=1.1641(1),CORR USD_JPY=-0.36,,,
2026-09-07T22:22:04.329226+00:00,USD_JPY,WAIT,7,46,46,154.348,UPPER_MID,S=NA(0) R=157.918(1),CORR EUR_JPY=+0.94,,,
2026-09-07T22:22:04.329245+00:00,EUR_JPY,WAIT,12,46,46,179.409,UPPER_MID,S=179.357(1) R=185.5115(8),CORR GBP_JPY=+0.97,,,
2026-09-07T22:22:04.329256+00:00,GBP_JPY,WAIT,7,46,46,209.013,UPPER_MID,S=NA(0) R=214.49949999999998(4),CORR EUR_JPY=+0.97,,,
2026-09-07T22:22:04.329266+00:00,EUR_USD,WAIT,25,5,25,1.16232,UPPER_25,S=1.1576133333333334(3) R=1.1641(1),CORR USD_JPY=-0.36,,,
2026-09-07T22:23:06.935382+00:00,USD_JPY,WAIT,7,46,46,154.348,UPPER_MID,S=NA(0) R=157.918(1),CORR EUR_JPY=+0.94,,,
2026-09-07T22:23:06.935399+00:00,EUR_JPY,WAIT,12,46,46,179.409,UPPER_MID,S=179.357(1) R=185.5115(8),CORR GBP_JPY=+0.97,,,
2026-09-07T22:23:06.935407+00:00,GBP_JPY,WAIT,7,46,46,209.013,UPPER_MID,S=NA(0) R=214.49949999999998(4),CORR EUR_JPY=+0.97,,,
2026-09-07T22:23:06.935413+00:00,EUR_USD,WAIT,25,5,25,1.16232,UPPER_25,S=1.1576133333333334(3) R=1.1641(1),CORR USD_JPY=-0.36,,,
2026-09-07T22:28:49.774150+00:00,USD_JPY,WAIT,7,46,46,154.348,UPPER_MID,S=NA(0) R=157.918(1),CORR EUR_JPY=+0.94,,,
2026-09-07T22:28:49.774167+00:00,EUR_JPY,WAIT,12,46,46,179.409,UPPER_MID,S=179.357(1) R=185.5115(8),CORR GBP_JPY=+0.97,,,
2026-09-07T22:28:49.774174+00:00,GBP_JPY,WAIT,7,46,46,209.013,UPPER_MID,S=NA(0) R=214.49949999999998(4),CORR EUR_JPY=+0.97,,,
2026-09-07T22:28:49.774180+00:00,EUR_USD,WAIT,25,5,25,1.16232,UPPER_25,S=1.1576133333333334(3) R=1.1641(1),CORR USD_JPY=-0.36,,,
2026-09-07T22:34:31.334743+00:00,USD_JPY,SHORT,0,64,64,154.158,UPPER_MID,S=NA(0) R=157.918(1),CORR EUR_JPY=+0.94,1.0,1.4999999999999962,
2026-09-07T22:34:31.334774+00:00,EUR_JPY,SHORT,0,64,64,179.22,UPPER_MID,S=NA(0) R=185.5115(8),CORR GBP_JPY=+0.97,1.0,1.5000000000000022,
2026-09-07T22:34:31.334784+00:00,GBP_JPY,SHORT,0,64,64,208.774,UPPER_MID,S=NA(0) R=214.49949999999998(4),CORR EUR_JPY=+0.97,1.0,1.5,
2026-09-07T22:34:31.334791+00:00,EUR_USD,WAIT,25,5,25,1.16249,UPPER_25,S=1.1576133333333334(3) R=1.1641(1),CORR USD_JPY=-0.36,,,
2026-09-07T22:40:13.304574+00:00,USD_JPY,SHORT,0,64,64,154.158,UPPER_MID,S=NA(0) R=157.918(1),CORR EUR_JPY=+0.94,1.0,1.4999999999999962,
2026-09-07T22:40:13.304606+00:00,EUR_JPY,SHORT,0,64,64,179.22,UPPER_MID,S=NA(0) R=185.5115(8),CORR GBP_JPY=+0.97,1.0,1.5000000000000022,
2026-09-07T22:40:13.304629+00:00,GBP_JPY,SHORT,0,64,64,208.774,UPPER_MID,S=NA(0) R=214.49949999999998(4),CORR EUR_JPY=+0.97,1.0,1.5,
2026-09-07T22:40:13.304636+00:00,EUR_USD,WAIT,25,5,25,1.16249,UPPER_25,S=1.1576133333333334(3) R=1.1641(1),CORR USD_JPY=-0.36,,,
2026-09-07T22:45:55.053293+00:00,USD_JPY,WAIT,0,57,57,154.227,UPPER_MID,S=NA(0) R=157.918(1),CORR EUR_JPY=+0.94,,,
2026-09-07T22:45:55.053310+00:00,EUR_JPY,WAIT,7,57,57,179.281,UPPER_MID,S=NA(0) R=185.5115(8),CORR GBP_JPY=+0.97,,,
2026-09-07T22:45:55.053316+00:00,GBP_JPY,WAIT,7,57,57,208.837,UPPER_MID,S=NA(0) R=214.49949999999998(4),CORR EUR_JPY=+0.97,,,
2026-09-07T22:45:55.053321+00:00,EUR_USD,WAIT,36,5,36,1.16237,UPPER_25,S=1.1576133333333334(3) R=1.1641(1),CORR USD_JPY=-0.36,,,
2026-09-07T22:51:36.961010+00:00,USD_JPY,WAIT,0,57,57,154.227,UPPER_MID,S=NA(0) R=157.918(1),CORR EUR_JPY=+0.94,,,
2026-09-07T22:51:36.961022+00:00,EUR_JPY,WAIT,7,57,57,179.281,UPPER_MID,S=NA(0) R=185.5115(8),CORR GBP_JPY=+0.97,,,
2026-09-07T22:51:36.961028+00:00,GBP_JPY,WAIT,7,57,57,208.837,UPPER_MID,S=NA(0) R=214.49949999999998(4),CORR EUR_JPY=+0.97,,,
2026-09-07T22:51:36.961032+00:00,EUR_USD,WAIT,36,5,36,1.16237,UPPER_25,S=1.1576133333333334(3) R=1.1641(1),CORR USD_JPY=-0.36,,,
2026-09-07T22:57:17.867195+00:00,USD_JPY,WAIT,0,57,57,154.227,UPPER_MID,S=NA(0) R=157.918(1),CORR EUR_JPY=+0.94,,,
2026-09-07T22:57:17.867207+00:00,EUR_JPY,WAIT,7,57,57,179.281,UPPER_MID,S=NA(0) R=185.5115(8),CORR GBP_JPY=+0.97,,,
2026-09-07T22:57:17.867212+00:00,GBP_JPY,WAIT,7,57,57,208.837,UPPER_MID,S=NA(0) R=214.49949999999998(4),CORR EUR_JPY=+0.97,,,
2026-09-07T22:57:17.867216+00:00,EUR_USD,WAIT,36,5,36,1.16237,UPPER_25,S=1.1576133333333334(3) R=1.1641(1),CORR USD_JPY=-0.36,,,
2026-09-07T23:02:59.972896+00:00,USD_JPY,SHORT,0,64,64,154.148,UPPER_MID,S=NA(0) R=157.918(1),CORR EUR_JPY=+0.94,1.0,1.5,
2026-09-07T23:02:59.972920+00:00,EUR_JPY,SHORT,0,64,64,179.197,UPPER_MID,S=NA(0) R=185.5115(8),CORR GBP_JPY=+0.97,1.0,1.4999999999999978,
2026-09-07T23:02:59.972927+00:00,GBP_JPY,SHORT,0,64,64,208.751,UPPER_MID,S=NA(0) R=214.49949999999998(4),CORR EUR_JPY=+0.97,1.0,1.5,
2026-09-07T23:02:59.972932+00:00,EUR_USD,WAIT,36,5,36,1.16243,UPPER_25,S=1.1576133333333334(3) R=1.1641(1),CORR USD_JPY=-0.36,,,
2026-09-07T23:08:42.554574+00:00,USD_JPY,SHORT,0,64,64,154.148,UPPER_MID,S=NA(0) R=157.918(1),CORR EUR_JPY=+0.94,1.0,1.5,
2026-09-07T23:08:42.554599+00:00,EUR_JPY,SHORT,0,64,64,179.197,UPPER_MID,S=NA(0) R=185.5115(8),CORR GBP_JPY=+0.97,1.0,1.4999999999999978,
2026-09-07T23:08:42.554607+00:00,GBP_JPY,SHORT,0,64,64,208.751,UPPER_MID,S=NA(0) R=214.49949999999998(4),CORR EUR_JPY=+0.97,1.0,1.5,
2026-09-07T23:08:42.554613+00:00,EUR_USD,WAIT,36,5,36,1.16243,UPPER_25,S=1.1576133333333334(3) R=1.1641(1),CORR USD_JPY=-0.36,,,
2026-09-07T23:14:23.445622+00:00,USD_JPY,SHORT,0,64,64,154.148,UPPER_MID,S=NA(0) R=157.918(1),CORR EUR_JPY=+0.94,1.0,1.5,
2026-09-07T23:14:23.445650+00:00,EUR_JPY,SHORT,0,64,64,179.197,UPPER_MID,S=NA(0) R=185.5115(8),CORR GBP_JPY=+0.97,1.0,1.4999999999999978,
2026-09-07T23:14:23.445658+00:00,GBP_JPY,SHORT,0,64,64,208.751,UPPER_MID,S=NA(0) R=214.49949999999998(4),CORR EUR_JPY=+0.97,1.0,1.5,
2026-09-07T23:14:23.445665+00:00,EUR_USD,WAIT,36,5,36,1.16243,UPPER_25,S=1.1576133333333334(3) R=1.1641(1),CORR USD_JPY=-0.36,,,
2026-09-07T23:20:04.860504+00:00,USD_JPY,SHORT,0,64,64,153.956,UPPER_MID,S=NA(0) R=157.918(1),CORR EUR_JPY=+0.94,1.0,1.5,
2026-09-07T23:20:04.860553+00:00,EUR_JPY,SHORT,0,64,64,179.008,UPPER_MID,S=NA(0) R=185.5115(8),CORR GBP_JPY=+0.97,1.0,1.5000000000000022,
2026-09-07T23:20:04.860563+00:00,GBP_JPY,SHORT,0,64,64,208.526,UPPER_MID,S=NA(0) R=214.49949999999998(4),CORR EUR_JPY=+0.97,1.0,1.5000000000000024,
2026-09-07T23:20:04.860571+00:00,EUR_USD,WAIT,29,5,29,1.1627,UPPER_25,S=1.1576133333333334(3) R=1.1641(1),CORR USD_JPY=-0.36,,,
2026-09-07T23:25:47.282822+00:00,USD_JPY,SHORT,0,64,64,153.956,UPPER_MID,S=NA(0) R=157.918(1),CORR EUR_JPY=+0.94,1.0,1.5,
2026-09-07T23:25:47.282854+00:00,EUR_JPY,SHORT,0,64,64,179.008,UPPER_MID,S=NA(0) R=185.5115(8),CORR GBP_JPY=+0.97,1.0,1.5000000000000022,
2026-09-07T23:25:47.282865+00:00,GBP_JPY,SHORT,0,64,64,208.526,UPPER_MID,S=NA(0) R=214.49949999999998(4),CORR EUR_JPY=+0.97,1.0,1.5000000000000024,
2026-09-07T23:25:47.282874+00:00,EUR_USD,WAIT,29,5,29,1.1627,UPPER_25,S=1.1576133333333334(3) R=1.1641(1),CORR USD_JPY=-0.36,,,
2026-09-07T23:26:46.967043+00:00,USD_JPY,SHORT,0,64,64,153.956,UPPER_MID,S=NA(0) R=157.918(1),CORR EUR_JPY=+0.94,1.0,1.5,
2026-09-07T23:26:46.967074+00:00,EUR_JPY,SHORT,0,64,64,179.008,UPPER_MID,S=NA(0) R=185.5115(8),CORR GBP_JPY=+0.97,1.0,1.5000000000000022,
2026-09-07T23:26:46.967082+00:00,GBP_JPY,SHORT,0,64,64,208.526,UPPER_MID,S=NA(0) R=214.49949999999998(4),CORR EUR_JPY=+0.97,1.0,1.5000000000000024,
2026-09-07T23:26:46.967090+00:00,EUR_USD,WAIT,29,5,29,1.1627,UPPER_25,S=1.1576133333333334(3) R=1.1641(1),CORR USD_JPY=-0.36,,,
2026-09-07T23:32:29.500140+00:00,USD_JPY,SHORT,0,64,64,153.937,UPPER_MID,S=NA(0) R=157.918(1),CORR EUR_JPY=+0.94,1.0,1.4999999999999964,
2026-09-07T23:32:29.500163+00:00,EUR_JPY,SHORT,0,64,64,178.999,UPPER_MID,S=NA(0) R=185.5115(8),CORR GBP_JPY=+0.97,1.0,1.5000000000000022,
2026-09-07T23:32:29.500170+00:00,GBP_JPY,SHORT,0,64,64,208.525,UPPER_MID,S=NA(0) R=214.49949999999998(4),CORR EUR_JPY=+0.97,1.0,1.5,
2026-09-07T23:32:29.500175+00:00,EUR_USD,WAIT,36,5,36,1.16275,UPPER_25,S=1.1576133333333334(3) R=1.1641(1),CORR USD_JPY=-0.36,,,
2026-09-07T23:38:10.788879+00:00,USD_JPY,SHORT,0,64,64,153.937,UPPER_MID,S=NA(0) R=157.918(1),CORR EUR_JPY=+0.94,1.0,1.4999999999999964,
2026-09-07T23:38:10.788902+00:00,EUR_JPY,SHORT,0,64,64,178.999,UPPER_MID,S=NA(0) R=185.5115(8),CORR GBP_JPY=+0.97,1.0,1.5000000000000022,
2026-09-07T23:38:10.788909+00:00,GBP_JPY,SHORT,0,64,64,208.525,UPPER_MID,S=NA(0) R=214.49949999999998(4),CORR EUR_JPY=+0.97,1.0,1.5,
2026-09-07T23:38:10.788914+00:00,EUR_USD,WAIT,36,5,36,1.16275,UPPER_25,S=1.1576133333333334(3) R=1.1641(1),CORR USD_JPY=-0.36,,,
2026-09-07T23:43:53.039360+00:00,USD_JPY,SHORT,0,64,64,153.937,UPPER_MID,S=NA(0) R=157.918(1),CORR EUR_JPY=+0.94,1.0,1.4999999999999964,
2026-09-07T23:43:53.039390+00:00,EUR_JPY,SHORT,0,64,64,178.999,UPPER_MID,S=NA(0) R=185.5115(8),CORR GBP_JPY=+0.97,1.0,1.5000000000000022,
2026-09-07T23:43:53.039399+00:00,GBP_JPY,SHORT,0,64,64,208.525,UPPER_MID,S=NA(0) R=214.49949999999998(4),CORR EUR_JPY=+0.97,1.0,1.5,
2026-09-07T23:43:53.039407+00:00,EUR_USD,WAIT,36,5,36,1.16275,UPPER_25,S=1.1576133333333334(3) R=1.1641(1),CORR USD_JPY=-0.36,,,
2026-09-07T23:49:35.324986+00:00,USD_JPY,SHORT,0,64,64,153.892,UPPER_MID,S=NA(0) R=157.918(1),CORR EUR_JPY=+0.94,1.0,1.5000000000000036,
2026-09-07T23:49:35.325015+00:00,EUR_JPY,SHORT,0,64,64,178.961,UPPER_MID,S=NA(0) R=185.5115(8),CORR GBP_JPY=+0.97,1.0,1.4999999999999978,
2026-09-07T23:49:35.325030+00:00,GBP_JPY,SHORT,0,64,64,208.489,UPPER_MID,S=NA(0) R=214.49949999999998(4),CORR EUR_JPY=+0.97,1.0,1.5,
2026-09-07T23:49:35.325037+00:00,EUR_USD,WAIT,36,5,36,1.16286,UPPER_25,S=1.1576133333333334(3) R=1.1641(1),CORR USD_JPY=-0.36,,,
2026-09-07T23:55:17.484085+00:00,USD_JPY,SHORT,0,64,64,153.892,UPPER_MID,S=NA(0) R=157.918(1),CORR EUR_JPY=+0.94,1.0,1.5000000000000036,
2026-09-07T23:55:17.484109+00:00,EUR_JPY,SHORT,0,64,64,178.961,UPPER_MID,S=NA(0) R=185.5115(8),CORR GBP_JPY=+0.97,1.0,1.4999999999999978,
2026-09-07T23:55:17.484116+00:00,GBP_JPY,SHORT,0,64,64,208.489,UPPER_MID,S=NA(0) R=214.49949999999998(4),CORR EUR_JPY=+0.97,1.0,1.5,
2026-09-07T23:55:17.484121+00:00,EUR_USD,WAIT,36,5,36,1.16286,UPPER_25,S=1.1576133333333334(3) R=1.1641(1),CORR USD_JPY=-0.36,,,
2026-09-08T00:00:59.164048+00:00,USD_JPY,SHORT,0,64,64,153.821,UPPER_MID,S=NA(0) R=157.918(1),CORR EUR_JPY=+0.94,1.0,1.5,
2026-09-08T00:00:59.164077+00:00,EUR_JPY,SHORT,0,64,64,178.854,UPPER_MID,S=NA(0) R=185.5115(8),CORR GBP_JPY=+0.97,1.0,1.5,
2026-09-08T00:00:59.164086+00:00,GBP_JPY,SHORT,0,64,64,208.363,UPPER_MID,S=NA(0) R=214.49949999999998(4),CORR EUR_JPY=+0.97,1.0,1.4999999999999978,
2026-09-08T00:00:59.164094+00:00,EUR_USD,WAIT,29,5,29,1.16271,UPPER_25,S=1.1576133333333334(3) R=1.1641(1),CORR USD_JPY=-0.36,,,
2026-09-08T00:06:40.313839+00:00,USD_JPY,SHORT,0,64,64,153.821,UPPER_MID,S=NA(0) R=157.918(1),CORR EUR_JPY=+0.94,1.0,1.5,
2026-09-08T00:06:40.313862+00:00,EUR_JPY,SHORT,0,64,64,178.854,UPPER_MID,S=NA(0) R=185.5115(8),CORR GBP_JPY=+0.97,1.0,1.5,
2026-09-08T00:06:40.313868+00:00,GBP_JPY,SHORT,0,64,64,208.363,UPPER_MID,S=NA(0) R=214.49949999999998(4),CORR EUR_JPY=+0.97,1.0,1.4999999999999978,
2026-09-08T00:06:40.313874+00:00,EUR_USD,WAIT,29,5,29,1.16271,UPPER_25,S=1.1576133333333334(3) R=1.1641(1),CORR USD_JPY=-0.36,,,
2026-09-08T00:12:23.251483+00:00,USD_JPY,SHORT,0,64,64,153.821,UPPER_MID,S=NA(0) R=157.918(1),CORR EUR_JPY=+0.94,1.0,1.5,
2026-09-08T00:12:23.251517+00:00,EUR_JPY,SHORT,0,64,64,178.854,UPPER_MID,S=NA(0) R=185.5115(8),CORR GBP_JPY=+0.97,1.0,1.5,
2026-09-08T00:12:23.251527+00:00,GBP_JPY,SHORT,0,64,64,208.363,UPPER_MID,S=NA(0) R=214.49949999999998(4),CORR EUR_JPY=+0.97,1.0,1.4999999999999978,
2026-09-08T00:12:23.251545+00:00,EUR_USD,WAIT,29,5,29,1.16271,UPPER_25,S=1.1576133333333334(3) R=1.1641(1),CORR USD_JPY=-0.36,,,
2026-09-08T00:18:04.840028+00:00,USD_JPY,WAIT,0,57,57,153.733,UPPER_MID,S=NA(0) R=157.918(1),CORR EUR_JPY=+0.94,,,
2026-09-08T00:18:04.840047+00:00,EUR_JPY,WAIT,0,57,57,178.713,UPPER_MID,S=NA(0) R=185.5115(8),CORR GBP_JPY=+0.97,,,
2026-09-08T00:18:04.840056+00:00,GBP_JPY,WAIT,0,57,57,208.172,UPPER_MID,S=NA(0) R=214.49949999999998(4),CORR EUR_JPY=+0.97,,,
2026-09-08T00:18:04.840061+00:00,EUR_USD,WAIT,18,5,18,1.16249,UPPER_25,S=1.1576133333333334(3) R=1.1641(1),CORR USD_JPY=-0.36,,,
2026-09-08T00:23:46.211756+00:00,USD_JPY,WAIT,0,57,57,153.733,UPPER_MID,S=NA(0) R=157.918(1),CORR EUR_JPY=+0.94,,,
2026-09-08T00:23:46.211773+00:00,EUR_JPY,WAIT,0,57,57,178.713,UPPER_MID,S=NA(0) R=185.5115(8),CORR GBP_JPY=+0.97,,,
2026-09-08T00:23:46.211779+00:00,GBP_JPY,WAIT,0,57,57,208.172,UPPER_MID,S=NA(0) R=214.49949999999998(4),CORR EUR_JPY=+0.97,,,
2026-09-08T00:23:46.211786+00:00,EUR_USD,WAIT,18,5,18,1.16249,UPPER_25,S=1.1576133333333334(3) R=1.1641(1),CORR USD_JPY=-0.36,,,
2026-09-08T00:29:27.635589+00:00,USD_JPY,WAIT,0,57,57,153.733,UPPER_MID,S=NA(0) R=157.918(1),CORR EUR_JPY=+0.94,,,
2026-09-08T00:29:27.635616+00:00,EUR_JPY,WAIT,0,57,57,178.713,UPPER_MID,S=NA(0) R=185.5115(8),CORR GBP_JPY=+0.97,,,
2026-09-08T00:29:27.635621+00:00,GBP_JPY,WAIT,0,57,57,208.172,UPPER_MID,S=NA(0) R=214.49949999999998(4),CORR EUR_JPY=+0.97,,,
2026-09-08T00:29:27.635626+00:00,EUR_USD,WAIT,18,5,18,1.16249,UPPER_25,S=1.1576133333333334(3) R=1.1641(1),CORR USD_JPY=-0.36,,,
2026-09-08T00:30:39.749244+00:00,USD_JPY,WAIT,0,57,57,153.733,UPPER_MID,S=NA(0) R=157.918(1),CORR EUR_JPY=+0.94,,,
2026-09-08T00:30:39.749265+00:00,EUR_JPY,SHORT,0,64,64,178.534,UPPER_MID,S=NA(0) R=185.5115(8),CORR GBP_JPY=+0.97,1.0,1.5,
2026-09-08T00:30:39.749278+00:00,GBP_JPY,SHORT,0,64,64,207.972,UPPER_MID,S=NA(0) R=214.49949999999998(4),CORR EUR_JPY=+0.97,1.0,1.5,
2026-09-08T00:30:39.749289+00:00,EUR_USD,WAIT,29,5,29,1.16273,UPPER_25,S=1.1576133333333334(3) R=1.1641(1),CORR USD_JPY=-0.36,,,
2026-09-08T00:36:28.647590+00:00,USD_JPY,SHORT,0,64,64,153.545,UPPER_MID,S=NA(0) R=157.918(1),CORR EUR_JPY=+0.94,1.0,1.5,
2026-09-08T00:36:28.647616+00:00,EUR_JPY,SHORT,0,64,64,178.534,UPPER_MID,S=NA(0) R=185.5115(8),CORR GBP_JPY=+0.97,1.0,1.5,
2026-09-08T00:36:28.647629+00:00,GBP_JPY,SHORT,0,64,64,207.972,UPPER_MID,S=NA(0) R=214.49949999999998(4),CORR EUR_JPY=+0.97,1.0,1.5,
2026-09-08T00:36:28.647640+00:00,EUR_USD,WAIT,29,5,29,1.16273,UPPER_25,S=1.1576133333333334(3) R=1.1641(1),CORR USD_JPY=-0.36,,,
2026-09-08T00:42:21.103359+00:00,USD_JPY,SHORT,0,64,64,153.545,UPPER_MID,S=NA(0) R=157.918(1),CORR EUR_JPY=+0.94,1.0,1.5,
2026-09-08T00:42:21.103387+00:00,EUR_JPY,SHORT,0,64,64,178.534,UPPER_MID,S=NA(0) R=185.5115(8),CORR GBP_JPY=+0.97,1.0,1.5,
2026-09-08T00:42:21.103400+00:00,GBP_JPY,SHORT,0,64,64,207.972,UPPER_MID,S=NA(0) R=214.49949999999998(4),CORR EUR_JPY=+0.97,1.0,1.5,
2026-09-08T00:42:21.103411+00:00,EUR_USD,WAIT,29,5,29,1.16273,UPPER_25,S=1.1576133333333334(3) R=1.1641(1),CORR USD_JPY=-0.36,,,
2026-09-08T00:48:12.620151+00:00,USD_JPY,WAIT,0,57,57,153.769,UPPER_MID,S=NA(0) R=157.918(1),CORR EUR_JPY=+0.94,,,
2026-09-08T00:48:12.620169+00:00,EUR_JPY,WAIT,7,57,57,178.778,UPPER_MID,S=NA(0) R=185.5115(8),CORR GBP_JPY=+0.97,,,
2026-09-08T00:48:12.620179+00:00,GBP_JPY,WAIT,0,57,57,208.246,UPPER_MID,S=NA(0) R=214.49949999999998(4),CORR EUR_JPY=+0.97,,,
2026-09-08T00:48:12.620189+00:00,EUR_USD,WAIT,29,5,29,1.16261,UPPER_25,S=1.1576133333333334(3) R=1.1641(1),CORR USD_JPY=-0.36,,,
2026-09-08T00:54:03.691342+00:00,USD_JPY,WAIT,0,57,57,153.769,UPPER_MID,S=NA(0) R=157.918(1),CORR EUR_JPY=+0.94,,,
2026-09-08T00:54:03.691361+00:00,EUR_JPY,WAIT,7,57,57,178.778,UPPER_MID,S=NA(0) R=185.5115(8),CORR GBP_JPY=+0.97,,,
2026-09-08T00:54:03.691372+00:00,GBP_JPY,WAIT,0,57,57,208.246,UPPER_MID,S=NA(0) R=214.49949999999998(4),CORR EUR_JPY=+0.97,,,
2026-09-08T00:54:03.691382+00:00,EUR_USD,WAIT,29,5,29,1.16261,UPPER_25,S=1.1576133333333334(3) R=1.1641(1),CORR USD_JPY=-0.36,,,
2026-09-08T00:59:53.074267+00:00,USD_JPY,WAIT,0,57,57,153.769,UPPER_MID,S=NA(0) R=157.918(1),CORR EUR_JPY=+0.94,,,
2026-09-08T00:59:53.074287+00:00,EUR_JPY,WAIT,7,57,57,178.778,UPPER_MID,S=NA(0) R=185.5115(8),CORR GBP_JPY=+0.97,,,
2026-09-08T00:59:53.074299+00:00,GBP_JPY,WAIT,0,57,57,208.246,UPPER_MID,S=NA(0) R=214.49949999999998(4),CORR EUR_JPY=+0.97,,,
2026-09-08T00:59:53.074309+00:00,EUR_USD,WAIT,29,5,29,1.16261,UPPER_25,S=1.1576133333333334(3) R=1.1641(1),CORR USD_JPY=-0.36,,,
2026-09-08T01:05:46.247480+00:00,USD_JPY,WAIT,0,57,57,153.79,UPPER_MID,S=NA(0) R=157.918(1),CORR EUR_JPY=+0.94,,,
2026-09-08T01:05:46.247501+00:00,EUR_JPY,WAIT,7,57,57,178.806,UPPER_MID,S=NA(0) R=185.5115(8),CORR GBP_JPY=+0.97,,,
2026-09-08T01:05:46.247512+00:00,GBP_JPY,WAIT,0,57,57,208.272,UPPER_MID,S=NA(0) R=214.49949999999998(4),CORR EUR_JPY=+0.97,,,
2026-09-08T01:05:46.247523+00:00,EUR_USD,WAIT,42,5,42,1.16264,UPPER_25,S=1.1576133333333334(3) R=1.1641(1),CORR USD_JPY=-0.36,,,
2026-09-08T01:11:39.289923+00:00,USD_JPY,SHORT,0,64,64,153.79,UPPER_MID,S=NA(0) R=157.918(1),CORR EUR_JPY=+0.94,1.0,1.5000000000000033,
2026-09-08T01:11:39.289954+00:00,EUR_JPY,SHORT,7,64,64,178.806,UPPER_MID,S=NA(0) R=185.5115(8),CORR GBP_JPY=+0.97,1.0,1.5,
2026-09-08T01:11:39.289967+00:00,GBP_JPY,SHORT,0,64,64,208.272,UPPER_MID,S=NA(0) R=214.49949999999998(4),CORR EUR_JPY=+0.97,1.0,1.5,
2026-09-08T01:11:39.289978+00:00,EUR_USD,WAIT,42,5,42,1.16264,UPPER_25,S=1.1576133333333334(3) R=1.1641(1),CORR USD_JPY=-0.36,,,
2026-09-08T01:17:31.608892+00:00,USD_JPY,SHORT,0,64,64,153.677,UPPER_MID,S=NA(0) R=157.918(1),CORR EUR_JPY=+0.94,1.0,1.4999999999999967,
2026-09-08T01:17:31.608926+00:00,EUR_JPY,SHORT,0,64,64,178.694,UPPER_MID,S=NA(0) R=185.5115(8),CORR GBP_JPY=+0.97,1.0,1.5,
2026-09-08T01:17:31.608944+00:00,GBP_JPY,SHORT,0,64,64,208.139,UPPER_MID,S=NA(0) R=214.49949999999998(4),CORR EUR_JPY=+0.97,1.0,1.5,
2026-09-08T01:17:31.608954+00:00,EUR_USD,WAIT,49,5,49,1.16277,UPPER_25,S=1.1576133333333334(3) R=1.1641(1),CORR USD_JPY=-0.36,,,
2026-09-08T01:23:23.942263+00:00,USD_JPY,SHORT,0,64,64,153.677,UPPER_MID,S=NA(0) R=157.918(1),CORR EUR_JPY=+0.94,1.0,1.4999999999999967,
2026-09-08T01:23:23.942300+00:00,EUR_JPY,SHORT,0,64,64,178.694,UPPER_MID,S=NA(0) R=185.5115(8),CORR GBP_JPY=+0.97,1.0,1.5,
2026-09-08T01:23:23.942314+00:00,GBP_JPY,SHORT,0,64,64,208.139,UPPER_MID,S=NA(0) R=214.49949999999998(4),CORR EUR_JPY=+0.97,1.0,1.5,
2026-09-08T01:23:23.942327+00:00,EUR_USD,WAIT,49,5,49,1.16277,UPPER_25,S=1.1576133333333334(3) R=1.1641(1),CORR USD_JPY=-0.36,,,
2026-09-08T01:29:15.832753+00:00,USD_JPY,WAIT,0,57,57,153.677,UPPER_MID,S=NA(0) R=157.918(1),CORR EUR_JPY=+0.94,,,
2026-09-08T01:29:15.832773+00:00,EUR_JPY,WAIT,0,57,57,178.694,UPPER_MID,S=NA(0) R=185.5115(8),CORR GBP_JPY=+0.97,,,
2026-09-08T01:29:15.832786+00:00,GBP_JPY,WAIT,0,57,57,208.139,UPPER_MID,S=NA(0) R=214.49949999999998(4),CORR EUR_JPY=+0.97,,,
2026-09-08T01:29:15.832798+00:00,EUR_USD,WAIT,49,5,49,1.16277,UPPER_25,S=1.1576133333333334(3) R=1.1641(1),CORR USD_JPY=-0.36,,,
2026-09-08T01:35:06.039199+00:00,USD_JPY,WAIT,0,57,57,153.434,UPPER_MID,S=NA(0) R=157.918(1),CORR EUR_JPY=+0.94,,,
2026-09-08T01:35:06.039220+00:00,EUR_JPY,WAIT,0,57,57,178.471,UPPER_MID,S=NA(0) R=185.5115(8),CORR GBP_JPY=+0.97,,,
2026-09-08T01:35:06.039233+00:00,GBP_JPY,WAIT,0,57,57,207.864,UPPER_MID,S=NA(0) R=214.49949999999998(4),CORR EUR_JPY=+0.97,,,
2026-09-08T01:35:06.039245+00:00,EUR_USD,WAIT,49,5,49,1.16317,UPPER_25,S=1.1576133333333334(3) R=1.1641(1),CORR USD_JPY=-0.36,,,
2026-09-08T01:36:08.518839+00:00,USD_JPY,WAIT,0,57,57,153.434,UPPER_MID,S=NA(0) R=157.918(1),CORR EUR_JPY=+0.94,,,
2026-09-08T01:36:08.518859+00:00,EUR_JPY,WAIT,0,57,57,178.471,UPPER_MID,S=NA(0) R=185.5115(8),CORR GBP_JPY=+0.97,,,
2026-09-08T01:36:08.518872+00:00,GBP_JPY,WAIT,0,57,57,207.864,UPPER_MID,S=NA(0) R=214.49949999999998(4),CORR EUR_JPY=+0.97,,,
2026-09-08T01:36:08.518882+00:00,EUR_USD,WAIT,49,5,49,1.16317,UPPER_25,S=1.1576133333333334(3) R=1.1641(1),CORR USD_JPY=-0.36,,,
2026-09-08T01:41:54.395917+00:00,USD_JPY,WAIT,0,57,57,153.434,UPPER_MID,S=NA(0) R=157.918(1),CORR EUR_JPY=+0.94,,,
2026-09-08T01:41:54.395938+00:00,EUR_JPY,WAIT,0,57,57,178.471,UPPER_MID,S=NA(0) R=185.5115(8),CORR GBP_JPY=+0.97,,,
2026-09-08T01:41:54.395950+00:00,GBP_JPY,WAIT,0,57,57,207.864,UPPER_MID,S=NA(0) R=214.49949999999998(4),CORR EUR_JPY=+0.97,,,
2026-09-08T01:41:54.395961+00:00,EUR_USD,WAIT,49,5,49,1.16317,UPPER_25,S=1.1576133333333334(3) R=1.1641(1),CORR USD_JPY=-0.36,,,
2026-09-08T01:47:37.931132+00:00,USD_JPY,WAIT,0,57,57,153.521,UPPER_MID,S=NA(0) R=157.918(1),CORR EUR_JPY=+0.94,,,
2026-09-08T01:47:37.931154+00:00,EUR_JPY,WAIT,0,57,57,178.562,UPPER_MID,S=NA(0) R=185.5115(8),CORR GBP_JPY=+0.97,,,
2026-09-08T01:47:37.931166+00:00,GBP_JPY,WAIT,0,57,57,207.952,UPPER_MID,S=NA(0) R=214.49949999999998(4),CORR EUR_JPY=+0.97,,,
2026-09-08T01:47:37.931177+00:00,EUR_USD,WAIT,49,5,49,1.1631,UPPER_25,S=1.1576133333333334(3) R=1.1641(1),CORR USD_JPY=-0.36,,,
2026-09-08T01:53:20.581039+00:00,USD_JPY,WAIT,0,57,57,153.521,UPPER_MID,S=NA(0) R=157.918(1),CORR EUR_JPY=+0.94,,,
2026-09-08T01:53:20.581062+00:00,EUR_JPY,WAIT,0,57,57,178.562,UPPER_MID,S=NA(0) R=185.5115(8),CORR GBP_JPY=+0.97,,,
2026-09-08T01:53:20.581074+00:00,GBP_JPY,WAIT,0,57,57,207.952,UPPER_MID,S=NA(0) R=214.49949999999998(4),CORR EUR_JPY=+0.97,,,
2026-09-08T01:53:20.581084+00:00,EUR_USD,WAIT,49,5,49,1.1631,UPPER_25,S=1.1576133333333334(3) R=1.1641(1),CORR USD_JPY=-0.36,,,
2026-09-08T01:59:03.631239+00:00,USD_JPY,WAIT,0,57,57,153.521,UPPER_MID,S=NA(0) R=157.918(1),CORR EUR_JPY=+0.94,,,
2026-09-08T01:59:03.631261+00:00,EUR_JPY,WAIT,0,57,57,178.562,UPPER_MID,S=NA(0) R=185.5115(8),CORR GBP_JPY=+0.97,,,
2026-09-08T01:59:03.631273+00:00,GBP_JPY,WAIT,0,57,57,207.952,UPPER_MID,S=NA(0) R=214.49949999999998(4),CORR EUR_JPY=+0.97,,,
2026-09-08T01:59:03.631283+00:00,EUR_USD,WAIT,49,5,49,1.1631,UPPER_25,S=1.1576133333333334(3) R=1.1641(1),CORR USD_JPY=-0.36,,,
2026-09-08T02:04:47.906738+00:00,USD_JPY,WAIT,0,57,57,153.353,UPPER_MID,S=NA(0) R=157.918(1),CORR EUR_JPY=+0.94,,,
2026-09-08T02:04:47.906761+00:00,EUR_JPY,WAIT,0,57,57,178.402,UPPER_MID,S=NA(0) R=185.5115(8),CORR GBP_JPY=+0.97,,,
2026-09-08T02:04:47.906774+00:00,GBP_JPY,WAIT,0,57,57,207.767,UPPER_MID,S=NA(0) R=214.49949999999998(4),CORR EUR_JPY=+0.97,,,
2026-09-08T02:04:47.906780+00:00,EUR_USD,WAIT,49,5,49,1.16332,UPPER_25,S=1.1576133333333334(3) R=1.1641(1),CORR USD_JPY=-0.37,,,
2026-09-08T02:10:30.269846+00:00,USD_JPY,WAIT,0,57,57,153.353,UPPER_MID,S=NA(0) R=157.918(1),CORR EUR_JPY=+0.94,,,
2026-09-08T02:10:30.269868+00:00,EUR_JPY,WAIT,0,57,57,178.402,UPPER_MID,S=NA(0) R=185.5115(8),CORR GBP_JPY=+0.97,,,
2026-09-08T02:10:30.269880+00:00,GBP_JPY,WAIT,0,57,57,207.767,UPPER_MID,S=NA(0) R=214.49949999999998(4),CORR EUR_JPY=+0.97,,,
2026-09-08T02:10:30.269890+00:00,EUR_USD,WAIT,49,5,49,1.16332,UPPER_25,S=1.1576133333333334(3) R=1.1641(1),CORR USD_JPY=-0.37,,,
2026-09-08T02:16:15.140033+00:00,USD_JPY,SHORT,0,64,64,153.26,UPPER_MID,S=NA(0) R=157.918(1),CORR EUR_JPY=+0.94,1.0,1.500000000000003,
2026-09-08T02:16:15.140067+00:00,EUR_JPY,SHORT,0,64,64,178.26,UPPER_MID,S=NA(0) R=185.5115(8),CORR GBP_JPY=+0.97,1.0,1.500000000000002,
2026-09-08T02:16:15.140084+00:00,GBP_JPY,SHORT,0,64,64,207.553,UPPER_MID,S=NA(0) R=214.49949999999998(4),CORR EUR_JPY=+0.97,1.0,1.500000000000002,
2026-09-08T02:16:15.140096+00:00,EUR_USD,WAIT,42,5,42,1.16313,UPPER_25,S=1.1576133333333334(3) R=1.1641(1),CORR USD_JPY=-0.37,,,
2026-09-08T02:22:00.098152+00:00,USD_JPY,SHORT,0,64,64,153.26,UPPER_MID,S=NA(0) R=157.918(1),CORR EUR_JPY=+0.94,1.0,1.500000000000003,
2026-09-08T02:22:00.098176+00:00,EUR_JPY,SHORT,0,64,64,178.26,UPPER_MID,S=NA(0) R=185.5115(8),CORR GBP_JPY=+0.97,1.0,1.500000000000002,
2026-09-08T02:22:00.098185+00:00,GBP_JPY,SHORT,0,64,64,207.553,UPPER_MID,S=NA(0) R=214.49949999999998(4),CORR EUR_JPY=+0.97,1.0,1.500000000000002,
2026-09-08T02:22:00.098192+00:00,EUR_USD,WAIT,42,5,42,1.16313,UPPER_25,S=1.1576133333333334(3) R=1.1641(1),CORR USD_JPY=-0.37,,,
2026-09-08T02:27:44.073146+00:00,USD_JPY,SHORT,0,64,64,153.26,UPPER_MID,S=NA(0) R=157.918(1),CORR EUR_JPY=+0.94,1.0,1.500000000000003,
2026-09-08T02:27:44.073184+00:00,EUR_JPY,SHORT,0,64,64,178.26,UPPER_MID,S=NA(0) R=185.5115(8),CORR GBP_JPY=+0.97,1.0,1.500000000000002,
2026-09-08T02:27:44.073199+00:00,GBP_JPY,SHORT,0,64,64,207.553,UPPER_MID,S=NA(0) R=214.49949999999998(4),CORR EUR_JPY=+0.97,1.0,1.500000000000002,
2026-09-08T02:27:44.073212+00:00,EUR_USD,WAIT,42,5,42,1.16313,UPPER_25,S=1.1576133333333334(3) R=1.1641(1),CORR USD_JPY=-0.37,,,
2026-09-08T02:33:26.963081+00:00,USD_JPY,SHORT,0,64,64,153.028,UPPER_MID,S=NA(0) R=157.918(1),CORR EUR_JPY=+0.94,1.0,1.5,
2026-09-08T02:33:26.963113+00:00,EUR_JPY,SHORT,0,64,64,177.952,UPPER_MID,S=NA(0) R=185.5115(8),CORR GBP_JPY=+0.97,1.0,1.5000000000000018,
2026-09-08T02:33:26.963126+00:00,GBP_JPY,SHORT,0,64,64,207.206,UPPER_MID,S=NA(0) R=214.49949999999998(4),CORR EUR_JPY=+0.97,1.0,1.5,
2026-09-08T02:33:26.963137+00:00,EUR_USD,WAIT,31,5,31,1.16286,UPPER_25,S=1.1576133333333334(3) R=1.1641(1),CORR USD_JPY=-0.37,,,
2026-09-08T02:39:10.710981+00:00,USD_JPY,SHORT,0,64,64,153.028,UPPER_MID,S=NA(0) R=157.918(1),CORR EUR_JPY=+0.94,1.0,1.5,
2026-09-08T02:39:10.711015+00:00,EUR_JPY,SHORT,0,64,64,177.952,UPPER_MID,S=NA(0) R=185.5115(8),CORR GBP_JPY=+0.97,1.0,1.5000000000000018,
2026-09-08T02:39:10.711028+00:00,GBP_JPY,SHORT,0,64,64,207.206,UPPER_MID,S=NA(0) R=214.49949999999998(4),CORR EUR_JPY=+0.97,1.0,1.5,
2026-09-08T02:39:10.711035+00:00,EUR_USD,WAIT,31,5,31,1.16286,UPPER_25,S=1.1576133333333334(3) R=1.1641(1),CORR USD_JPY=-0.37,,,
2026-09-08T02:40:20.061891+00:00,USD_JPY,SHORT,0,64,64,153.028,UPPER_MID,S=NA(0) R=157.918(1),CORR EUR_JPY=+0.94,1.0,1.5,
2026-09-08T02:40:20.061923+00:00,EUR_JPY,SHORT,0,64,64,177.952,UPPER_MID,S=NA(0) R=185.5115(8),CORR GBP_JPY=+0.97,1.0,1.5000000000000018,
2026-09-08T02:40:20.061939+00:00,GBP_JPY,SHORT,0,64,64,207.206,UPPER_MID,S=NA(0) R=214.49949999999998(4),CORR EUR_JPY=+0.97,1.0,1.5,
2026-09-08T02:40:20.061969+00:00,EUR_USD,WAIT,31,5,31,1.16286,UPPER_25,S=1.1576133333333334(3) R=1.1641(1),CORR USD_JPY=-0.37,,,
2026-09-08T02:46:06.407709+00:00,USD_JPY,WAIT,0,57,57,153.123,UPPER_MID,S=NA(0) R=157.918(1),CORR EUR_JPY=+0.94,,,
2026-09-08T02:46:06.407732+00:00,EUR_JPY,WAIT,0,57,57,178.022,UPPER_MID,S=NA(0) R=185.5115(8),CORR GBP_JPY=+0.97,,,
2026-09-08T02:46:06.407744+00:00,GBP_JPY,WAIT,0,57,57,207.29,UPPER_MID,S=NA(0) R=214.49949999999998(4),CORR EUR_JPY=+0.97,,,
2026-09-08T02:46:06.407754+00:00,EUR_USD,WAIT,31,12,31,1.16257,UPPER_25,S=1.1576133333333334(3) R=1.1641(1),CORR USD_JPY=-0.37,,,
2026-09-08T02:51:53.725514+00:00,USD_JPY,WAIT,0,57,57,153.123,UPPER_MID,S=NA(0) R=157.918(1),CORR EUR_JPY=+0.94,,,
2026-09-08T02:51:53.725534+00:00,EUR_JPY,WAIT,0,57,57,178.022,UPPER_MID,S=NA(0) R=185.5115(8),CORR GBP_JPY=+0.97,,,
2026-09-08T02:51:53.725546+00:00,GBP_JPY,WAIT,0,57,57,207.29,UPPER_MID,S=NA(0) R=214.49949999999998(4),CORR EUR_JPY=+0.97,,,
2026-09-08T02:51:53.725557+00:00,EUR_USD,WAIT,31,12,31,1.16257,UPPER_25,S=1.1576133333333334(3) R=1.1641(1),CORR USD_JPY=-0.37,,,
2026-09-08T02:57:40.557208+00:00,USD_JPY,WAIT,0,57,57,153.123,UPPER_MID,S=NA(0) R=157.918(1),CORR EUR_JPY=+0.94,,,
2026-09-08T02:57:40.557233+00:00,EUR_JPY,WAIT,0,57,57,178.022,UPPER_MID,S=NA(0) R=185.5115(8),CORR GBP_JPY=+0.97,,,
2026-09-08T02:57:40.557245+00:00,GBP_JPY,WAIT,0,57,57,207.29,UPPER_MID,S=NA(0) R=214.49949999999998(4),CORR EUR_JPY=+0.97,,,
2026-09-08T02:57:40.557255+00:00,EUR_USD,WAIT,31,12,31,1.16257,UPPER_25,S=1.1576133333333334(3) R=1.1641(1),CORR USD_JPY=-0.37,,,
2026-09-08T03:03:28.560183+00:00,USD_JPY,WAIT,7,57,57,153.35,UPPER_MID,S=NA(0) R=157.918(1),CORR EUR_JPY=+0.94,,,
2026-09-08T03:03:28.560196+00:00,EUR_JPY,WAIT,7,57,57,178.252,UPPER_MID,S=NA(0) R=185.5115(8),CORR GBP_JPY=+0.97,,,
2026-09-08T03:03:28.560204+00:00,GBP_JPY,WAIT,7,57,57,207.549,UPPER_MID,S=NA(0) R=214.49949999999998(4),CORR EUR_JPY=+0.97,,,
2026-09-08T03:03:28.560210+00:00,EUR_USD,WAIT,18,12,18,1.16238,UPPER_25,S=1.1576133333333334(3) R=1.1641(1),CORR USD_JPY=-0.38,,,
2026-09-08T03:09:15.442724+00:00,USD_JPY,SHORT,7,64,64,153.35,UPPER_MID,S=NA(0) R=157.918(1),CORR EUR_JPY=+0.94,1.0,1.499999999999997,
2026-09-08T03:09:15.442756+00:00,EUR_JPY,SHORT,7,64,64,178.252,UPPER_MID,S=NA(0) R=185.5115(8),CORR GBP_JPY=+0.97,1.0,1.500000000000002,
2026-09-08T03:09:15.442775+00:00,GBP_JPY,SHORT,7,64,64,207.549,UPPER_MID,S=NA(0) R=214.49949999999998(4),CORR EUR_JPY=+0.97,1.0,1.5,
2026-09-08T03:09:15.442787+00:00,EUR_USD,WAIT,18,12,18,1.16238,UPPER_25,S=1.1576133333333334(3) R=1.1641(1),CORR USD_JPY=-0.38,,,
2026-09-08T03:15:03.412072+00:00,USD_JPY,SHORT,7,64,64,153.35,UPPER_MID,S=NA(0) R=157.918(1),CORR EUR_JPY=+0.94,1.0,1.499999999999997,
2026-09-08T03:15:03.412094+00:00,EUR_JPY,SHORT,7,64,64,178.252,UPPER_MID,S=NA(0) R=185.5115(8),CORR GBP_JPY=+0.97,1.0,1.500000000000002,
2026-09-08T03:15:03.412102+00:00,GBP_JPY,SHORT,7,64,64,207.549,UPPER_MID,S=NA(0) R=214.49949999999998(4),CORR EUR_JPY=+0.97,1.0,1.5,
2026-09-08T03:15:03.412108+00:00,EUR_USD,WAIT,18,12,18,1.16238,UPPER_25,S=1.1576133333333334(3) R=1.1641(1),CORR USD_JPY=-0.38,,,
2026-09-08T03:20:51.046203+00:00,USD_JPY,WAIT,0,57,57,153.286,UPPER_MID,S=NA(0) R=157.918(1),CORR EUR_JPY=+0.94,,,
2026-09-08T03:20:51.046223+00:00,EUR_JPY,WAIT,0,57,57,178.182,UPPER_MID,S=NA(0) R=185.5115(8),CORR GBP_JPY=+0.97,,,
2026-09-08T03:20:51.046234+00:00,GBP_JPY,WAIT,0,57,57,207.486,UPPER_MID,S=NA(0) R=214.49949999999998(4),CORR EUR_JPY=+0.97,,,
2026-09-08T03:20:51.046245+00:00,EUR_USD,WAIT,18,23,23,1.16242,UPPER_25,S=1.1576133333333334(3) R=1.1641(1),CORR USD_JPY=-0.38,,,
2026-09-08T03:26:39.466263+00:00,USD_JPY,WAIT,0,57,57,153.286,UPPER_MID,S=NA(0) R=157.918(1),CORR EUR_JPY=+0.94,,,
2026-09-08T03:26:39.466285+00:00,EUR_JPY,WAIT,0,57,57,178.182,UPPER_MID,S=NA(0) R=185.5115(8),CORR GBP_JPY=+0.97,,,
2026-09-08T03:26:39.466294+00:00,GBP_JPY,WAIT,0,57,57,207.486,UPPER_MID,S=NA(0) R=214.49949999999998(4),CORR EUR_JPY=+0.97,,,
2026-09-08T03:26:39.466308+00:00,EUR_USD,WAIT,18,23,23,1.16242,UPPER_25,S=1.1576133333333334(3) R=1.1641(1),CORR USD_JPY=-0.38,,,
2026-09-08T03:32:26.195081+00:00,USD_JPY,WAIT,7,57,57,153.285,UPPER_MID,S=NA(0) R=157.918(1),CORR EUR_JPY=+0.94,,,
2026-09-08T03:32:26.195100+00:00,EUR_JPY,WAIT,7,57,57,178.202,UPPER_MID,S=NA(0) R=185.5115(8),CORR GBP_JPY=+0.97,,,
2026-09-08T03:32:26.195111+00:00,GBP_JPY,WAIT,7,57,57,207.513,UPPER_MID,S=NA(0) R=214.49949999999998(4),CORR EUR_JPY=+0.97,,,
2026-09-08T03:32:26.195121+00:00,EUR_USD,WAIT,18,16,18,1.16253,UPPER_25,S=1.1576133333333334(3) R=1.1641(1),CORR USD_JPY=-0.38,,,
2026-09-08T03:38:14.233847+00:00,USD_JPY,WAIT,7,57,57,153.285,UPPER_MID,S=NA(0) R=157.918(1),CORR EUR_JPY=+0.94,,,
2026-09-08T03:38:14.233869+00:00,EUR_JPY,WAIT,7,57,57,178.202,UPPER_MID,S=NA(0) R=185.5115(8),CORR GBP_JPY=+0.97,,,
2026-09-08T03:38:14.233885+00:00,GBP_JPY,WAIT,7,57,57,207.513,UPPER_MID,S=NA(0) R=214.49949999999998(4),CORR EUR_JPY=+0.97,,,
2026-09-08T03:38:14.233897+00:00,EUR_USD,WAIT,18,16,18,1.16253,UPPER_25,S=1.1576133333333334(3) R=1.1641(1),CORR USD_JPY=-0.38,,,
2026-09-08T03:44:00.629172+00:00,USD_JPY,WAIT,7,57,57,153.285,UPPER_MID,S=NA(0) R=157.918(1),CORR EUR_JPY=+0.94,,,
2026-09-08T03:44:00.629194+00:00,EUR_JPY,WAIT,7,57,57,178.202,UPPER_MID,S=NA(0) R=185.5115(8),CORR GBP_JPY=+0.97,,,
2026-09-08T03:44:00.629206+00:00,GBP_JPY,WAIT,7,57,57,207.513,UPPER_MID,S=NA(0) R=214.49949999999998(4),CORR EUR_JPY=+0.97,,,
2026-09-08T03:44:00.629216+00:00,EUR_USD,WAIT,18,16,18,1.16253,UPPER_25,S=1.1576133333333334(3) R=1.1641(1),CORR USD_JPY=-0.38,,,
2026-09-08T03:45:06.703928+00:00,USD_JPY,WAIT,7,57,57,153.285,UPPER_MID,S=NA(0) R=157.918(1),CORR EUR_JPY=+0.94,,,
2026-09-08T03:45:06.703944+00:00,EUR_JPY,WAIT,7,57,57,178.202,UPPER_MID,S=NA(0) R=185.5115(8),CORR GBP_JPY=+0.97,,,
2026-09-08T03:45:06.703951+00:00,GBP_JPY,WAIT,7,57,57,207.513,UPPER_MID,S=NA(0) R=214.49949999999998(4),CORR EUR_JPY=+0.97,,,
2026-09-08T03:45:06.703957+00:00,EUR_USD,WAIT,18,16,18,1.16253,UPPER_25,S=1.1576133333333334(3) R=1.1641(1),CORR USD_JPY=-0.38,,,
2026-09-08T03:50:53.131752+00:00,USD_JPY,WAIT,7,57,57,153.185,UPPER_MID,S=NA(0) R=157.918(1),CORR EUR_JPY=+0.94,,,
2026-09-08T03:50:53.131769+00:00,EUR_JPY,WAIT,7,57,57,178.094,UPPER_MID,S=NA(0) R=185.5115(8),CORR GBP_JPY=+0.97,,,
2026-09-08T03:50:53.131776+00:00,GBP_JPY,WAIT,7,57,57,207.399,UPPER_MID,S=NA(0) R=214.49949999999998(4),CORR EUR_JPY=+0.97,,,
2026-09-08T03:50:53.131784+00:00,EUR_USD,WAIT,18,16,18,1.16259,UPPER_25,S=1.1576133333333334(3) R=1.1641(1),CORR USD_JPY=-0.38,,,
2026-09-08T03:56:38.302841+00:00,USD_JPY,WAIT,7,57,57,153.185,UPPER_MID,S=NA(0) R=157.918(1),CORR EUR_JPY=+0.94,,,
2026-09-08T03:56:38.302859+00:00,EUR_JPY,WAIT,7,57,57,178.094,UPPER_MID,S=NA(0) R=185.5115(8),CORR GBP_JPY=+0.97,,,
2026-09-08T03:56:38.302868+00:00,GBP_JPY,WAIT,7,57,57,207.399,UPPER_MID,S=NA(0) R=214.49949999999998(4),CORR EUR_JPY=+0.97,,,
2026-09-08T03:56:38.302874+00:00,EUR_USD,WAIT,18,16,18,1.16259,UPPER_25,S=1.1576133333333334(3) R=1.1641(1),CORR USD_JPY=-0.38,,,
2026-09-08T04:02:25.739864+00:00,USD_JPY,WAIT,7,57,57,153.329,UPPER_MID,S=NA(0) R=157.918(1),CORR EUR_JPY=+0.94,,,
2026-09-08T04:02:25.739879+00:00,EUR_JPY,WAIT,7,57,57,178.237,UPPER_MID,S=NA(0) R=185.5115(8),CORR GBP_JPY=+0.97,,,
2026-09-08T04:02:25.739884+00:00,GBP_JPY,WAIT,7,57,57,207.573,UPPER_MID,S=NA(0) R=214.49949999999998(4),CORR EUR_JPY=+0.97,,,
2026-09-08T04:02:25.739889+00:00,EUR_USD,WAIT,18,16,18,1.16242,UPPER_25,S=1.1576133333333334(3) R=1.1641(1),CORR USD_JPY=-0.38,,,
2026-09-08T04:08:13.106074+00:00,USD_JPY,WAIT,7,57,57,153.329,UPPER_MID,S=NA(0) R=157.918(1),CORR EUR_JPY=+0.94,,,
2026-09-08T04:08:13.106088+00:00,EUR_JPY,WAIT,7,57,57,178.237,UPPER_MID,S=NA(0) R=185.5115(8),CORR GBP_JPY=+0.97,,,
2026-09-08T04:08:13.106097+00:00,GBP_JPY,WAIT,7,57,57,207.573,UPPER_MID,S=NA(0) R=214.49949999999998(4),CORR EUR_JPY=+0.97,,,
2026-09-08T04:08:13.106105+00:00,EUR_USD,WAIT,18,16,18,1.16242,UPPER_25,S=1.1576133333333334(3) R=1.1641(1),CORR USD_JPY=-0.38,,,
2026-09-08T04:14:00.555186+00:00,USD_JPY,WAIT,7,57,57,153.329,UPPER_MID,S=NA(0) R=157.918(1),CORR EUR_JPY=+0.94,,,
2026-09-08T04:14:00.555197+00:00,EUR_JPY,WAIT,7,57,57,178.237,UPPER_MID,S=NA(0) R=185.5115(8),CORR GBP_JPY=+0.97,,,
2026-09-08T04:14:00.555202+00:00,GBP_JPY,WAIT,7,57,57,207.573,UPPER_MID,S=NA(0) R=214.49949999999998(4),CORR EUR_JPY=+0.97,,,
2026-09-08T04:14:00.555207+00:00,EUR_USD,WAIT,18,16,18,1.16242,UPPER_25,S=1.1576133333333334(3) R=1.1641(1),CORR USD_JPY=-0.38,,,
2026-09-08T04:19:46.260950+00:00,USD_JPY,WAIT,7,57,57,153.361,UPPER_MID,S=NA(0) R=157.918(1),CORR EUR_JPY=+0.94,,,
2026-09-08T04:19:46.260967+00:00,EUR_JPY,WAIT,7,57,57,178.268,UPPER_MID,S=NA(0) R=185.5115(8),CORR GBP_JPY=+0.97,,,
2026-09-08T04:19:46.260973+00:00,GBP_JPY,WAIT,7,57,57,207.6,UPPER_MID,S=NA(0) R=214.49949999999998(4),CORR EUR_JPY=+0.97,,,
2026-09-08T04:19:46.260977+00:00,EUR_USD,WAIT,18,16,18,1.16239,UPPER_25,S=1.1576133333333334(3) R=1.1641(1),CORR USD_JPY=-0.38,,,
2026-09-08T04:25:33.326271+00:00,USD_JPY,WAIT,7,57,57,153.361,UPPER_MID,S=NA(0) R=157.918(1),CORR EUR_JPY=+0.94,,,
2026-09-08T04:25:33.326285+00:00,EUR_JPY,WAIT,7,57,57,178.268,UPPER_MID,S=NA(0) R=185.5115(8),CORR GBP_JPY=+0.97,,,
2026-09-08T04:25:33.326293+00:00,GBP_JPY,SHORT,7,64,64,207.6,UPPER_MID,S=NA(0) R=214.49949999999998(4),CORR EUR_JPY=+0.97,1.0,1.500000000000002,
2026-09-08T04:25:33.326302+00:00,EUR_USD,WAIT,18,16,18,1.16239,UPPER_25,S=1.1576133333333334(3) R=1.1641(1),CORR USD_JPY=-0.38,,,
2026-09-08T04:31:21.363340+00:00,USD_JPY,WAIT,0,46,46,153.489,UPPER_MID,S=NA(0) R=157.918(1),CORR EUR_JPY=+0.94,,,
2026-09-08T04:31:21.363355+00:00,EUR_JPY,WAIT,0,46,46,178.403,UPPER_MID,S=NA(0) R=185.5115(8),CORR GBP_JPY=+0.97,,,
2026-09-08T04:31:21.363364+00:00,GBP_JPY,WAIT,0,46,46,207.773,UPPER_MID,S=NA(0) R=214.49949999999998(4),CORR EUR_JPY=+0.97,,,
2026-09-08T04:31:21.363371+00:00,EUR_USD,WAIT,18,16,18,1.1623,UPPER_25,S=1.1576133333333334(3) R=1.1641(1),CORR USD_JPY=-0.38,,,
2026-09-08T04:37:08.125947+00:00,USD_JPY,WAIT,0,46,46,153.489,UPPER_MID,S=NA(0) R=157.918(1),CORR EUR_JPY=+0.94,,,
2026-09-08T04:37:08.125963+00:00,EUR_JPY,WAIT,0,46,46,178.403,UPPER_MID,S=NA(0) R=185.5115(8),CORR GBP_JPY=+0.97,,,
2026-09-08T04:37:08.125971+00:00,GBP_JPY,WAIT,0,46,46,207.773,UPPER_MID,S=NA(0) R=214.49949999999998(4),CORR EUR_JPY=+0.97,,,
2026-09-08T04:37:08.125979+00:00,EUR_USD,WAIT,18,16,18,1.1623,UPPER_25,S=1.1576133333333334(3) R=1.1641(1),CORR USD_JPY=-0.38,,,
2026-09-08T04:42:55.212636+00:00,USD_JPY,WAIT,0,46,46,153.489,UPPER_MID,S=NA(0) R=157.918(1),CORR EUR_JPY=+0.94,,,
2026-09-08T04:42:55.212651+00:00,EUR_JPY,WAIT,0,46,46,178.403,UPPER_MID,S=NA(0) R=185.5115(8),CORR GBP_JPY=+0.97,,,
2026-09-08T04:42:55.212658+00:00,GBP_JPY,WAIT,0,46,46,207.773,UPPER_MID,S=NA(0) R=214.49949999999998(4),CORR EUR_JPY=+0.97,,,
2026-09-08T04:42:55.212665+00:00,EUR_USD,WAIT,18,16,18,1.1623,UPPER_25,S=1.1576133333333334(3) R=1.1641(1),CORR USD_JPY=-0.38,,,
2026-09-08T04:48:41.873093+00:00,USD_JPY,WAIT,0,46,46,153.517,UPPER_MID,S=NA(0) R=157.918(1),CORR EUR_JPY=+0.94,,,
2026-09-08T04:48:41.873108+00:00,EUR_JPY,WAIT,0,46,46,178.461,UPPER_MID,S=NA(0) R=185.5115(8),CORR GBP_JPY=+0.97,,,
2026-09-08T04:48:41.873116+00:00,GBP_JPY,WAIT,0,46,46,207.835,UPPER_MID,S=NA(0) R=214.49949999999998(4),CORR EUR_JPY=+0.97,,,
2026-09-08T04:48:41.873124+00:00,EUR_USD,WAIT,18,16,18,1.16246,UPPER_25,S=1.1576133333333334(3) R=1.1641(1),CORR USD_JPY=-0.38,,,
2026-09-08T04:49:51.594688+00:00,USD_JPY,WAIT,0,46,46,153.517,UPPER_MID,S=NA(0) R=157.918(1),CORR EUR_JPY=+0.94,,,
2026-09-08T04:49:51.594706+00:00,EUR_JPY,WAIT,0,46,46,178.461,UPPER_MID,S=NA(0) R=185.5115(8),CORR GBP_JPY=+0.97,,,
2026-09-08T04:49:51.594717+00:00,GBP_JPY,WAIT,0,46,46,207.835,UPPER_MID,S=NA(0) R=214.49949999999998(4),CORR EUR_JPY=+0.97,,,
2026-09-08T04:49:51.594726+00:00,EUR_USD,WAIT,18,16,18,1.16246,UPPER_25,S=1.1576133333333334(3) R=1.1641(1),CORR USD_JPY=-0.38,,,
2026-09-08T04:55:42.817865+00:00,USD_JPY,WAIT,0,53,53,153.517,UPPER_MID,S=NA(0) R=157.918(1),CORR EUR_JPY=+0.94,,,
2026-09-08T04:55:42.817883+00:00,EUR_JPY,WAIT,0,53,53,178.461,UPPER_MID,S=NA(0) R=185.5115(8),CORR GBP_JPY=+0.97,,,
2026-09-08T04:55:42.817895+00:00,GBP_JPY,WAIT,0,53,53,207.835,UPPER_MID,S=NA(0) R=214.49949999999998(4),CORR EUR_JPY=+0.97,,,
2026-09-08T04:55:42.817904+00:00,EUR_USD,WAIT,18,16,18,1.16246,UPPER_25,S=1.1576133333333334(3) R=1.1641(1),CORR USD_JPY=-0.38,,,
2026-09-08T05:01:37.137083+00:00,USD_JPY,WAIT,18,53,53,153.468,UPPER_MID,S=NA(0) R=157.918(1),CORR EUR_JPY=+0.94,,,
2026-09-08T05:01:37.137102+00:00,EUR_JPY,WAIT,18,53,53,178.406,UPPER_MID,S=NA(0) R=185.5115(8),CORR GBP_JPY=+0.97,,,
2026-09-08T05:01:37.137112+00:00,GBP_JPY,WAIT,18,53,53,207.79,UPPER_MID,S=NA(0) R=214.49949999999998(4),CORR EUR_JPY=+0.97,,,
2026-09-08T05:01:37.137121+00:00,EUR_USD,WAIT,18,23,23,1.16247,UPPER_25,S=1.1576133333333334(3) R=1.1641(1),CORR USD_JPY=-0.37,,,
2026-09-08T05:07:29.748099+00:00,USD_JPY,WAIT,18,53,53,153.468,UPPER_MID,S=NA(0) R=157.918(1),CORR EUR_JPY=+0.94,,,
2026-09-08T05:07:29.748112+00:00,EUR_JPY,WAIT,18,53,53,178.406,UPPER_MID,S=NA(0) R=185.5115(8),CORR GBP_JPY=+0.97,,,
2026-09-08T05:07:29.748120+00:00,GBP_JPY,WAIT,18,53,53,207.79,UPPER_MID,S=NA(0) R=214.49949999999998(4),CORR EUR_JPY=+0.97,,,
2026-09-08T05:07:29.748126+00:00,EUR_USD,WAIT,18,23,23,1.16247,UPPER_25,S=1.1576133333333334(3) R=1.1641(1),CORR USD_JPY=-0.37,,,
2026-09-08T05:13:24.143599+00:00,USD_JPY,WAIT,18,46,46,153.468,UPPER_MID,S=NA(0) R=157.918(1),CORR EUR_JPY=+0.94,,,
2026-09-08T05:13:24.143628+00:00,EUR_JPY,WAIT,18,53,53,178.406,UPPER_MID,S=NA(0) R=185.5115(8),CORR GBP_JPY=+0.97,,,
2026-09-08T05:13:24.143636+00:00,GBP_JPY,WAIT,18,53,53,207.79,UPPER_MID,S=NA(0) R=214.49949999999998(4),CORR EUR_JPY=+0.97,,,
2026-09-08T05:13:24.143642+00:00,EUR_USD,WAIT,18,23,23,1.16247,UPPER_25,S=1.1576133333333334(3) R=1.1641(1),CORR USD_JPY=-0.37,,,
2026-09-08T05:19:16.628188+00:00,USD_JPY,WAIT,0,56,56,153.331,UPPER_MID,S=NA(0) R=157.918(1),CORR EUR_JPY=+0.94,,,
2026-09-08T05:19:16.628210+00:00,EUR_JPY,WAIT,0,60,60,178.252,UPPER_MID,S=NA(0) R=185.5115(8),CORR GBP_JPY=+0.97,,,
2026-09-08T05:19:16.628222+00:00,GBP_JPY,WAIT,0,60,60,207.606,UPPER_MID,S=NA(0) R=214.49949999999998(4),CORR EUR_JPY=+0.97,,,
2026-09-08T05:19:16.628235+00:00,EUR_USD,WAIT,18,5,18,1.16253,UPPER_25,S=1.1576133333333334(3) R=1.1641(1),CORR USD_JPY=-0.37,,,
2026-09-08T05:25:09.457225+00:00,USD_JPY,WAIT,0,56,56,153.331,UPPER_MID,S=NA(0) R=157.918(1),CORR EUR_JPY=+0.94,,,
2026-09-08T05:25:09.457252+00:00,EUR_JPY,WAIT,0,60,60,178.252,UPPER_MID,S=NA(0) R=185.5115(8),CORR GBP_JPY=+0.97,,,
2026-09-08T05:25:09.457280+00:00,GBP_JPY,WAIT,0,60,60,207.606,UPPER_MID,S=NA(0) R=214.49949999999998(4),CORR EUR_JPY=+0.97,,,
2026-09-08T05:25:09.457289+00:00,EUR_USD,WAIT,18,5,18,1.16253,UPPER_25,S=1.1576133333333334(3) R=1.1641(1),CORR USD_JPY=-0.37,,,
2026-09-08T05:31:01.528466+00:00,USD_JPY,WAIT,18,46,46,153.536,UPPER_MID,S=NA(0) R=157.918(1),CORR EUR_JPY=+0.94,,,
2026-09-08T05:31:01.528489+00:00,EUR_JPY,WAIT,18,46,46,178.466,UPPER_MID,S=NA(0) R=185.5115(8),CORR GBP_JPY=+0.97,,,
2026-09-08T05:31:01.528500+00:00,GBP_JPY,WAIT,18,46,46,207.844,UPPER_MID,S=NA(0) R=214.49949999999998(4),CORR EUR_JPY=+0.97,,,
2026-09-08T05:31:01.528510+00:00,EUR_USD,WAIT,18,23,23,1.16237,UPPER_25,S=1.1576133333333334(3) R=1.1641(1),CORR USD_JPY=-0.37,,,
2026-09-08T05:36:56.622678+00:00,USD_JPY,WAIT,18,46,46,153.536,UPPER_MID,S=NA(0) R=157.918(1),CORR EUR_JPY=+0.94,,,
2026-09-08T05:36:56.622701+00:00,EUR_JPY,WAIT,18,46,46,178.466,UPPER_MID,S=NA(0) R=185.5115(8),CORR GBP_JPY=+0.97,,,
2026-09-08T05:36:56.622711+00:00,GBP_JPY,WAIT,18,46,46,207.844,UPPER_MID,S=NA(0) R=214.49949999999998(4),CORR EUR_JPY=+0.97,,,
2026-09-08T05:36:56.622720+00:00,EUR_USD,WAIT,18,23,23,1.16237,UPPER_25,S=1.1576133333333334(3) R=1.1641(1),CORR USD_JPY=-0.37,,,
2026-09-08T05:42:49.607976+00:00,USD_JPY,WAIT,18,46,46,153.536,UPPER_MID,S=NA(0) R=157.918(1),CORR EUR_JPY=+0.94,,,
2026-09-08T05:42:49.607996+00:00,EUR_JPY,WAIT,18,46,46,178.466,UPPER_MID,S=NA(0) R=185.5115(8),CORR GBP_JPY=+0.97,,,
2026-09-08T05:42:49.608007+00:00,GBP_JPY,WAIT,18,46,46,207.844,UPPER_MID,S=NA(0) R=214.49949999999998(4),CORR EUR_JPY=+0.97,,,
2026-09-08T05:42:49.608016+00:00,EUR_USD,WAIT,18,23,23,1.16237,UPPER_25,S=1.1576133333333334(3) R=1.1641(1),CORR USD_JPY=-0.37,,,
2026-09-08T05:48:41.982139+00:00,USD_JPY,WAIT,11,56,56,153.439,UPPER_MID,S=NA(0) R=157.918(1),CORR EUR_JPY=+0.94,,,
2026-09-08T05:48:41.982168+00:00,EUR_JPY,WAIT,11,60,60,178.403,UPPER_MID,S=NA(0) R=185.5115(8),CORR GBP_JPY=+0.97,,,
2026-09-08T05:48:41.982178+00:00,GBP_JPY,WAIT,11,60,60,207.766,UPPER_MID,S=NA(0) R=214.49949999999998(4),CORR EUR_JPY=+0.97,,,
2026-09-08T05:48:41.982187+00:00,EUR_USD,WAIT,25,5,25,1.16268,UPPER_25,S=1.1576133333333334(3) R=1.1641(1),CORR USD_JPY=-0.37,,,
2026-09-08T05:54:34.930806+00:00,USD_JPY,WAIT,11,56,56,153.439,UPPER_MID,S=NA(0) R=157.918(1),CORR EUR_JPY=+0.94,,,
2026-09-08T05:54:34.930828+00:00,EUR_JPY,WAIT,11,60,60,178.403,UPPER_MID,S=NA(0) R=185.5115(8),CORR GBP_JPY=+0.97,,,
2026-09-08T05:54:34.930838+00:00,GBP_JPY,WAIT,11,60,60,207.766,UPPER_MID,S=NA(0) R=214.49949999999998(4),CORR EUR_JPY=+0.97,,,
2026-09-08T05:54:34.930847+00:00,EUR_USD,WAIT,25,5,25,1.16268,UPPER_25,S=1.1576133333333334(3) R=1.1641(1),CORR USD_JPY=-0.37,,,
2026-09-08T05:55:52.330325+00:00,USD_JPY,WAIT,11,56,56,153.439,UPPER_MID,S=NA(0) R=157.918(1),CORR EUR_JPY=+0.94,,,
2026-09-08T05:55:52.330340+00:00,EUR_JPY,WAIT,11,60,60,178.403,UPPER_MID,S=NA(0) R=185.5115(8),CORR GBP_JPY=+0.97,,,
2026-09-08T05:55:52.330348+00:00,GBP_JPY,WAIT,11,60,60,207.766,UPPER_MID,S=NA(0) R=214.49949999999998(4),CORR EUR_JPY=+0.97,,,
2026-09-08T05:55:52.330354+00:00,EUR_USD,WAIT,25,5,25,1.16268,UPPER_25,S=1.1576133333333334(3) R=1.1641(1),CORR USD_JPY=-0.37,,,
2026-09-08T06:01:50.252866+00:00,USD_JPY,WAIT,0,46,46,153.323,UPPER_MID,S=NA(0) R=157.918(1),CORR EUR_JPY=+0.94,,,
2026-09-08T06:01:50.252888+00:00,EUR_JPY,WAIT,0,46,46,178.328,UPPER_MID,S=NA(0) R=185.5115(8),CORR GBP_JPY=+0.97,,,
2026-09-08T06:01:50.252900+00:00,GBP_JPY,WAIT,0,56,56,207.658,UPPER_MID,S=NA(0) R=214.49949999999998(4),CORR EUR_JPY=+0.97,,,
2026-09-08T06:01:50.252913+00:00,EUR_USD,WAIT,49,5,49,1.16306,UPPER_25,S=1.1576133333333334(3) R=1.1641(1),CORR USD_JPY=-0.38,,,
2026-09-08T06:07:48.284515+00:00,USD_JPY,WAIT,0,46,46,153.323,UPPER_MID,S=NA(0) R=157.918(1),CORR EUR_JPY=+0.94,,,
2026-09-08T06:07:48.284535+00:00,EUR_JPY,WAIT,0,46,46,178.328,UPPER_MID,S=NA(0) R=185.5115(8),CORR GBP_JPY=+0.97,,,
2026-09-08T06:07:48.284545+00:00,GBP_JPY,WAIT,0,56,56,207.658,UPPER_MID,S=NA(0) R=214.49949999999998(4),CORR EUR_JPY=+0.97,,,
2026-09-08T06:07:48.284553+00:00,EUR_USD,WAIT,49,5,49,1.16306,UPPER_25,S=1.1576133333333334(3) R=1.1641(1),CORR USD_JPY=-0.38,,,
2026-09-08T06:13:45.690621+00:00,USD_JPY,WAIT,0,46,46,153.323,UPPER_MID,S=NA(0) R=157.918(1),CORR EUR_JPY=+0.94,,,
2026-09-08T06:13:45.690644+00:00,EUR_JPY,WAIT,0,46,46,178.328,UPPER_MID,S=NA(0) R=185.5115(8),CORR GBP_JPY=+0.97,,,
2026-09-08T06:13:45.690654+00:00,GBP_JPY,WAIT,0,56,56,207.658,UPPER_MID,S=NA(0) R=214.49949999999998(4),CORR EUR_JPY=+0.97,,,
2026-09-08T06:13:45.690663+00:00,EUR_USD,WAIT,49,5,49,1.16306,UPPER_25,S=1.1576133333333334(3) R=1.1641(1),CORR USD_JPY=-0.38,,,
2026-09-08T06:19:44.687977+00:00,USD_JPY,WAIT,18,46,46,153.509,UPPER_MID,S=NA(0) R=157.918(1),CORR EUR_JPY=+0.94,,,
2026-09-08T06:19:44.687998+00:00,EUR_JPY,WAIT,18,46,46,178.533,UPPER_MID,S=NA(0) R=185.5115(8),CORR GBP_JPY=+0.97,,,
2026-09-08T06:19:44.688009+00:00,GBP_JPY,WAIT,11,46,46,207.93,UPPER_MID,S=NA(0) R=214.49949999999998(4),CORR EUR_JPY=+0.97,,,
2026-09-08T06:19:44.688016+00:00,EUR_USD,WAIT,49,5,49,1.163,UPPER_25,S=1.1576133333333334(3) R=1.1641(1),CORR USD_JPY=-0.38,,,
2026-09-08T06:25:43.647359+00:00,USD_JPY,WAIT,18,46,46,153.509,UPPER_MID,S=NA(0) R=157.918(1),CORR EUR_JPY=+0.94,,,
2026-09-08T06:25:43.647381+00:00,EUR_JPY,WAIT,18,46,46,178.533,UPPER_MID,S=NA(0) R=185.5115(8),CORR GBP_JPY=+0.97,,,
2026-09-08T06:25:43.647391+00:00,GBP_JPY,WAIT,11,46,46,207.93,UPPER_MID,S=NA(0) R=214.49949999999998(4),CORR EUR_JPY=+0.97,,,
2026-09-08T06:25:43.647400+00:00,EUR_USD,WAIT,49,5,49,1.163,UPPER_25,S=1.1576133333333334(3) R=1.1641(1),CORR USD_JPY=-0.38,,,
2026-09-08T06:31:41.408434+00:00,USD_JPY,WAIT,18,46,46,153.735,UPPER_MID,S=NA(0) R=157.918(1),CORR EUR_JPY=+0.94,,,
2026-09-08T06:31:41.408456+00:00,EUR_JPY,WAIT,18,46,46,178.71,UPPER_MID,S=NA(0) R=185.5115(8),CORR GBP_JPY=+0.97,,,
2026-09-08T06:31:41.408469+00:00,GBP_JPY,WAIT,18,46,46,208.113,UPPER_MID,S=NA(0) R=214.49949999999998(4),CORR EUR_JPY=+0.97,,,
2026-09-08T06:31:41.408479+00:00,EUR_USD,WAIT,31,12,31,1.16244,UPPER_25,S=1.1576133333333334(3) R=1.1641(1),CORR USD_JPY=-0.38,,,
2026-09-08T06:37:42.683991+00:00,USD_JPY,WAIT,18,46,46,153.735,UPPER_MID,S=NA(0) R=157.918(1),CORR EUR_JPY=+0.94,,,
2026-09-08T06:37:42.684012+00:00,EUR_JPY,WAIT,18,46,46,178.71,UPPER_MID,S=NA(0) R=185.5115(8),CORR GBP_JPY=+0.97,,,
2026-09-08T06:37:42.684024+00:00,GBP_JPY,WAIT,18,46,46,208.113,UPPER_MID,S=NA(0) R=214.49949999999998(4),CORR EUR_JPY=+0.97,,,
2026-09-08T06:37:42.684037+00:00,EUR_USD,WAIT,31,12,31,1.16244,UPPER_25,S=1.1576133333333334(3) R=1.1641(1),CORR USD_JPY=-0.38,,,
2026-09-08T06:43:40.881032+00:00,USD_JPY,WAIT,18,46,46,153.735,UPPER_MID,S=NA(0) R=157.918(1),CORR EUR_JPY=+0.94,,,
2026-09-08T06:43:40.881070+00:00,EUR_JPY,WAIT,18,46,46,178.71,UPPER_MID,S=NA(0) R=185.5115(8),CORR GBP_JPY=+0.97,,,
2026-09-08T06:43:40.881080+00:00,GBP_JPY,WAIT,18,46,46,208.113,UPPER_MID,S=NA(0) R=214.49949999999998(4),CORR EUR_JPY=+0.97,,,
2026-09-08T06:43:40.881089+00:00,EUR_USD,WAIT,31,12,31,1.16244,UPPER_25,S=1.1576133333333334(3) R=1.1641(1),CORR USD_JPY=-0.38,,,
2026-09-08T06:49:40.135210+00:00,USD_JPY,WAIT,18,53,53,153.733,UPPER_MID,S=NA(0) R=157.918(1),CORR EUR_JPY=+0.94,,,
2026-09-08T06:49:40.135231+00:00,EUR_JPY,WAIT,18,53,53,178.715,UPPER_MID,S=NA(0) R=185.5115(8),CORR GBP_JPY=+0.97,,,
2026-09-08T06:49:40.135242+00:00,GBP_JPY,WAIT,18,53,53,208.157,UPPER_MID,S=NA(0) R=214.49949999999998(4),CORR EUR_JPY=+0.97,,,
2026-09-08T06:49:40.135250+00:00,EUR_USD,WAIT,31,5,31,1.16249,UPPER_25,S=1.1576133333333334(3) R=1.1641(1),CORR USD_JPY=-0.38,,,
2026-09-08T06:55:37.987456+00:00,USD_JPY,WAIT,18,53,53,153.733,UPPER_MID,S=NA(0) R=157.918(1),CORR EUR_JPY=+0.94,,,
2026-09-08T06:55:37.987477+00:00,EUR_JPY,WAIT,18,53,53,178.715,UPPER_MID,S=NA(0) R=185.5115(8),CORR GBP_JPY=+0.97,,,
2026-09-08T06:55:37.987486+00:00,GBP_JPY,WAIT,18,53,53,208.157,UPPER_MID,S=NA(0) R=214.49949999999998(4),CORR EUR_JPY=+0.97,,,
2026-09-08T06:55:37.987495+00:00,EUR_USD,WAIT,31,5,31,1.16249,UPPER_25,S=1.1576133333333334(3) R=1.1641(1),CORR USD_JPY=-0.38,,,
2026-09-08T07:01:35.993061+00:00,USD_JPY,WAIT,18,33,33,153.779,UPPER_MID,S=NA(0) R=157.918(1),CORR EUR_JPY=+0.94,,,
2026-09-08T07:01:35.993090+00:00,EUR_JPY,WAIT,18,53,53,178.705,UPPER_MID,S=NA(0) R=185.5115(8),CORR GBP_JPY=+0.97,,,
2026-09-08T07:01:35.993100+00:00,GBP_JPY,WAIT,18,53,53,208.163,UPPER_MID,S=NA(0) R=214.49949999999998(4),CORR EUR_JPY=+0.97,,,
2026-09-08T07:01:35.993109+00:00,EUR_USD,WAIT,27,14,27,1.16207,UPPER_25,S=1.1576133333333334(3) R=1.1631399999999998(2),CORR USD_JPY=-0.40,,,
2026-09-08T07:02:50.962118+00:00,USD_JPY,WAIT,18,33,33,153.779,UPPER_MID,S=NA(0) R=157.918(1),CORR EUR_JPY=+0.94,,,
2026-09-08T07:02:50.962134+00:00,EUR_JPY,WAIT,18,53,53,178.705,UPPER_MID,S=NA(0) R=185.5115(8),CORR GBP_JPY=+0.97,,,
2026-09-08T07:02:50.962141+00:00,GBP_JPY,WAIT,18,53,53,208.163,UPPER_MID,S=NA(0) R=214.49949999999998(4),CORR EUR_JPY=+0.97,,,
2026-09-08T07:02:50.962146+00:00,EUR_USD,WAIT,27,14,27,1.16207,UPPER_25,S=1.1576133333333334(3) R=1.1631399999999998(2),CORR USD_JPY=-0.40,,,
2026-09-08T07:08:40.922948+00:00,USD_JPY,WAIT,18,33,33,153.779,UPPER_MID,S=NA(0) R=157.918(1),CORR EUR_JPY=+0.94,,,
2026-09-08T07:08:40.922964+00:00,EUR_JPY,WAIT,18,46,46,178.705,UPPER_MID,S=NA(0) R=185.5115(8),CORR GBP_JPY=+0.97,,,
2026-09-08T07:08:40.922986+00:00,GBP_JPY,WAIT,18,53,53,208.163,UPPER_MID,S=NA(0) R=214.49949999999998(4),CORR EUR_JPY=+0.97,,,
2026-09-08T07:08:40.922990+00:00,EUR_USD,WAIT,27,14,27,1.16207,UPPER_25,S=1.1576133333333334(3) R=1.1631399999999998(2),CORR USD_JPY=-0.40,,,
2026-09-08T07:14:30.358037+00:00,USD_JPY,WAIT,18,33,33,153.779,UPPER_MID,S=NA(0) R=157.918(1),CORR EUR_JPY=+0.94,,,
2026-09-08T07:14:30.358050+00:00,EUR_JPY,WAIT,18,46,46,178.705,UPPER_MID,S=NA(0) R=185.5115(8),CORR GBP_JPY=+0.97,,,
2026-09-08T07:14:30.358055+00:00,GBP_JPY,WAIT,18,46,46,208.163,UPPER_MID,S=NA(0) R=214.49949999999998(4),CORR EUR_JPY=+0.97,,,
2026-09-08T07:14:30.358059+00:00,EUR_USD,WAIT,27,14,27,1.16207,UPPER_25,S=1.1576133333333334(3) R=1.1631399999999998(2),CORR USD_JPY=-0.40,,,
2026-09-08T07:20:18.538114+00:00,USD_JPY,WAIT,18,33,33,153.937,UPPER_MID,S=NA(0) R=157.918(1),CORR EUR_JPY=+0.94,,,
2026-09-08T07:20:18.538126+00:00,EUR_JPY,WAIT,11,46,46,178.861,UPPER_MID,S=NA(0) R=185.5115(8),CORR GBP_JPY=+0.97,,,
2026-09-08T07:20:18.538132+00:00,GBP_JPY,WAIT,11,46,46,208.442,UPPER_MID,S=NA(0) R=214.49949999999998(4),CORR EUR_JPY=+0.97,,,
2026-09-08T07:20:18.538136+00:00,EUR_USD,WAIT,27,25,27,1.16189,UPPER_25,S=1.1576133333333334(3) R=1.1631399999999998(2),CORR USD_JPY=-0.40,,,
2026-09-08T07:26:09.209041+00:00,USD_JPY,WAIT,18,33,33,153.937,UPPER_MID,S=NA(0) R=157.918(1),CORR EUR_JPY=+0.94,,,
2026-09-08T07:26:09.209057+00:00,EUR_JPY,WAIT,11,46,46,178.861,UPPER_MID,S=NA(0) R=185.5115(8),CORR GBP_JPY=+0.97,,,
2026-09-08T07:26:09.209064+00:00,GBP_JPY,WAIT,11,53,53,208.442,UPPER_MID,S=NA(0) R=214.49949999999998(4),CORR EUR_JPY=+0.97,,,
2026-09-08T07:26:09.209069+00:00,EUR_USD,WAIT,27,25,27,1.16189,UPPER_25,S=1.1576133333333334(3) R=1.1631399999999998(2),CORR USD_JPY=-0.40,,,
2026-09-08T07:31:58.836542+00:00,USD_JPY,WAIT,18,40,40,153.826,UPPER_MID,S=NA(0) R=157.918(1),CORR EUR_JPY=+0.94,,,
2026-09-08T07:31:58.836555+00:00,EUR_JPY,SHORT,11,63,63,178.666,UPPER_MID,S=NA(0) R=185.5115(8),CORR GBP_JPY=+0.97,1.0,1.499999999999998,
2026-09-08T07:31:58.836573+00:00,GBP_JPY,WAIT,18,53,53,208.198,UPPER_MID,S=NA(0) R=214.49949999999998(4),CORR EUR_JPY=+0.97,,,
2026-09-08T07:31:58.836579+00:00,EUR_USD,WAIT,27,25,27,1.16146,UPPER_25,S=1.1576133333333334(3) R=1.1631399999999998(2),CORR USD_JPY=-0.40,,,
2026-09-08T07:37:51.341764+00:00,USD_JPY,WAIT,18,40,40,153.826,UPPER_MID,S=NA(0) R=157.918(1),CORR EUR_JPY=+0.94,,,
2026-09-08T07:37:51.341782+00:00,EUR_JPY,SHORT,11,63,63,178.666,UPPER_MID,S=NA(0) R=185.5115(8),CORR GBP_JPY=+0.97,1.0,1.499999999999998,
2026-09-08T07:37:51.341804+00:00,GBP_JPY,WAIT,18,53,53,208.198,UPPER_MID,S=NA(0) R=214.49949999999998(4),CORR EUR_JPY=+0.97,,,
2026-09-08T07:37:51.341809+00:00,EUR_USD,WAIT,27,25,27,1.16146,UPPER_25,S=1.1576133333333334(3) R=1.1631399999999998(2),CORR USD_JPY=-0.40,,,
2026-09-08T07:43:43.709406+00:00,USD_JPY,WAIT,18,40,40,153.826,UPPER_MID,S=NA(0) R=157.918(1),CORR EUR_JPY=+0.94,,,
2026-09-08T07:43:43.709420+00:00,EUR_JPY,SHORT,11,63,63,178.666,UPPER_MID,S=NA(0) R=185.5115(8),CORR GBP_JPY=+0.97,1.0,1.499999999999998,
2026-09-08T07:43:43.709428+00:00,GBP_JPY,WAIT,18,53,53,208.198,UPPER_MID,S=NA(0) R=214.49949999999998(4),CORR EUR_JPY=+0.97,,,
2026-09-08T07:43:43.709434+00:00,EUR_USD,WAIT,27,25,27,1.16146,UPPER_25,S=1.1576133333333334(3) R=1.1631399999999998(2),CORR USD_JPY=-0.40,,,
2026-09-08T07:49:33.995451+00:00,USD_JPY,WAIT,11,47,47,153.862,UPPER_MID,S=NA(0) R=157.918(1),CORR EUR_JPY=+0.94,,,
2026-09-08T07:49:33.995462+00:00,EUR_JPY,WAIT,11,56,56,178.676,UPPER_MID,S=NA(0) R=185.5115(8),CORR GBP_JPY=+0.97,,,
2026-09-08T07:49:33.995467+00:00,GBP_JPY,WAIT,11,60,60,208.17,UPPER_MID,S=NA(0) R=214.49949999999998(4),CORR EUR_JPY=+0.97,,,
2026-09-08T07:49:33.995471+00:00,EUR_USD,WAIT,27,25,27,1.16124,UPPER_25,S=1.1576133333333334(3) R=1.1631399999999998(2),CORR USD_JPY=-0.40,,,
2026-09-08T07:55:25.310171+00:00,USD_JPY,WAIT,11,47,47,153.862,UPPER_MID,S=NA(0) R=157.918(1),CORR EUR_JPY=+0.94,,,
2026-09-08T07:55:25.310198+00:00,EUR_JPY,WAIT,11,56,56,178.676,UPPER_MID,S=NA(0) R=185.5115(8),CORR GBP_JPY=+0.97,,,
2026-09-08T07:55:25.310203+00:00,GBP_JPY,WAIT,11,60,60,208.17,UPPER_MID,S=NA(0) R=214.49949999999998(4),CORR EUR_JPY=+0.97,,,
2026-09-08T07:55:25.310207+00:00,EUR_USD,WAIT,27,25,27,1.16124,UPPER_25,S=1.1576133333333334(3) R=1.1631399999999998(2),CORR USD_JPY=-0.40,,,
2026-09-08T08:01:19.180934+00:00,USD_JPY,WAIT,11,47,47,153.8,UPPER_MID,S=NA(0) R=157.918(1),CORR EUR_JPY=+0.94,,,
2026-09-08T08:01:19.180949+00:00,EUR_JPY,WAIT,11,56,56,178.607,UPPER_MID,S=NA(0) R=185.5115(8),CORR GBP_JPY=+0.97,,,
2026-09-08T08:01:19.180957+00:00,GBP_JPY,WAIT,11,60,60,208.112,UPPER_MID,S=NA(0) R=214.49949999999998(4),CORR EUR_JPY=+0.97,,,
2026-09-08T08:01:19.180964+00:00,EUR_USD,WAIT,9,18,18,1.16127,UPPER_25,S=1.1576133333333334(3) R=1.1631399999999998(2),CORR USD_JPY=-0.40,,,
2026-09-08T08:07:09.840213+00:00,USD_JPY,WAIT,11,47,47,153.8,UPPER_MID,S=NA(0) R=157.918(1),CORR EUR_JPY=+0.94,,,
2026-09-08T08:07:09.840223+00:00,EUR_JPY,WAIT,11,56,56,178.607,UPPER_MID,S=NA(0) R=185.5115(8),CORR GBP_JPY=+0.97,,,
2026-09-08T08:07:09.840228+00:00,GBP_JPY,WAIT,11,60,60,208.112,UPPER_MID,S=NA(0) R=214.49949999999998(4),CORR EUR_JPY=+0.97,,,
2026-09-08T08:07:09.840232+00:00,EUR_USD,WAIT,9,18,18,1.16127,UPPER_25,S=1.1576133333333334(3) R=1.1631399999999998(2),CORR USD_JPY=-0.40,,,
2026-09-08T08:08:25.338436+00:00,USD_JPY,WAIT,11,47,47,153.8,UPPER_MID,S=NA(0) R=157.918(1),CORR EUR_JPY=+0.94,,,
2026-09-08T08:08:25.338455+00:00,EUR_JPY,WAIT,11,56,56,178.607,UPPER_MID,S=NA(0) R=185.5115(8),CORR GBP_JPY=+0.97,,,
2026-09-08T08:08:25.338469+00:00,GBP_JPY,WAIT,11,60,60,208.112,UPPER_MID,S=NA(0) R=214.49949999999998(4),CORR EUR_JPY=+0.97,,,
2026-09-08T08:08:25.338481+00:00,EUR_USD,WAIT,9,18,18,1.16127,UPPER_25,S=1.1576133333333334(3) R=1.1631399999999998(2),CORR USD_JPY=-0.40,,,
2026-09-08T08:14:19.432020+00:00,USD_JPY,WAIT,11,47,47,153.8,UPPER_MID,S=NA(0) R=157.918(1),CORR EUR_JPY=+0.94,,,
2026-09-08T08:14:19.432039+00:00,EUR_JPY,WAIT,11,56,56,178.607,UPPER_MID,S=NA(0) R=185.5115(8),CORR GBP_JPY=+0.97,,,
2026-09-08T08:14:19.432050+00:00,GBP_JPY,WAIT,11,60,60,208.112,UPPER_MID,S=NA(0) R=214.49949999999998(4),CORR EUR_JPY=+0.97,,,
2026-09-08T08:14:19.432059+00:00,EUR_USD,WAIT,9,18,18,1.16127,UPPER_25,S=1.1576133333333334(3) R=1.1631399999999998(2),CORR USD_JPY=-0.40,,,
2026-09-08T08:20:12.109013+00:00,USD_JPY,WAIT,11,33,33,153.945,UPPER_MID,S=NA(0) R=157.918(1),CORR EUR_JPY=+0.94,,,
2026-09-08T08:20:12.109032+00:00,EUR_JPY,WAIT,11,46,46,178.735,UPPER_MID,S=NA(0) R=185.5115(8),CORR GBP_JPY=+0.97,,,
2026-09-08T08:20:12.109042+00:00,GBP_JPY,WAIT,11,60,60,208.214,UPPER_MID,S=NA(0) R=214.49949999999998(4),CORR EUR_JPY=+0.97,,,
2026-09-08T08:20:12.109051+00:00,EUR_USD,WAIT,9,18,18,1.161,UPPER_25,S=1.1576133333333334(3) R=1.1631399999999998(2),CORR USD_JPY=-0.40,,,
2026-09-08T08:26:05.613285+00:00,USD_JPY,WAIT,11,33,33,153.945,UPPER_MID,S=NA(0) R=157.918(1),CORR EUR_JPY=+0.94,,,
2026-09-08T08:26:05.613304+00:00,EUR_JPY,WAIT,11,46,46,178.735,UPPER_MID,S=NA(0) R=185.5115(8),CORR GBP_JPY=+0.97,,,
2026-09-08T08:26:05.613314+00:00,GBP_JPY,WAIT,11,60,60,208.214,UPPER_MID,S=NA(0) R=214.49949999999998(4),CORR EUR_JPY=+0.97,,,
2026-09-08T08:26:05.613324+00:00,EUR_USD,WAIT,9,18,18,1.161,UPPER_25,S=1.1576133333333334(3) R=1.1631399999999998(2),CORR USD_JPY=-0.40,,,
2026-09-08T08:32:02.613913+00:00,USD_JPY,WAIT,11,47,47,153.889,UPPER_MID,S=NA(0) R=157.918(1),CORR EUR_JPY=+0.94,,,
2026-09-08T08:32:02.613935+00:00,EUR_JPY,WAIT,18,46,46,178.721,UPPER_MID,S=NA(0) R=185.5115(8),CORR GBP_JPY=+0.97,,,
2026-09-08T08:32:02.613946+00:00,GBP_JPY,WAIT,11,60,60,208.196,UPPER_MID,S=NA(0) R=214.49949999999998(4),CORR EUR_JPY=+0.97,,,
2026-09-08T08:32:02.613955+00:00,EUR_USD,WAIT,16,18,18,1.16133,UPPER_25,S=1.1576133333333334(3) R=1.1631399999999998(2),CORR USD_JPY=-0.40,,,
2026-09-08T08:38:00.840977+00:00,USD_JPY,WAIT,11,47,47,153.889,UPPER_MID,S=NA(0) R=157.918(1),CORR EUR_JPY=+0.94,,,
2026-09-08T08:38:00.840997+00:00,EUR_JPY,WAIT,18,46,46,178.721,UPPER_MID,S=NA(0) R=185.5115(8),CORR GBP_JPY=+0.97,,,
2026-09-08T08:38:00.841008+00:00,GBP_JPY,WAIT,11,60,60,208.196,UPPER_MID,S=NA(0) R=214.49949999999998(4),CORR EUR_JPY=+0.97,,,
2026-09-08T08:38:00.841019+00:00,EUR_USD,WAIT,16,18,18,1.16133,UPPER_25,S=1.1576133333333334(3) R=1.1631399999999998(2),CORR USD_JPY=-0.40,,,
2026-09-08T08:43:55.207778+00:00,USD_JPY,WAIT,11,47,47,153.889,UPPER_MID,S=NA(0) R=157.918(1),CORR EUR_JPY=+0.94,,,
2026-09-08T08:43:55.207792+00:00,EUR_JPY,WAIT,18,46,46,178.721,UPPER_MID,S=NA(0) R=185.5115(8),CORR GBP_JPY=+0.97,,,
2026-09-08T08:43:55.207799+00:00,GBP_JPY,WAIT,11,60,60,208.196,UPPER_MID,S=NA(0) R=214.49949999999998(4),CORR EUR_JPY=+0.97,,,
2026-09-08T08:43:55.207805+00:00,EUR_USD,WAIT,16,18,18,1.16133,UPPER_25,S=1.1576133333333334(3) R=1.1631399999999998(2),CORR USD_JPY=-0.40,,,
2026-09-08T08:49:50.236925+00:00,USD_JPY,WAIT,11,33,33,154.15,UPPER_MID,S=NA(0) R=157.918(1),CORR EUR_JPY=+0.94,,,
2026-09-08T08:49:50.236944+00:00,EUR_JPY,WAIT,18,46,46,178.988,UPPER_MID,S=NA(0) R=185.5115(8),CORR GBP_JPY=+0.97,,,
2026-09-08T08:49:50.236955+00:00,GBP_JPY,WAIT,18,46,46,208.511,UPPER_MID,S=NA(0) R=214.49949999999998(4),CORR EUR_JPY=+0.97,,,
2026-09-08T08:49:50.236964+00:00,EUR_USD,WAIT,9,18,18,1.16115,UPPER_25,S=1.1576133333333334(3) R=1.1631399999999998(2),CORR USD_JPY=-0.40,,,
2026-09-08T08:55:45.227225+00:00,USD_JPY,WAIT,11,33,33,154.15,UPPER_MID,S=NA(0) R=157.918(1),CORR EUR_JPY=+0.94,,,
2026-09-08T08:55:45.227245+00:00,EUR_JPY,WAIT,18,46,46,178.988,UPPER_MID,S=NA(0) R=185.5115(8),CORR GBP_JPY=+0.97,,,
2026-09-08T08:55:45.227258+00:00,GBP_JPY,WAIT,18,46,46,208.511,UPPER_MID,S=NA(0) R=214.49949999999998(4),CORR EUR_JPY=+0.97,,,
2026-09-08T08:55:45.227269+00:00,EUR_USD,WAIT,9,18,18,1.16115,UPPER_25,S=1.1576133333333334(3) R=1.1631399999999998(2),CORR USD_JPY=-0.40,,,
2026-09-08T09:01:39.157294+00:00,USD_JPY,WAIT,11,33,33,154.171,UPPER_MID,S=NA(0) R=157.918(1),CORR EUR_JPY=+0.94,,,
2026-09-08T09:01:39.157313+00:00,EUR_JPY,WAIT,18,33,33,178.996,UPPER_MID,S=NA(0) R=185.5115(8),CORR GBP_JPY=+0.97,,,
2026-09-08T09:01:39.157324+00:00,GBP_JPY,WAIT,18,33,33,208.519,UPPER_MID,S=NA(0) R=214.49949999999998(4),CORR EUR_JPY=+0.97,,,
2026-09-08T09:01:39.157335+00:00,EUR_USD,WAIT,9,31,31,1.16103,UPPER_25,S=1.1576133333333334(3) R=1.1631399999999998(2),CORR USD_JPY=-0.40,,,
2026-09-08T09:07:33.092839+00:00,USD_JPY,WAIT,11,40,40,154.171,UPPER_MID,S=NA(0) R=157.918(1),CORR EUR_JPY=+0.94,,,
2026-09-08T09:07:33.092858+00:00,EUR_JPY,WAIT,18,40,40,178.996,UPPER_MID,S=NA(0) R=185.5115(8),CORR GBP_JPY=+0.97,,,
2026-09-08T09:07:33.092869+00:00,GBP_JPY,WAIT,18,40,40,208.519,UPPER_MID,S=NA(0) R=214.49949999999998(4),CORR EUR_JPY=+0.97,,,
2026-09-08T09:07:33.092878+00:00,EUR_USD,WAIT,9,31,31,1.16103,UPPER_25,S=1.1576133333333334(3) R=1.1631399999999998(2),CORR USD_JPY=-0.40,,,
2026-09-08T09:13:27.773864+00:00,USD_JPY,WAIT,11,40,40,154.171,UPPER_MID,S=NA(0) R=157.918(1),CORR EUR_JPY=+0.94,,,
2026-09-08T09:13:27.773877+00:00,EUR_JPY,WAIT,18,40,40,178.996,UPPER_MID,S=NA(0) R=185.5115(8),CORR GBP_JPY=+0.97,,,
2026-09-08T09:13:27.773894+00:00,GBP_JPY,WAIT,18,40,40,208.519,UPPER_MID,S=NA(0) R=214.49949999999998(4),CORR EUR_JPY=+0.97,,,
2026-09-08T09:13:27.773906+00:00,EUR_USD,WAIT,9,31,31,1.16103,UPPER_25,S=1.1576133333333334(3) R=1.1631399999999998(2),CORR USD_JPY=-0.40,,,
2026-09-08T09:14:34.805104+00:00,USD_JPY,WAIT,11,40,40,154.171,UPPER_MID,S=NA(0) R=157.918(1),CORR EUR_JPY=+0.94,,,
2026-09-08T09:14:34.805120+00:00,EUR_JPY,WAIT,18,40,40,178.996,UPPER_MID,S=NA(0) R=185.5115(8),CORR GBP_JPY=+0.97,,,
2026-09-08T09:14:34.805127+00:00,GBP_JPY,WAIT,18,40,40,208.519,UPPER_MID,S=NA(0) R=214.49949999999998(4),CORR EUR_JPY=+0.97,,,
2026-09-08T09:14:34.805134+00:00,EUR_USD,WAIT,9,31,31,1.16103,UPPER_25,S=1.1576133333333334(3) R=1.1631399999999998(2),CORR USD_JPY=-0.40,,,
2026-09-08T09:20:22.566026+00:00,USD_JPY,WAIT,18,40,40,154.123,UPPER_MID,S=NA(0) R=157.918(1),CORR EUR_JPY=+0.94,,,
2026-09-08T09:20:22.566039+00:00,EUR_JPY,WAIT,18,40,40,178.962,UPPER_MID,S=NA(0) R=185.5115(8),CORR GBP_JPY=+0.97,,,
2026-09-08T09:20:22.566047+00:00,GBP_JPY,WAIT,18,40,40,208.45,UPPER_MID,S=NA(0) R=214.49949999999998(4),CORR EUR_JPY=+0.97,,,
2026-09-08T09:20:22.566053+00:00,EUR_USD,WAIT,9,31,31,1.16115,UPPER_25,S=1.1576133333333334(3) R=1.1631399999999998(2),CORR USD_JPY=-0.40,,,
2026-09-08T09:26:12.411417+00:00,USD_JPY,WAIT,18,33,33,154.123,UPPER_MID,S=NA(0) R=157.918(1),CORR EUR_JPY=+0.94,,,
2026-09-08T09:26:12.411432+00:00,EUR_JPY,WAIT,18,33,33,178.962,UPPER_MID,S=NA(0) R=185.5115(8),CORR GBP_JPY=+0.97,,,
2026-09-08T09:26:12.411440+00:00,GBP_JPY,WAIT,18,33,33,208.45,UPPER_MID,S=NA(0) R=214.49949999999998(4),CORR EUR_JPY=+0.97,,,
2026-09-08T09:26:12.411448+00:00,EUR_USD,WAIT,9,31,31,1.16115,UPPER_25,S=1.1576133333333334(3) R=1.1631399999999998(2),CORR USD_JPY=-0.40,,,
2026-09-08T09:31:59.938017+00:00,USD_JPY,WAIT,11,50,50,154.002,UPPER_MID,S=NA(0) R=157.918(1),CORR EUR_JPY=+0.94,,,
2026-09-08T09:31:59.938031+00:00,EUR_JPY,WAIT,11,50,50,178.823,UPPER_MID,S=NA(0) R=185.5115(8),CORR GBP_JPY=+0.97,,,
2026-09-08T09:31:59.938039+00:00,GBP_JPY,WAIT,11,33,33,208.294,UPPER_MID,S=NA(0) R=214.49949999999998(4),CORR EUR_JPY=+0.97,,,
2026-09-08T09:31:59.938046+00:00,EUR_USD,WAIT,9,31,31,1.16114,UPPER_25,S=1.1576133333333334(3) R=1.1631399999999998(2),CORR USD_JPY=-0.40,,,
2026-09-08T09:37:48.181242+00:00,USD_JPY,WAIT,11,50,50,154.002,UPPER_MID,S=NA(0) R=157.918(1),CORR EUR_JPY=+0.94,,,
2026-09-08T09:37:48.181257+00:00,EUR_JPY,WAIT,11,50,50,178.823,UPPER_MID,S=NA(0) R=185.5115(8),CORR GBP_JPY=+0.97,,,
2026-09-08T09:37:48.181264+00:00,GBP_JPY,WAIT,11,33,33,208.294,UPPER_MID,S=NA(0) R=214.49949999999998(4),CORR EUR_JPY=+0.97,,,
2026-09-08T09:37:48.181271+00:00,EUR_USD,WAIT,9,31,31,1.16114,UPPER_25,S=1.1576133333333334(3) R=1.1631399999999998(2),CORR USD_JPY=-0.40,,,
2026-09-08T09:43:34.109823+00:00,USD_JPY,WAIT,11,50,50,154.002,UPPER_MID,S=NA(0) R=157.918(1),CORR EUR_JPY=+0.94,,,
2026-09-08T09:43:34.109855+00:00,EUR_JPY,WAIT,11,50,50,178.823,UPPER_MID,S=NA(0) R=185.5115(8),CORR GBP_JPY=+0.97,,,
2026-09-08T09:43:34.109863+00:00,GBP_JPY,WAIT,11,33,33,208.294,UPPER_MID,S=NA(0) R=214.49949999999998(4),CORR EUR_JPY=+0.97,,,
2026-09-08T09:43:34.109870+00:00,EUR_USD,WAIT,9,31,31,1.16114,UPPER_25,S=1.1576133333333334(3) R=1.1631399999999998(2),CORR USD_JPY=-0.40,,,
2026-09-08T09:49:24.636944+00:00,USD_JPY,WAIT,11,50,50,153.958,UPPER_MID,S=NA(0) R=157.918(1),CORR EUR_JPY=+0.94,,,
2026-09-08T09:49:24.636955+00:00,EUR_JPY,WAIT,11,50,50,178.803,UPPER_MID,S=NA(0) R=185.5115(8),CORR GBP_JPY=+0.97,,,
2026-09-08T09:49:24.636960+00:00,GBP_JPY,WAIT,11,40,40,208.284,UPPER_MID,S=NA(0) R=214.49949999999998(4),CORR EUR_JPY=+0.97,,,
2026-09-08T09:49:24.636965+00:00,EUR_USD,WAIT,16,31,31,1.16138,UPPER_25,S=1.1576133333333334(3) R=1.1631399999999998(2),CORR USD_JPY=-0.40,,,
2026-09-08T09:55:13.983493+00:00,USD_JPY,WAIT,11,50,50,153.958,UPPER_MID,S=NA(0) R=157.918(1),CORR EUR_JPY=+0.94,,,
2026-09-08T09:55:13.983503+00:00,EUR_JPY,WAIT,11,50,50,178.803,UPPER_MID,S=NA(0) R=185.5115(8),CORR GBP_JPY=+0.97,,,
2026-09-08T09:55:13.983508+00:00,GBP_JPY,WAIT,11,40,40,208.284,UPPER_MID,S=NA(0) R=214.49949999999998(4),CORR EUR_JPY=+0.97,,,
2026-09-08T09:55:13.983512+00:00,EUR_USD,WAIT,16,31,31,1.16138,UPPER_25,S=1.1576133333333334(3) R=1.1631399999999998(2),CORR USD_JPY=-0.40,,,
2026-09-08T10:01:02.892691+00:00,USD_JPY,WAIT,0,50,50,153.913,UPPER_MID,S=NA(0) R=157.918(1),CORR EUR_JPY=+0.94,,,
2026-09-08T10:01:02.892709+00:00,EUR_JPY,SHORT,0,63,63,178.757,UPPER_MID,S=NA(0) R=185.5115(8),CORR GBP_JPY=+0.97,1.0,1.5,
2026-09-08T10:01:02.892718+00:00,GBP_JPY,WAIT,0,40,40,208.251,UPPER_MID,S=NA(0) R=214.49949999999998(4),CORR EUR_JPY=+0.97,,,
2026-09-08T10:01:02.892725+00:00,EUR_USD,WAIT,16,31,31,1.16139,UPPER_25,S=1.1576133333333334(3) R=1.1631399999999998(2),CORR USD_JPY=-0.40,,,
2026-09-08T10:06:49.651846+00:00,USD_JPY,WAIT,0,50,50,153.913,UPPER_MID,S=NA(0) R=157.918(1),CORR EUR_JPY=+0.94,,,
2026-09-08T10:06:49.651861+00:00,EUR_JPY,SHORT,0,63,63,178.757,UPPER_MID,S=NA(0) R=185.5115(8),CORR GBP_JPY=+0.97,1.0,1.5,
2026-09-08T10:06:49.651869+00:00,GBP_JPY,WAIT,0,40,40,208.251,UPPER_MID,S=NA(0) R=214.49949999999998(4),CORR EUR_JPY=+0.97,,,
2026-09-08T10:06:49.651876+00:00,EUR_USD,WAIT,16,31,31,1.16139,UPPER_25,S=1.1576133333333334(3) R=1.1631399999999998(2),CORR USD_JPY=-0.40,,,
2026-09-08T10:12:59.877748+00:00,USD_JPY,WAIT,0,50,50,153.913,UPPER_MID,S=NA(0) R=157.918(1),CORR EUR_JPY=+0.94,,,
2026-09-08T10:12:59.877765+00:00,EUR_JPY,SHORT,0,63,63,178.757,UPPER_MID,S=NA(0) R=185.5115(8),CORR GBP_JPY=+0.97,1.0,1.5,
2026-09-08T10:12:59.877775+00:00,GBP_JPY,WAIT,0,40,40,208.251,UPPER_MID,S=NA(0) R=214.49949999999998(4),CORR EUR_JPY=+0.97,,,
2026-09-08T10:12:59.877781+00:00,EUR_USD,WAIT,16,31,31,1.16139,UPPER_25,S=1.1576133333333334(3) R=1.1631399999999998(2),CORR USD_JPY=-0.40,,,
2026-09-08T10:18:47.340360+00:00,USD_JPY,WAIT,11,40,40,154.042,UPPER_MID,S=NA(0) R=157.918(1),CORR EUR_JPY=+0.94,,,
2026-09-08T10:18:47.340372+00:00,EUR_JPY,WAIT,11,53,53,178.897,UPPER_MID,S=NA(0) R=185.5115(8),CORR GBP_JPY=+0.97,,,
2026-09-08T10:18:47.340384+00:00,GBP_JPY,WAIT,11,40,40,208.4,UPPER_MID,S=NA(0) R=214.49949999999998(4),CORR EUR_JPY=+0.97,,,
2026-09-08T10:18:47.340392+00:00,EUR_USD,WAIT,9,38,38,1.16133,UPPER_25,S=1.1576133333333334(3) R=1.1631399999999998(2),CORR USD_JPY=-0.40,,,
2026-09-08T10:19:51.005602+00:00,USD_JPY,WAIT,11,40,40,154.042,UPPER_MID,S=NA(0) R=157.918(1),CORR EUR_JPY=+0.94,,,
2026-09-08T10:19:51.005622+00:00,EUR_JPY,WAIT,11,53,53,178.897,UPPER_MID,S=NA(0) R=185.5115(8),CORR GBP_JPY=+0.97,,,
2026-09-08T10:19:51.005635+00:00,GBP_JPY,WAIT,11,40,40,208.4,UPPER_MID,S=NA(0) R=214.49949999999998(4),CORR EUR_JPY=+0.97,,,
2026-09-08T10:19:51.005647+00:00,EUR_USD,WAIT,9,38,38,1.16133,UPPER_25,S=1.1576133333333334(3) R=1.1631399999999998(2),CORR USD_JPY=-0.40,,,
2026-09-08T10:25:33.742250+00:00,USD_JPY,WAIT,11,40,40,154.042,UPPER_MID,S=NA(0) R=157.918(1),CORR EUR_JPY=+0.94,,,
2026-09-08T10:25:33.742272+00:00,EUR_JPY,WAIT,11,53,53,178.897,UPPER_MID,S=NA(0) R=185.5115(8),CORR GBP_JPY=+0.97,,,
2026-09-08T10:25:33.742283+00:00,GBP_JPY,WAIT,11,40,40,208.4,UPPER_MID,S=NA(0) R=214.49949999999998(4),CORR EUR_JPY=+0.97,,,
2026-09-08T10:25:33.742292+00:00,EUR_USD,WAIT,9,38,38,1.16133,UPPER_25,S=1.1576133333333334(3) R=1.1631399999999998(2),CORR USD_JPY=-0.40,,,
2026-09-08T10:31:16.701520+00:00,USD_JPY,WAIT,11,40,40,154.109,UPPER_MID,S=NA(0) R=157.918(1),CORR EUR_JPY=+0.94,,,
2026-09-08T10:31:16.701534+00:00,EUR_JPY,WAIT,11,53,53,178.946,UPPER_MID,S=NA(0) R=185.5115(8),CORR GBP_JPY=+0.97,,,
2026-09-08T10:31:16.701541+00:00,GBP_JPY,WAIT,11,40,40,208.5,UPPER_MID,S=NA(0) R=214.49949999999998(4),CORR EUR_JPY=+0.97,,,
2026-09-08T10:31:16.701547+00:00,EUR_USD,WAIT,9,31,31,1.16115,UPPER_25,S=1.1576133333333334(3) R=1.1631399999999998(2),CORR USD_JPY=-0.40,,,
2026-09-08T10:36:59.388499+00:00,USD_JPY,WAIT,11,40,40,154.109,UPPER_MID,S=NA(0) R=157.918(1),CORR EUR_JPY=+0.94,,,
2026-09-08T10:36:59.388512+00:00,EUR_JPY,WAIT,11,53,53,178.946,UPPER_MID,S=NA(0) R=185.5115(8),CORR GBP_JPY=+0.97,,,
2026-09-08T10:36:59.388520+00:00,GBP_JPY,WAIT,11,40,40,208.5,UPPER_MID,S=NA(0) R=214.49949999999998(4),CORR EUR_JPY=+0.97,,,
2026-09-08T10:36:59.388525+00:00,EUR_USD,WAIT,9,31,31,1.16115,UPPER_25,S=1.1576133333333334(3) R=1.1631399999999998(2),CORR USD_JPY=-0.40,,,
2026-09-08T10:42:43.406694+00:00,USD_JPY,WAIT,11,40,40,154.109,UPPER_MID,S=NA(0) R=157.918(1),CORR EUR_JPY=+0.94,,,
2026-09-08T10:42:43.406709+00:00,EUR_JPY,WAIT,11,53,53,178.946,UPPER_MID,S=NA(0) R=185.5115(8),CORR GBP_JPY=+0.97,,,
2026-09-08T10:42:43.406716+00:00,GBP_JPY,WAIT,11,40,40,208.5,UPPER_MID,S=NA(0) R=214.49949999999998(4),CORR EUR_JPY=+0.97,,,
2026-09-08T10:42:43.406722+00:00,EUR_USD,WAIT,9,31,31,1.16115,UPPER_25,S=1.1576133333333334(3) R=1.1631399999999998(2),CORR USD_JPY=-0.40,,,
2026-09-08T10:48:26.836323+00:00,USD_JPY,WAIT,18,33,33,154.202,UPPER_MID,S=NA(0) R=157.918(1),CORR EUR_JPY=+0.94,,,
2026-09-08T10:48:26.836342+00:00,EUR_JPY,WAIT,18,53,53,179.021,UPPER_MID,S=NA(0) R=185.5115(8),CORR GBP_JPY=+0.97,,,
2026-09-08T10:48:26.836355+00:00,GBP_JPY,WAIT,18,33,33,208.522,UPPER_MID,S=NA(0) R=214.49949999999998(4),CORR EUR_JPY=+0.97,,,
2026-09-08T10:48:26.836366+00:00,EUR_USD,WAIT,9,38,38,1.16092,UPPER_25,S=1.1576133333333334(3) R=1.1631399999999998(2),CORR USD_JPY=-0.40,,,
2026-09-08T10:54:09.311935+00:00,USD_JPY,WAIT,18,40,40,154.202,UPPER_MID,S=NA(0) R=157.918(1),CORR EUR_JPY=+0.94,,,
2026-09-08T10:54:09.311957+00:00,EUR_JPY,WAIT,18,53,53,179.021,UPPER_MID,S=NA(0) R=185.5115(8),CORR GBP_JPY=+0.97,,,
2026-09-08T10:54:09.311970+00:00,GBP_JPY,WAIT,18,40,40,208.522,UPPER_MID,S=NA(0) R=214.49949999999998(4),CORR EUR_JPY=+0.97,,,
2026-09-08T10:54:09.311982+00:00,EUR_USD,WAIT,9,38,38,1.16092,UPPER_25,S=1.1576133333333334(3) R=1.1631399999999998(2),CORR USD_JPY=-0.40,,,
2026-09-08T10:59:51.530003+00:00,USD_JPY,WAIT,18,40,40,154.202,UPPER_MID,S=NA(0) R=157.918(1),CORR EUR_JPY=+0.94,,,
2026-09-08T10:59:51.530016+00:00,EUR_JPY,WAIT,18,53,53,179.021,UPPER_MID,S=NA(0) R=185.5115(8),CORR GBP_JPY=+0.97,,,
2026-09-08T10:59:51.530023+00:00,GBP_JPY,WAIT,18,40,40,208.522,UPPER_MID,S=NA(0) R=214.49949999999998(4),CORR EUR_JPY=+0.97,,,
2026-09-08T10:59:51.530038+00:00,EUR_USD,WAIT,9,38,38,1.16092,UPPER_25,S=1.1576133333333334(3) R=1.1631399999999998(2),CORR USD_JPY=-0.40,,,
2026-09-08T11:05:34.522347+00:00,USD_JPY,WAIT,18,33,33,154.243,UPPER_MID,S=NA(0) R=157.918(1),CORR EUR_JPY=+0.94,,,
2026-09-08T11:05:34.522367+00:00,EUR_JPY,WAIT,18,33,33,179.116,UPPER_MID,S=NA(0) R=185.5115(8),CORR GBP_JPY=+0.97,,,
2026-09-08T11:05:34.522379+00:00,GBP_JPY,WAIT,18,33,33,208.654,UPPER_MID,S=NA(0) R=214.49949999999998(4),CORR EUR_JPY=+0.97,,,
2026-09-08T11:05:34.522388+00:00,EUR_USD,WAIT,9,31,31,1.16123,UPPER_25,S=1.1576133333333334(3) R=1.1631399999999998(2),CORR USD_JPY=-0.40,,,
2026-09-08T11:11:16.957859+00:00,USD_JPY,WAIT,18,33,33,154.243,UPPER_MID,S=NA(0) R=157.918(1),CORR EUR_JPY=+0.94,,,
2026-09-08T11:11:16.957880+00:00,EUR_JPY,WAIT,18,33,33,179.116,UPPER_MID,S=NA(0) R=185.5115(8),CORR GBP_JPY=+0.97,,,
2026-09-08T11:11:16.957890+00:00,GBP_JPY,WAIT,18,33,33,208.654,UPPER_MID,S=NA(0) R=214.49949999999998(4),CORR EUR_JPY=+0.97,,,
2026-09-08T11:11:16.957902+00:00,EUR_USD,WAIT,9,31,31,1.16123,UPPER_25,S=1.1576133333333334(3) R=1.1631399999999998(2),CORR USD_JPY=-0.40,,,
2026-09-08T11:17:00.291037+00:00,USD_JPY,WAIT,18,33,33,154.343,UPPER_MID,S=NA(0) R=157.918(1),CORR EUR_JPY=+0.94,,,
2026-09-08T11:17:00.291061+00:00,EUR_JPY,WAIT,18,33,33,179.205,UPPER_MID,S=NA(0) R=185.5115(8),CORR GBP_JPY=+0.97,,,
2026-09-08T11:17:00.291075+00:00,GBP_JPY,WAIT,18,33,33,208.743,UPPER_MID,S=NA(0) R=214.49949999999998(4),CORR EUR_JPY=+0.97,,,
2026-09-08T11:17:00.291086+00:00,EUR_USD,WAIT,9,31,31,1.16106,UPPER_25,S=1.1576133333333334(3) R=1.1631399999999998(2),CORR USD_JPY=-0.40,,,
2026-09-08T11:22:43.742845+00:00,USD_JPY,WAIT,18,33,33,154.343,UPPER_MID,S=NA(0) R=157.918(1),CORR EUR_JPY=+0.94,,,
2026-09-08T11:22:43.742867+00:00,EUR_JPY,WAIT,18,33,33,179.205,UPPER_MID,S=NA(0) R=185.5115(8),CORR GBP_JPY=+0.97,,,
2026-09-08T11:22:43.742881+00:00,GBP_JPY,WAIT,18,33,33,208.743,UPPER_MID,S=NA(0) R=214.49949999999998(4),CORR EUR_JPY=+0.97,,,
2026-09-08T11:22:43.742891+00:00,EUR_USD,WAIT,9,31,31,1.16106,UPPER_25,S=1.1576133333333334(3) R=1.1631399999999998(2),CORR USD_JPY=-0.40,,,
2026-09-08T11:23:40.752772+00:00,USD_JPY,WAIT,18,33,33,154.343,UPPER_MID,S=NA(0) R=157.918(1),CORR EUR_JPY=+0.94,,,
2026-09-08T11:23:40.752783+00:00,EUR_JPY,WAIT,18,33,33,179.205,UPPER_MID,S=NA(0) R=185.5115(8),CORR GBP_JPY=+0.97,,,
2026-09-08T11:23:40.752789+00:00,GBP_JPY,WAIT,18,33,33,208.743,UPPER_MID,S=NA(0) R=214.49949999999998(4),CORR EUR_JPY=+0.97,,,
2026-09-08T11:23:40.752794+00:00,EUR_USD,WAIT,9,31,31,1.16106,UPPER_25,S=1.1576133333333334(3) R=1.1631399999999998(2),CORR USD_JPY=-0.40,,,
2026-09-08T11:29:19.135878+00:00,USD_JPY,WAIT,18,40,40,154.343,UPPER_MID,S=NA(0) R=157.918(1),CORR EUR_JPY=+0.94,,,
2026-09-08T11:29:19.135891+00:00,EUR_JPY,WAIT,18,40,40,179.205,UPPER_MID,S=NA(0) R=185.5115(8),CORR GBP_JPY=+0.97,,,
2026-09-08T11:29:19.135896+00:00,GBP_JPY,WAIT,18,33,33,208.743,UPPER_MID,S=NA(0) R=214.49949999999998(4),CORR EUR_JPY=+0.97,,,
2026-09-08T11:29:19.135901+00:00,EUR_USD,WAIT,9,31,31,1.16106,UPPER_25,S=1.1576133333333334(3) R=1.1631399999999998(2),CORR USD_JPY=-0.40,,,
2026-09-08T11:34:56.217637+00:00,USD_JPY,WAIT,11,40,40,154.222,UPPER_MID,S=NA(0) R=157.918(1),CORR EUR_JPY=+0.94,,,
2026-09-08T11:34:56.217648+00:00,EUR_JPY,WAIT,11,40,40,179.137,UPPER_MID,S=NA(0) R=185.5115(8),CORR GBP_JPY=+0.97,,,
2026-09-08T11:34:56.217655+00:00,GBP_JPY,WAIT,18,40,40,208.746,UPPER_MID,S=NA(0) R=214.49949999999998(4),CORR EUR_JPY=+0.97,,,
2026-09-08T11:34:56.217659+00:00,EUR_USD,WAIT,16,20,20,1.16153,UPPER_25,S=1.1576133333333334(3) R=1.1631399999999998(2),CORR USD_JPY=-0.40,,,
2026-09-08T11:40:31.981687+00:00,USD_JPY,WAIT,11,40,40,154.222,UPPER_MID,S=NA(0) R=157.918(1),CORR EUR_JPY=+0.94,,,
2026-09-08T11:40:31.981698+00:00,EUR_JPY,WAIT,11,40,40,179.137,UPPER_MID,S=NA(0) R=185.5115(8),CORR GBP_JPY=+0.97,,,
2026-09-08T11:40:31.981703+00:00,GBP_JPY,WAIT,18,40,40,208.746,UPPER_MID,S=NA(0) R=214.49949999999998(4),CORR EUR_JPY=+0.97,,,
2026-09-08T11:40:31.981708+00:00,EUR_USD,WAIT,16,20,20,1.16153,UPPER_25,S=1.1576133333333334(3) R=1.1631399999999998(2),CORR USD_JPY=-0.40,,,
2026-09-08T11:46:09.235089+00:00,USD_JPY,WAIT,11,47,47,154.255,UPPER_MID,S=NA(0) R=157.918(1),CORR EUR_JPY=+0.94,,,
2026-09-08T11:46:09.235098+00:00,EUR_JPY,WAIT,11,47,47,179.139,UPPER_MID,S=NA(0) R=185.5115(8),CORR GBP_JPY=+0.97,,,
2026-09-08T11:46:09.235105+00:00,GBP_JPY,WAIT,18,33,33,208.817,UPPER_MID,S=NA(0) R=214.49949999999998(4),CORR EUR_JPY=+0.97,,,
2026-09-08T11:46:09.235110+00:00,EUR_USD,WAIT,16,31,31,1.16129,UPPER_25,S=1.1576133333333334(3) R=1.1631399999999998(2),CORR USD_JPY=-0.40,,,
2026-09-08T11:51:46.315407+00:00,USD_JPY,WAIT,11,47,47,154.255,UPPER_MID,S=NA(0) R=157.918(1),CORR EUR_JPY=+0.94,,,
2026-09-08T11:51:46.315417+00:00,EUR_JPY,WAIT,11,47,47,179.139,UPPER_MID,S=NA(0) R=185.5115(8),CORR GBP_JPY=+0.97,,,
2026-09-08T11:51:46.315423+00:00,GBP_JPY,WAIT,18,33,33,208.817,UPPER_MID,S=NA(0) R=214.49949999999998(4),CORR EUR_JPY=+0.97,,,
2026-09-08T11:51:46.315427+00:00,EUR_USD,WAIT,16,31,31,1.16129,UPPER_25,S=1.1576133333333334(3) R=1.1631399999999998(2),CORR USD_JPY=-0.40,,,
2026-09-08T11:57:23.097466+00:00,USD_JPY,WAIT,11,47,47,154.255,UPPER_MID,S=NA(0) R=157.918(1),CORR EUR_JPY=+0.94,,,
2026-09-08T11:57:23.097476+00:00,EUR_JPY,WAIT,11,47,47,179.139,UPPER_MID,S=NA(0) R=185.5115(8),CORR GBP_JPY=+0.97,,,
2026-09-08T11:57:23.097481+00:00,GBP_JPY,WAIT,18,33,33,208.817,UPPER_MID,S=NA(0) R=214.49949999999998(4),CORR EUR_JPY=+0.97,,,
2026-09-08T11:57:23.097485+00:00,EUR_USD,WAIT,16,31,31,1.16129,UPPER_25,S=1.1576133333333334(3) R=1.1631399999999998(2),CORR USD_JPY=-0.40,,,
2026-09-08T12:03:00.417151+00:00,USD_JPY,WAIT,11,54,54,154.265,UPPER_MID,S=NA(0) R=157.918(1),CORR EUR_JPY=+0.94,,,
2026-09-08T12:03:00.417162+00:00,EUR_JPY,WAIT,11,54,54,179.155,UPPER_MID,S=NA(0) R=185.5115(8),CORR GBP_JPY=+0.97,,,
2026-09-08T12:03:00.417168+00:00,GBP_JPY,WAIT,11,33,33,208.946,UPPER_MID,S=NA(0) R=214.49949999999998(4),CORR EUR_JPY=+0.97,,,
2026-09-08T12:03:00.417173+00:00,EUR_USD,WAIT,16,20,20,1.16133,UPPER_25,S=1.1576133333333334(3) R=1.1631399999999998(2),CORR USD_JPY=-0.40,,,
2026-09-08T12:08:37.658643+00:00,USD_JPY,WAIT,11,54,54,154.265,UPPER_MID,S=NA(0) R=157.918(1),CORR EUR_JPY=+0.94,,,
2026-09-08T12:08:37.658653+00:00,EUR_JPY,WAIT,11,54,54,179.155,UPPER_MID,S=NA(0) R=185.5115(8),CORR GBP_JPY=+0.97,,,
2026-09-08T12:08:37.658658+00:00,GBP_JPY,WAIT,11,33,33,208.946,UPPER_MID,S=NA(0) R=214.49949999999998(4),CORR EUR_JPY=+0.97,,,
2026-09-08T12:08:37.658663+00:00,EUR_USD,WAIT,16,20,20,1.16133,UPPER_25,S=1.1576133333333334(3) R=1.1631399999999998(2),CORR USD_JPY=-0.40,,,
2026-09-08T12:14:14.262332+00:00,USD_JPY,WAIT,11,54,54,154.265,UPPER_MID,S=NA(0) R=157.918(1),CORR EUR_JPY=+0.94,,,
2026-09-08T12:14:14.262343+00:00,EUR_JPY,WAIT,11,54,54,179.155,UPPER_MID,S=NA(0) R=185.5115(8),CORR GBP_JPY=+0.97,,,
2026-09-08T12:14:14.262348+00:00,GBP_JPY,WAIT,11,33,33,208.946,UPPER_MID,S=NA(0) R=214.49949999999998(4),CORR EUR_JPY=+0.97,,,
2026-09-08T12:14:14.262352+00:00,EUR_USD,WAIT,16,20,20,1.16133,UPPER_25,S=1.1576133333333334(3) R=1.1631399999999998(2),CORR USD_JPY=-0.40,,,
2026-09-08T12:19:51.870549+00:00,USD_JPY,WAIT,11,54,54,154.222,UPPER_MID,S=NA(0) R=157.918(1),CORR EUR_JPY=+0.94,,,
2026-09-08T12:19:51.870560+00:00,EUR_JPY,WAIT,11,61,61,179.097,UPPER_MID,S=NA(0) R=185.5115(8),CORR GBP_JPY=+0.97,,,
2026-09-08T12:19:51.870566+00:00,GBP_JPY,WAIT,11,61,61,208.9,UPPER_MID,S=NA(0) R=214.49949999999998(4),CORR EUR_JPY=+0.97,,,
2026-09-08T12:19:51.870570+00:00,EUR_USD,WAIT,16,20,20,1.16127,UPPER_25,S=1.1576133333333334(3) R=1.1631399999999998(2),CORR USD_JPY=-0.40,,,
2026-09-08T12:25:28.600044+00:00,USD_JPY,WAIT,11,54,54,154.222,UPPER_MID,S=NA(0) R=157.918(1),CORR EUR_JPY=+0.94,,,
2026-09-08T12:25:28.600057+00:00,EUR_JPY,WAIT,11,61,61,179.097,UPPER_MID,S=NA(0) R=185.5115(8),CORR GBP_JPY=+0.97,,,
2026-09-08T12:25:28.600062+00:00,GBP_JPY,WAIT,11,61,61,208.9,UPPER_MID,S=NA(0) R=214.49949999999998(4),CORR EUR_JPY=+0.97,,,
2026-09-08T12:25:28.600066+00:00,EUR_USD,WAIT,16,20,20,1.16127,UPPER_25,S=1.1576133333333334(3) R=1.1631399999999998(2),CORR USD_JPY=-0.40,,,
2026-09-08T12:26:35.052243+00:00,USD_JPY,WAIT,11,54,54,154.222,UPPER_MID,S=NA(0) R=157.918(1),CORR EUR_JPY=+0.94,,,
2026-09-08T12:26:35.052264+00:00,EUR_JPY,WAIT,11,61,61,179.097,UPPER_MID,S=NA(0) R=185.5115(8),CORR GBP_JPY=+0.97,,,
2026-09-08T12:26:35.052275+00:00,GBP_JPY,WAIT,11,61,61,208.9,UPPER_MID,S=NA(0) R=214.49949999999998(4),CORR EUR_JPY=+0.97,,,
2026-09-08T12:26:35.052285+00:00,EUR_USD,WAIT,16,20,20,1.16127,UPPER_25,S=1.1576133333333334(3) R=1.1631399999999998(2),CORR USD_JPY=-0.40,,,
2026-09-08T12:32:19.066472+00:00,USD_JPY,WAIT,0,54,54,153.966,UPPER_MID,S=NA(0) R=157.918(1),CORR EUR_JPY=+0.94,,,
2026-09-08T12:32:19.066496+00:00,EUR_JPY,WAIT,0,54,54,178.856,UPPER_MID,S=NA(0) R=185.5115(8),CORR GBP_JPY=+0.97,,,
2026-09-08T12:32:19.066508+00:00,GBP_JPY,WAIT,0,54,54,208.645,UPPER_MID,S=NA(0) R=214.49949999999998(4),CORR EUR_JPY=+0.97,,,
2026-09-08T12:32:19.066519+00:00,EUR_USD,WAIT,27,20,27,1.16163,UPPER_25,S=1.1576133333333334(3) R=1.1631399999999998(2),CORR USD_JPY=-0.40,,,
2026-09-08T12:38:01.509826+00:00,USD_JPY,WAIT,0,54,54,153.966,UPPER_MID,S=NA(0) R=157.918(1),CORR EUR_JPY=+0.94,,,
2026-09-08T12:38:01.509848+00:00,EUR_JPY,WAIT,0,54,54,178.856,UPPER_MID,S=NA(0) R=185.5115(8),CORR GBP_JPY=+0.97,,,
2026-09-08T12:38:01.509860+00:00,GBP_JPY,WAIT,0,54,54,208.645,UPPER_MID,S=NA(0) R=214.49949999999998(4),CORR EUR_JPY=+0.97,,,
2026-09-08T12:38:01.509872+00:00,EUR_USD,WAIT,27,20,27,1.16163,UPPER_25,S=1.1576133333333334(3) R=1.1631399999999998(2),CORR USD_JPY=-0.40,,,
2026-09-08T12:43:45.510468+00:00,USD_JPY,WAIT,0,54,54,153.966,UPPER_MID,S=NA(0) R=157.918(1),CORR EUR_JPY=+0.94,,,
2026-09-08T12:43:45.510493+00:00,EUR_JPY,WAIT,0,54,54,178.856,UPPER_MID,S=NA(0) R=185.5115(8),CORR GBP_JPY=+0.97,,,
2026-09-08T12:43:45.510507+00:00,GBP_JPY,WAIT,0,54,54,208.645,UPPER_MID,S=NA(0) R=214.49949999999998(4),CORR EUR_JPY=+0.97,,,
2026-09-08T12:43:45.510517+00:00,EUR_USD,WAIT,27,20,27,1.16163,UPPER_25,S=1.1576133333333334(3) R=1.1631399999999998(2),CORR USD_JPY=-0.40,,,
2026-09-08T12:49:29.277073+00:00,USD_JPY,WAIT,0,61,61,153.969,UPPER_MID,S=NA(0) R=157.918(1),CORR EUR_JPY=+0.94,,,
2026-09-08T12:49:29.277097+00:00,EUR_JPY,WAIT,0,54,54,178.846,UPPER_MID,S=NA(0) R=185.5115(8),CORR GBP_JPY=+0.97,,,
2026-09-08T12:49:29.277115+00:00,GBP_JPY,WAIT,0,54,54,208.633,UPPER_MID,S=NA(0) R=214.49949999999998(4),CORR EUR_JPY=+0.97,,,
2026-09-08T12:49:29.277126+00:00,EUR_USD,WAIT,20,20,20,1.16157,UPPER_25,S=1.1576133333333334(3) R=1.1631399999999998(2),CORR USD_JPY=-0.40,,,
2026-09-08T12:55:12.633858+00:00,USD_JPY,WAIT,0,61,61,153.969,UPPER_MID,S=NA(0) R=157.918(1),CORR EUR_JPY=+0.94,,,
2026-09-08T12:55:12.633883+00:00,EUR_JPY,WAIT,0,54,54,178.846,UPPER_MID,S=NA(0) R=185.5115(8),CORR GBP_JPY=+0.97,,,
2026-09-08T12:55:12.633895+00:00,GBP_JPY,WAIT,0,54,54,208.633,UPPER_MID,S=NA(0) R=214.49949999999998(4),CORR EUR_JPY=+0.97,,,
2026-09-08T12:55:12.633905+00:00,EUR_USD,WAIT,20,20,20,1.16157,UPPER_25,S=1.1576133333333334(3) R=1.1631399999999998(2),CORR USD_JPY=-0.40,,,
2026-09-08T13:00:56.475910+00:00,USD_JPY,SHORT,0,65,65,153.801,UPPER_MID,S=NA(0) R=157.918(1),CORR EUR_JPY=+0.95,1.0,1.5000000000000036,
2026-09-08T13:00:56.475944+00:00,EUR_JPY,SHORT,0,65,65,178.719,UPPER_MID,S=NA(0) R=185.5115(8),CORR GBP_JPY=+0.97,1.0,1.5,
2026-09-08T13:00:56.475957+00:00,GBP_JPY,SHORT,0,68,68,208.463,UPPER_MID,S=NA(0) R=214.49949999999998(4),CORR EUR_JPY=+0.97,1.0,1.5,
2026-09-08T13:00:56.475967+00:00,EUR_USD,WAIT,27,7,27,1.16201,UPPER_25,S=1.1576133333333334(3) R=1.1631399999999998(2),CORR USD_JPY=-0.41,,,
2026-09-08T13:06:41.330514+00:00,USD_JPY,SHORT,0,65,65,153.801,UPPER_MID,S=NA(0) R=157.918(1),CORR EUR_JPY=+0.95,1.0,1.5000000000000036,
2026-09-08T13:06:41.330548+00:00,EUR_JPY,SHORT,0,65,65,178.719,UPPER_MID,S=NA(0) R=185.5115(8),CORR GBP_JPY=+0.97,1.0,1.5,
2026-09-08T13:06:41.330569+00:00,GBP_JPY,SHORT,0,68,68,208.463,UPPER_MID,S=NA(0) R=214.49949999999998(4),CORR EUR_JPY=+0.97,1.0,1.5,
2026-09-08T13:06:41.330581+00:00,EUR_USD,WAIT,27,7,27,1.16201,UPPER_25,S=1.1576133333333334(3) R=1.1631399999999998(2),CORR USD_JPY=-0.41,,,
2026-09-08T13:12:25.676868+00:00,USD_JPY,SHORT,0,65,65,153.801,UPPER_MID,S=NA(0) R=157.918(1),CORR EUR_JPY=+0.95,1.0,1.5000000000000036,
2026-09-08T13:12:25.676914+00:00,EUR_JPY,SHORT,0,65,65,178.719,UPPER_MID,S=NA(0) R=185.5115(8),CORR GBP_JPY=+0.97,1.0,1.5,
2026-09-08T13:12:25.676930+00:00,GBP_JPY,SHORT,0,68,68,208.463,UPPER_MID,S=NA(0) R=214.49949999999998(4),CORR EUR_JPY=+0.97,1.0,1.5,
2026-09-08T13:12:25.676942+00:00,EUR_USD,WAIT,27,7,27,1.16201,UPPER_25,S=1.1576133333333334(3) R=1.1631399999999998(2),CORR USD_JPY=-0.41,,,
2026-09-08T13:18:07.794320+00:00,USD_JPY,WAIT,0,58,58,153.861,UPPER_MID,S=NA(0) R=157.918(1),CORR EUR_JPY=+0.95,,,
2026-09-08T13:18:07.794341+00:00,EUR_JPY,WAIT,0,58,58,178.84,UPPER_MID,S=NA(0) R=185.5115(8),CORR GBP_JPY=+0.97,,,
2026-09-08T13:18:07.794355+00:00,GBP_JPY,WAIT,0,54,54,208.574,UPPER_MID,S=NA(0) R=214.49949999999998(4),CORR EUR_JPY=+0.97,,,
2026-09-08T13:18:07.794367+00:00,EUR_USD,WAIT,11,5,11,1.16237,UPPER_25,S=1.1576133333333334(3) R=1.1641(1),CORR USD_JPY=-0.41,,,
2026-09-08T13:23:50.847124+00:00,USD_JPY,WAIT,0,58,58,153.861,UPPER_MID,S=NA(0) R=157.918(1),CORR EUR_JPY=+0.95,,,
2026-09-08T13:23:50.847137+00:00,EUR_JPY,WAIT,0,58,58,178.84,UPPER_MID,S=NA(0) R=185.5115(8),CORR GBP_JPY=+0.97,,,
2026-09-08T13:23:50.847144+00:00,GBP_JPY,WAIT,0,54,54,208.574,UPPER_MID,S=NA(0) R=214.49949999999998(4),CORR EUR_JPY=+0.97,,,
2026-09-08T13:23:50.847150+00:00,EUR_USD,WAIT,11,5,11,1.16237,UPPER_25,S=1.1576133333333334(3) R=1.1641(1),CORR USD_JPY=-0.41,,,
2026-09-08T13:29:34.043444+00:00,USD_JPY,WAIT,0,58,58,153.861,UPPER_MID,S=NA(0) R=157.918(1),CORR EUR_JPY=+0.95,,,
2026-09-08T13:29:34.043470+00:00,EUR_JPY,WAIT,0,58,58,178.84,UPPER_MID,S=NA(0) R=185.5115(8),CORR GBP_JPY=+0.97,,,
2026-09-08T13:29:34.043482+00:00,GBP_JPY,WAIT,0,54,54,208.574,UPPER_MID,S=NA(0) R=214.49949999999998(4),CORR EUR_JPY=+0.97,,,
2026-09-08T13:29:34.043492+00:00,EUR_USD,WAIT,11,5,11,1.16237,UPPER_25,S=1.1576133333333334(3) R=1.1641(1),CORR USD_JPY=-0.41,,,
2026-09-08T13:30:55.767499+00:00,USD_JPY,WAIT,0,58,58,153.861,UPPER_MID,S=NA(0) R=157.918(1),CORR EUR_JPY=+0.95,,,
2026-09-08T13:30:55.767519+00:00,EUR_JPY,SHORT,0,72,72,178.73,UPPER_MID,S=NA(0) R=185.5115(8),CORR GBP_JPY=+0.97,1.0,1.5,
2026-09-08T13:30:55.767533+00:00,GBP_JPY,SHORT,0,72,72,208.434,UPPER_MID,S=NA(0) R=214.49949999999998(4),CORR EUR_JPY=+0.97,1.0,1.5,
2026-09-08T13:30:55.767546+00:00,EUR_USD,WAIT,27,5,27,1.16223,UPPER_25,S=1.1576133333333334(3) R=1.1641(1),CORR USD_JPY=-0.41,,,
2026-09-08T13:36:52.692220+00:00,USD_JPY,SHORT,0,65,65,153.78,UPPER_MID,S=NA(0) R=157.918(1),CORR EUR_JPY=+0.95,1.0,1.5000000000000033,
2026-09-08T13:36:52.692257+00:00,EUR_JPY,SHORT,0,72,72,178.73,UPPER_MID,S=NA(0) R=185.5115(8),CORR GBP_JPY=+0.97,1.0,1.5,
2026-09-08T13:36:52.692273+00:00,GBP_JPY,SHORT,0,72,72,208.434,UPPER_MID,S=NA(0) R=214.49949999999998(4),CORR EUR_JPY=+0.97,1.0,1.5,
2026-09-08T13:36:52.692284+00:00,EUR_USD,WAIT,27,5,27,1.16223,UPPER_25,S=1.1576133333333334(3) R=1.1641(1),CORR USD_JPY=-0.41,,,
2026-09-08T13:42:51.410113+00:00,USD_JPY,SHORT,0,65,65,153.78,UPPER_MID,S=NA(0) R=157.918(1),CORR EUR_JPY=+0.95,1.0,1.5000000000000033,
2026-09-08T13:42:51.410148+00:00,EUR_JPY,SHORT,0,72,72,178.73,UPPER_MID,S=NA(0) R=185.5115(8),CORR GBP_JPY=+0.97,1.0,1.5,
2026-09-08T13:42:51.410162+00:00,GBP_JPY,SHORT,0,72,72,208.434,UPPER_MID,S=NA(0) R=214.49949999999998(4),CORR EUR_JPY=+0.97,1.0,1.5,
2026-09-08T13:42:51.410172+00:00,EUR_USD,WAIT,27,5,27,1.16223,UPPER_25,S=1.1576133333333334(3) R=1.1641(1),CORR USD_JPY=-0.41,,,
2026-09-08T13:48:48.492218+00:00,USD_JPY,WAIT,0,58,58,153.891,UPPER_MID,S=NA(0) R=157.918(1),CORR EUR_JPY=+0.95,,,
2026-09-08T13:48:48.492232+00:00,EUR_JPY,WAIT,0,58,58,178.842,UPPER_MID,S=NA(0) R=185.5115(8),CORR GBP_JPY=+0.97,,,
2026-09-08T13:48:48.492240+00:00,GBP_JPY,WAIT,0,58,58,208.557,UPPER_MID,S=NA(0) R=214.49949999999998(4),CORR EUR_JPY=+0.97,,,
2026-09-08T13:48:48.492245+00:00,EUR_USD,WAIT,20,7,20,1.16212,UPPER_25,S=1.1576133333333334(3) R=1.1631399999999998(2),CORR USD_JPY=-0.41,,,
2026-09-08T13:54:45.078868+00:00,USD_JPY,WAIT,0,58,58,153.891,UPPER_MID,S=NA(0) R=157.918(1),CORR EUR_JPY=+0.95,,,
2026-09-08T13:54:45.078890+00:00,EUR_JPY,WAIT,0,58,58,178.842,UPPER_MID,S=NA(0) R=185.5115(8),CORR GBP_JPY=+0.97,,,
2026-09-08T13:54:45.078902+00:00,GBP_JPY,WAIT,0,58,58,208.557,UPPER_MID,S=NA(0) R=214.49949999999998(4),CORR EUR_JPY=+0.97,,,
2026-09-08T13:54:45.078912+00:00,EUR_USD,WAIT,20,7,20,1.16212,UPPER_25,S=1.1576133333333334(3) R=1.1631399999999998(2),CORR USD_JPY=-0.41,,,
2026-09-08T14:00:44.613929+00:00,USD_JPY,WAIT,0,58,58,153.891,UPPER_MID,S=NA(0) R=157.918(1),CORR EUR_JPY=+0.95,,,
2026-09-08T14:00:44.613950+00:00,EUR_JPY,WAIT,0,58,58,178.842,UPPER_MID,S=NA(0) R=185.5115(8),CORR GBP_JPY=+0.97,,,
2026-09-08T14:00:44.613962+00:00,GBP_JPY,WAIT,0,58,58,208.438,UPPER_MID,S=NA(0) R=214.49949999999998(4),CORR EUR_JPY=+0.97,,,
2026-09-08T14:00:44.613971+00:00,EUR_USD,WAIT,20,5,20,1.16219,UPPER_25,S=1.1576133333333334(3) R=1.1641(1),CORR USD_JPY=-0.41,,,
2026-09-08T14:06:47.103891+00:00,USD_JPY,WAIT,0,58,58,153.81,UPPER_MID,S=NA(0) R=157.918(1),CORR EUR_JPY=+0.95,,,
2026-09-08T14:06:47.103914+00:00,EUR_JPY,WAIT,0,58,58,178.761,UPPER_MID,S=NA(0) R=185.5115(8),CORR GBP_JPY=+0.97,,,
2026-09-08T14:06:47.103925+00:00,GBP_JPY,WAIT,0,58,58,208.438,UPPER_MID,S=NA(0) R=214.49949999999998(4),CORR EUR_JPY=+0.97,,,
2026-09-08T14:06:47.103936+00:00,EUR_USD,WAIT,20,5,20,1.16219,UPPER_25,S=1.1576133333333334(3) R=1.1641(1),CORR USD_JPY=-0.41,,,
2026-09-08T14:12:46.911102+00:00,USD_JPY,WAIT,0,58,58,153.81,UPPER_MID,S=NA(0) R=157.918(1),CORR EUR_JPY=+0.95,,,
2026-09-08T14:12:46.911124+00:00,EUR_JPY,WAIT,0,58,58,178.761,UPPER_MID,S=NA(0) R=185.5115(8),CORR GBP_JPY=+0.97,,,
2026-09-08T14:12:46.911135+00:00,GBP_JPY,WAIT,0,58,58,208.438,UPPER_MID,S=NA(0) R=214.49949999999998(4),CORR EUR_JPY=+0.97,,,
2026-09-08T14:12:46.911146+00:00,EUR_USD,WAIT,20,5,20,1.16219,UPPER_25,S=1.1576133333333334(3) R=1.1641(1),CORR USD_JPY=-0.41,,,
2026-09-08T14:18:44.913504+00:00,USD_JPY,WAIT,0,47,47,154.124,UPPER_MID,S=NA(0) R=157.918(1),CORR EUR_JPY=+0.95,,,
2026-09-08T14:18:44.913525+00:00,EUR_JPY,WAIT,0,47,47,179.09,UPPER_MID,S=NA(0) R=185.5115(8),CORR GBP_JPY=+0.97,,,
2026-09-08T14:18:44.913539+00:00,GBP_JPY,WAIT,0,47,47,208.735,UPPER_MID,S=NA(0) R=214.49949999999998(4),CORR EUR_JPY=+0.97,,,
2026-09-08T14:18:44.913551+00:00,EUR_USD,WAIT,20,7,20,1.16198,UPPER_25,S=1.1576133333333334(3) R=1.1631399999999998(2),CORR USD_JPY=-0.41,,,
2026-09-08T14:24:43.363919+00:00,USD_JPY,WAIT,0,47,47,154.124,UPPER_MID,S=NA(0) R=157.918(1),CORR EUR_JPY=+0.95,,,
2026-09-08T14:24:43.363937+00:00,EUR_JPY,WAIT,0,47,47,179.09,UPPER_MID,S=NA(0) R=185.5115(8),CORR GBP_JPY=+0.97,,,
2026-09-08T14:24:43.363955+00:00,GBP_JPY,WAIT,0,47,47,208.735,UPPER_MID,S=NA(0) R=214.49949999999998(4),CORR EUR_JPY=+0.97,,,
2026-09-08T14:24:43.363966+00:00,EUR_USD,WAIT,20,7,20,1.16198,UPPER_25,S=1.1576133333333334(3) R=1.1631399999999998(2),CORR USD_JPY=-0.41,,,
2026-09-08T14:30:41.090486+00:00,USD_JPY,WAIT,0,47,47,154.124,UPPER_MID,S=NA(0) R=157.918(1),CORR EUR_JPY=+0.95,,,
2026-09-08T14:30:41.090503+00:00,EUR_JPY,WAIT,0,47,47,179.09,UPPER_MID,S=NA(0) R=185.5115(8),CORR GBP_JPY=+0.97,,,
2026-09-08T14:30:41.090510+00:00,GBP_JPY,WAIT,11,47,47,208.776,UPPER_MID,S=NA(0) R=214.49949999999998(4),CORR EUR_JPY=+0.97,,,
2026-09-08T14:30:41.090516+00:00,EUR_USD,WAIT,18,5,18,1.16258,UPPER_25,S=1.1576133333333334(3) R=1.1641(1),CORR USD_JPY=-0.41,,,
2026-09-08T14:36:37.067306+00:00,USD_JPY,WAIT,0,54,54,154.048,UPPER_MID,S=NA(0) R=157.918(1),CORR EUR_JPY=+0.95,,,
2026-09-08T14:36:37.067328+00:00,EUR_JPY,WAIT,11,54,54,179.094,UPPER_MID,S=NA(0) R=185.5115(8),CORR GBP_JPY=+0.97,,,
2026-09-08T14:36:37.067336+00:00,GBP_JPY,WAIT,11,54,54,208.776,UPPER_MID,S=NA(0) R=214.49949999999998(4),CORR EUR_JPY=+0.97,,,
2026-09-08T14:36:37.067341+00:00,EUR_USD,WAIT,18,5,18,1.16258,UPPER_25,S=1.1576133333333334(3) R=1.1641(1),CORR USD_JPY=-0.41,,,
2026-09-08T14:38:03.803462+00:00,USD_JPY,WAIT,0,54,54,154.048,UPPER_MID,S=NA(0) R=157.918(1),CORR EUR_JPY=+0.95,,,
2026-09-08T14:38:03.803482+00:00,EUR_JPY,WAIT,11,54,54,179.094,UPPER_MID,S=NA(0) R=185.5115(8),CORR GBP_JPY=+0.97,,,
2026-09-08T14:38:03.803492+00:00,GBP_JPY,WAIT,11,54,54,208.776,UPPER_MID,S=NA(0) R=214.49949999999998(4),CORR EUR_JPY=+0.97,,,
2026-09-08T14:38:03.803501+00:00,EUR_USD,WAIT,18,5,18,1.16258,UPPER_25,S=1.1576133333333334(3) R=1.1641(1),CORR USD_JPY=-0.41,,,
2026-09-08T14:44:04.233487+00:00,USD_JPY,WAIT,0,54,54,154.048,UPPER_MID,S=NA(0) R=157.918(1),CORR EUR_JPY=+0.95,,,
2026-09-08T14:44:04.233506+00:00,EUR_JPY,WAIT,11,54,54,179.094,UPPER_MID,S=NA(0) R=185.5115(8),CORR GBP_JPY=+0.97,,,
2026-09-08T14:44:04.233520+00:00,GBP_JPY,WAIT,11,54,54,208.776,UPPER_MID,S=NA(0) R=214.49949999999998(4),CORR EUR_JPY=+0.97,,,
2026-09-08T14:44:04.233531+00:00,EUR_USD,WAIT,18,5,18,1.16258,UPPER_25,S=1.1576133333333334(3) R=1.1641(1),CORR USD_JPY=-0.41,,,
2026-09-08T14:50:07.813901+00:00,USD_JPY,WAIT,11,54,54,154.024,UPPER_MID,S=NA(0) R=157.918(1),CORR EUR_JPY=+0.95,,,
2026-09-08T14:50:07.813921+00:00,EUR_JPY,WAIT,11,47,47,179.132,UPPER_MID,S=NA(0) R=185.5115(8),CORR GBP_JPY=+0.97,,,
2026-09-08T14:50:07.813932+00:00,GBP_JPY,WAIT,11,54,54,208.769,UPPER_MID,S=NA(0) R=214.49949999999998(4),CORR EUR_JPY=+0.97,,,
2026-09-08T14:50:07.813944+00:00,EUR_USD,WAIT,11,5,11,1.16302,UPPER_25,S=1.1576133333333334(3) R=1.1641(1),CORR USD_JPY=-0.41,,,
2026-09-08T14:56:08.972103+00:00,USD_JPY,WAIT,11,47,47,154.024,UPPER_MID,S=NA(0) R=157.918(1),CORR EUR_JPY=+0.95,,,
2026-09-08T14:56:08.972123+00:00,EUR_JPY,WAIT,11,47,47,179.132,UPPER_MID,S=NA(0) R=185.5115(8),CORR GBP_JPY=+0.97,,,
2026-09-08T14:56:08.972134+00:00,GBP_JPY,WAIT,11,47,47,208.769,UPPER_MID,S=NA(0) R=214.49949999999998(4),CORR EUR_JPY=+0.97,,,
2026-09-08T14:56:08.972143+00:00,EUR_USD,WAIT,11,5,11,1.16302,UPPER_25,S=1.1576133333333334(3) R=1.1641(1),CORR USD_JPY=-0.41,,,
2026-09-08T15:02:12.933422+00:00,USD_JPY,WAIT,11,47,47,154.003,UPPER_MID,S=NA(0) R=157.918(1),CORR EUR_JPY=+0.95,,,
2026-09-08T15:02:12.933440+00:00,EUR_JPY,WAIT,11,61,61,179.123,UPPER_MID,S=NA(0) R=185.5115(8),CORR GBP_JPY=+0.97,,,
2026-09-08T15:02:12.933451+00:00,GBP_JPY,WAIT,11,47,47,208.717,UPPER_MID,S=NA(0) R=214.49949999999998(4),CORR EUR_JPY=+0.97,,,
2026-09-08T15:02:12.933460+00:00,EUR_USD,WAIT,18,5,18,1.16309,UPPER_25,S=1.1576133333333334(3) R=1.1641(1),CORR USD_JPY=-0.39,,,
2026-09-08T15:08:14.545979+00:00,USD_JPY,WAIT,11,47,47,154.003,UPPER_MID,S=NA(0) R=157.918(1),CORR EUR_JPY=+0.95,,,
2026-09-08T15:08:14.545998+00:00,EUR_JPY,WAIT,11,61,61,179.123,UPPER_MID,S=NA(0) R=185.5115(8),CORR GBP_JPY=+0.97,,,
2026-09-08T15:08:14.546012+00:00,GBP_JPY,WAIT,11,47,47,208.717,UPPER_MID,S=NA(0) R=214.49949999999998(4),CORR EUR_JPY=+0.97,,,
2026-09-08T15:08:14.546020+00:00,EUR_USD,WAIT,18,5,18,1.16309,UPPER_25,S=1.1576133333333334(3) R=1.1641(1),CORR USD_JPY=-0.39,,,
2026-09-08T15:14:17.160736+00:00,USD_JPY,WAIT,11,47,47,154.003,UPPER_MID,S=NA(0) R=157.918(1),CORR EUR_JPY=+0.95,,,
2026-09-08T15:14:17.160755+00:00,EUR_JPY,WAIT,11,61,61,179.123,UPPER_MID,S=NA(0) R=185.5115(8),CORR GBP_JPY=+0.97,,,
2026-09-08T15:14:17.160767+00:00,GBP_JPY,WAIT,11,47,47,208.717,UPPER_MID,S=NA(0) R=214.49949999999998(4),CORR EUR_JPY=+0.97,,,
2026-09-08T15:14:17.160778+00:00,EUR_USD,WAIT,18,5,18,1.16309,UPPER_25,S=1.1576133333333334(3) R=1.1641(1),CORR USD_JPY=-0.39,,,
2026-09-08T15:20:19.529133+00:00,USD_JPY,WAIT,18,47,47,154.195,UPPER_MID,S=NA(0) R=157.918(1),CORR EUR_JPY=+0.95,,,
2026-09-08T15:20:19.529152+00:00,EUR_JPY,WAIT,18,47,47,179.35,UPPER_MID,S=NA(0) R=185.5115(8),CORR GBP_JPY=+0.97,,,
2026-09-08T15:20:19.529163+00:00,GBP_JPY,WAIT,18,47,47,208.925,UPPER_MID,S=NA(0) R=214.49949999999998(4),CORR EUR_JPY=+0.97,,,
2026-09-08T15:20:19.529174+00:00,EUR_USD,WAIT,18,5,18,1.16311,UPPER_25,S=1.1576133333333334(3) R=1.1641(1),CORR USD_JPY=-0.39,,,
2026-09-08T15:26:24.505460+00:00,USD_JPY,WAIT,18,47,47,154.195,UPPER_MID,S=NA(0) R=157.918(1),CORR EUR_JPY=+0.95,,,
2026-09-08T15:26:24.505480+00:00,EUR_JPY,WAIT,18,47,47,179.35,UPPER_MID,S=NA(0) R=185.5115(8),CORR GBP_JPY=+0.97,,,
2026-09-08T15:26:24.505493+00:00,GBP_JPY,WAIT,18,47,47,208.925,UPPER_MID,S=NA(0) R=214.49949999999998(4),CORR EUR_JPY=+0.97,,,
2026-09-08T15:26:24.505504+00:00,EUR_USD,WAIT,18,5,18,1.16311,UPPER_25,S=1.1576133333333334(3) R=1.1641(1),CORR USD_JPY=-0.39,,,
2026-09-08T15:32:28.461529+00:00,USD_JPY,WAIT,11,54,54,154.205,UPPER_MID,S=NA(0) R=157.918(1),CORR EUR_JPY=+0.95,,,
2026-09-08T15:32:28.461549+00:00,EUR_JPY,SHORT,11,68,68,179.333,UPPER_MID,S=NA(0) R=185.5115(8),CORR GBP_JPY=+0.97,1.0,1.5,
2026-09-08T15:32:28.461562+00:00,GBP_JPY,SHORT,11,64,64,208.898,UPPER_MID,S=NA(0) R=214.49949999999998(4),CORR EUR_JPY=+0.97,1.0,1.5,
2026-09-08T15:32:28.461574+00:00,EUR_USD,WAIT,11,5,11,1.16293,UPPER_25,S=1.1576133333333334(3) R=1.1641(1),CORR USD_JPY=-0.39,,,
2026-09-08T15:38:29.092703+00:00,USD_JPY,WAIT,11,54,54,154.205,UPPER_MID,S=NA(0) R=157.918(1),CORR EUR_JPY=+0.95,,,
2026-09-08T15:38:29.092718+00:00,EUR_JPY,SHORT,11,68,68,179.333,UPPER_MID,S=NA(0) R=185.5115(8),CORR GBP_JPY=+0.97,1.0,1.5,
2026-09-08T15:38:29.092726+00:00,GBP_JPY,SHORT,11,64,64,208.898,UPPER_MID,S=NA(0) R=214.49949999999998(4),CORR EUR_JPY=+0.97,1.0,1.5,
2026-09-08T15:38:29.092732+00:00,EUR_USD,WAIT,11,5,11,1.16293,UPPER_25,S=1.1576133333333334(3) R=1.1641(1),CORR USD_JPY=-0.39,,,
2026-09-08T15:44:31.334825+00:00,USD_JPY,WAIT,11,54,54,154.205,UPPER_MID,S=NA(0) R=157.918(1),CORR EUR_JPY=+0.95,,,
2026-09-08T15:44:31.334850+00:00,EUR_JPY,SHORT,11,68,68,179.333,UPPER_MID,S=NA(0) R=185.5115(8),CORR GBP_JPY=+0.97,1.0,1.5,
2026-09-08T15:44:31.334864+00:00,GBP_JPY,SHORT,11,64,64,208.898,UPPER_MID,S=NA(0) R=214.49949999999998(4),CORR EUR_JPY=+0.97,1.0,1.5,
2026-09-08T15:44:31.334875+00:00,EUR_USD,WAIT,11,5,11,1.16293,UPPER_25,S=1.1576133333333334(3) R=1.1641(1),CORR USD_JPY=-0.39,,,
2026-09-08T15:45:40.659577+00:00,USD_JPY,WAIT,11,54,54,154.205,UPPER_MID,S=NA(0) R=157.918(1),CORR EUR_JPY=+0.95,,,
2026-09-08T15:45:40.659597+00:00,EUR_JPY,SHORT,11,68,68,179.303,UPPER_MID,S=NA(0) R=185.5115(8),CORR GBP_JPY=+0.97,1.0,1.5,
2026-09-08T15:45:40.659609+00:00,GBP_JPY,SHORT,11,71,71,208.82,UPPER_MID,S=NA(0) R=214.49949999999998(4),CORR EUR_JPY=+0.97,1.0,1.5,
2026-09-08T15:45:40.659619+00:00,EUR_USD,WAIT,11,5,11,1.16274,UPPER_25,S=1.1576133333333334(3) R=1.1641(1),CORR USD_JPY=-0.39,,,
2026-09-08T15:51:25.765055+00:00,USD_JPY,WAIT,18,47,47,154.205,UPPER_MID,S=NA(0) R=157.918(1),CORR EUR_JPY=+0.95,,,
2026-09-08T15:51:25.765073+00:00,EUR_JPY,WAIT,11,61,61,179.303,UPPER_MID,S=NA(0) R=185.5115(8),CORR GBP_JPY=+0.97,,,
2026-09-08T15:51:25.765084+00:00,GBP_JPY,SHORT,11,64,64,208.82,UPPER_MID,S=NA(0) R=214.49949999999998(4),CORR EUR_JPY=+0.97,1.0,1.5,
2026-09-08T15:51:25.765095+00:00,EUR_USD,WAIT,11,5,11,1.16274,UPPER_25,S=1.1576133333333334(3) R=1.1641(1),CORR USD_JPY=-0.39,,,
2026-09-08T15:57:13.750816+00:00,USD_JPY,WAIT,18,47,47,154.205,UPPER_MID,S=NA(0) R=157.918(1),CORR EUR_JPY=+0.95,,,
2026-09-08T15:57:13.750836+00:00,EUR_JPY,WAIT,11,61,61,179.303,UPPER_MID,S=NA(0) R=185.5115(8),CORR GBP_JPY=+0.97,,,
2026-09-08T15:57:13.750848+00:00,GBP_JPY,SHORT,11,64,64,208.82,UPPER_MID,S=NA(0) R=214.49949999999998(4),CORR EUR_JPY=+0.97,1.0,1.5,
2026-09-08T15:57:13.750860+00:00,EUR_USD,WAIT,11,5,11,1.16274,UPPER_25,S=1.1576133333333334(3) R=1.1641(1),CORR USD_JPY=-0.39,,,
2026-09-08T16:03:02.485104+00:00,USD_JPY,WAIT,11,33,33,154.244,UPPER_MID,S=NA(0) R=157.918(1),CORR EUR_JPY=+0.95,,,
2026-09-08T16:03:02.485124+00:00,EUR_JPY,WAIT,11,47,47,179.33,UPPER_MID,S=NA(0) R=185.5115(8),CORR GBP_JPY=+0.97,,,
2026-09-08T16:03:02.485136+00:00,GBP_JPY,WAIT,11,61,61,208.854,UPPER_MID,S=NA(0) R=214.49949999999998(4),CORR EUR_JPY=+0.97,,,
2026-09-08T16:03:02.485148+00:00,EUR_USD,WAIT,29,5,29,1.16262,UPPER_25,S=1.1576133333333334(3) R=1.1641(1),CORR USD_JPY=-0.40,,,
2026-09-08T16:08:49.055436+00:00,USD_JPY,WAIT,11,33,33,154.244,UPPER_MID,S=NA(0) R=157.918(1),CORR EUR_JPY=+0.95,,,
2026-09-08T16:08:49.055457+00:00,EUR_JPY,WAIT,11,47,47,179.33,UPPER_MID,S=NA(0) R=185.5115(8),CORR GBP_JPY=+0.97,,,
2026-09-08T16:08:49.055471+00:00,GBP_JPY,WAIT,11,61,61,208.854,UPPER_MID,S=NA(0) R=214.49949999999998(4),CORR EUR_JPY=+0.97,,,
2026-09-08T16:08:49.055483+00:00,EUR_USD,WAIT,29,5,29,1.16262,UPPER_25,S=1.1576133333333334(3) R=1.1641(1),CORR USD_JPY=-0.40,,,
2026-09-08T16:14:36.125388+00:00,USD_JPY,WAIT,11,33,33,154.244,UPPER_MID,S=NA(0) R=157.918(1),CORR EUR_JPY=+0.95,,,
2026-09-08T16:14:36.125407+00:00,EUR_JPY,WAIT,11,47,47,179.33,UPPER_MID,S=NA(0) R=185.5115(8),CORR GBP_JPY=+0.97,,,
2026-09-08T16:14:36.125418+00:00,GBP_JPY,WAIT,11,61,61,208.854,UPPER_MID,S=NA(0) R=214.49949999999998(4),CORR EUR_JPY=+0.97,,,
2026-09-08T16:14:36.125428+00:00,EUR_USD,WAIT,29,5,29,1.16262,UPPER_25,S=1.1576133333333334(3) R=1.1641(1),CORR USD_JPY=-0.40,,,
2026-09-08T16:20:21.702272+00:00,USD_JPY,WAIT,18,33,33,154.315,UPPER_MID,S=NA(0) R=157.918(1),CORR EUR_JPY=+0.95,,,
2026-09-08T16:20:21.702289+00:00,EUR_JPY,WAIT,11,33,33,179.353,UPPER_MID,S=NA(0) R=185.5115(8),CORR GBP_JPY=+0.97,,,
2026-09-08T16:20:21.702300+00:00,GBP_JPY,SHORT,11,68,68,208.853,UPPER_MID,S=NA(0) R=214.49949999999998(4),CORR EUR_JPY=+0.97,1.0,1.5,
2026-09-08T16:20:21.702311+00:00,EUR_USD,WAIT,27,12,27,1.16223,UPPER_25,S=1.1576133333333334(3) R=1.1641(1),CORR USD_JPY=-0.40,,,
2026-09-08T16:26:08.182586+00:00,USD_JPY,WAIT,18,33,33,154.315,UPPER_MID,S=NA(0) R=157.918(1),CORR EUR_JPY=+0.95,,,
2026-09-08T16:26:08.182605+00:00,EUR_JPY,WAIT,11,33,33,179.353,UPPER_MID,S=NA(0) R=185.5115(8),CORR GBP_JPY=+0.97,,,
2026-09-08T16:26:08.182618+00:00,GBP_JPY,WAIT,11,61,61,208.853,UPPER_MID,S=NA(0) R=214.49949999999998(4),CORR EUR_JPY=+0.97,,,
2026-09-08T16:26:08.182630+00:00,EUR_USD,WAIT,27,12,27,1.16223,UPPER_25,S=1.1576133333333334(3) R=1.1641(1),CORR USD_JPY=-0.40,,,
2026-09-08T16:31:54.920338+00:00,USD_JPY,WAIT,18,40,40,154.289,UPPER_MID,S=NA(0) R=157.918(1),CORR EUR_JPY=+0.95,,,
2026-09-08T16:31:54.920358+00:00,EUR_JPY,WAIT,11,54,54,179.338,UPPER_MID,S=NA(0) R=185.5115(8),CORR GBP_JPY=+0.97,,,
2026-09-08T16:31:54.920368+00:00,GBP_JPY,WAIT,11,58,58,208.825,UPPER_MID,S=NA(0) R=214.49949999999998(4),CORR EUR_JPY=+0.97,,,
2026-09-08T16:31:54.920377+00:00,EUR_USD,WAIT,18,12,18,1.16234,UPPER_25,S=1.1576133333333334(3) R=1.1641(1),CORR USD_JPY=-0.40,,,
2026-09-08T16:37:41.517942+00:00,USD_JPY,WAIT,18,40,40,154.289,UPPER_MID,S=NA(0) R=157.918(1),CORR EUR_JPY=+0.95,,,
2026-09-08T16:37:41.517967+00:00,EUR_JPY,WAIT,11,54,54,179.338,UPPER_MID,S=NA(0) R=185.5115(8),CORR GBP_JPY=+0.97,,,
2026-09-08T16:37:41.517979+00:00,GBP_JPY,WAIT,11,58,58,208.825,UPPER_MID,S=NA(0) R=214.49949999999998(4),CORR EUR_JPY=+0.97,,,
2026-09-08T16:37:41.517990+00:00,EUR_USD,WAIT,18,12,18,1.16234,UPPER_25,S=1.1576133333333334(3) R=1.1641(1),CORR USD_JPY=-0.40,,,
2026-09-08T16:43:28.812204+00:00,USD_JPY,WAIT,18,40,40,154.289,UPPER_MID,S=NA(0) R=157.918(1),CORR EUR_JPY=+0.95,,,
2026-09-08T16:43:28.812224+00:00,EUR_JPY,WAIT,11,54,54,179.338,UPPER_MID,S=NA(0) R=185.5115(8),CORR GBP_JPY=+0.97,,,
2026-09-08T16:43:28.812236+00:00,GBP_JPY,WAIT,11,58,58,208.825,UPPER_MID,S=NA(0) R=214.49949999999998(4),CORR EUR_JPY=+0.97,,,
2026-09-08T16:43:28.812247+00:00,EUR_USD,WAIT,18,12,18,1.16234,UPPER_25,S=1.1576133333333334(3) R=1.1641(1),CORR USD_JPY=-0.40,,,
2026-09-08T16:49:14.612294+00:00,USD_JPY,WAIT,11,54,54,154.309,UPPER_MID,S=NA(0) R=157.918(1),CORR EUR_JPY=+0.95,,,
2026-09-08T16:49:14.612315+00:00,EUR_JPY,WAIT,11,50,50,179.33,UPPER_MID,S=NA(0) R=185.5115(8),CORR GBP_JPY=+0.97,,,
2026-09-08T16:49:14.612328+00:00,GBP_JPY,WAIT,11,51,51,208.808,UPPER_MID,S=NA(0) R=214.49949999999998(4),CORR EUR_JPY=+0.97,,,
2026-09-08T16:49:14.612339+00:00,EUR_USD,WAIT,27,25,27,1.16213,UPPER_25,S=1.1576133333333334(3) R=1.1631399999999998(2),CORR USD_JPY=-0.40,,,
2026-09-08T16:50:25.116540+00:00,USD_JPY,WAIT,11,54,54,154.309,UPPER_MID,S=NA(0) R=157.918(1),CORR EUR_JPY=+0.95,,,
2026-09-08T16:50:25.116564+00:00,EUR_JPY,WAIT,11,50,50,179.33,UPPER_MID,S=NA(0) R=185.5115(8),CORR GBP_JPY=+0.97,,,
2026-09-08T16:50:25.116575+00:00,GBP_JPY,WAIT,11,51,51,208.808,UPPER_MID,S=NA(0) R=214.49949999999998(4),CORR EUR_JPY=+0.97,,,
2026-09-08T16:50:25.116585+00:00,EUR_USD,WAIT,27,25,27,1.16213,UPPER_25,S=1.1576133333333334(3) R=1.1631399999999998(2),CORR USD_JPY=-0.40,,,
2026-09-08T16:56:12.704837+00:00,USD_JPY,WAIT,11,47,47,154.309,UPPER_MID,S=NA(0) R=157.918(1),CORR EUR_JPY=+0.95,,,
2026-09-08T16:56:12.704859+00:00,EUR_JPY,WAIT,11,43,43,179.33,UPPER_MID,S=NA(0) R=185.5115(8),CORR GBP_JPY=+0.97,,,
2026-09-08T16:56:12.704872+00:00,GBP_JPY,WAIT,11,51,51,208.808,UPPER_MID,S=NA(0) R=214.49949999999998(4),CORR EUR_JPY=+0.97,,,
2026-09-08T16:56:12.704883+00:00,EUR_USD,WAIT,27,25,27,1.16213,UPPER_25,S=1.1576133333333334(3) R=1.1631399999999998(2),CORR USD_JPY=-0.40,,,
2026-09-08T17:02:00.140944+00:00,USD_JPY,WAIT,11,47,47,154.273,UPPER_MID,S=NA(0) R=157.918(1),CORR EUR_JPY=+0.95,,,
2026-09-08T17:02:00.140964+00:00,EUR_JPY,WAIT,11,43,43,179.32,UPPER_MID,S=NA(0) R=185.5115(8),CORR GBP_JPY=+0.97,,,
2026-09-08T17:02:00.140976+00:00,GBP_JPY,WAIT,11,40,40,208.828,UPPER_MID,S=NA(0) R=214.49949999999998(4),CORR EUR_JPY=+0.97,,,
2026-09-08T17:02:00.140986+00:00,EUR_USD,WAIT,18,16,18,1.16233,UPPER_25,S=1.1576133333333334(3) R=1.1641(1),CORR USD_JPY=-0.40,,,
2026-09-08T17:07:47.627482+00:00,USD_JPY,WAIT,11,47,47,154.273,UPPER_MID,S=NA(0) R=157.918(1),CORR EUR_JPY=+0.95,,,
2026-09-08T17:07:47.627501+00:00,EUR_JPY,WAIT,11,43,43,179.32,UPPER_MID,S=NA(0) R=185.5115(8),CORR GBP_JPY=+0.97,,,
2026-09-08T17:07:47.627511+00:00,GBP_JPY,WAIT,11,40,40,208.828,UPPER_MID,S=NA(0) R=214.49949999999998(4),CORR EUR_JPY=+0.97,,,
2026-09-08T17:07:47.627520+00:00,EUR_USD,WAIT,18,16,18,1.16233,UPPER_25,S=1.1576133333333334(3) R=1.1641(1),CORR USD_JPY=-0.40,,,
2026-09-08T17:13:36.186257+00:00,USD_JPY,WAIT,11,47,47,154.273,UPPER_MID,S=NA(0) R=157.918(1),CORR EUR_JPY=+0.95,,,
2026-09-08T17:13:36.186276+00:00,EUR_JPY,WAIT,11,43,43,179.32,UPPER_MID,S=NA(0) R=185.5115(8),CORR GBP_JPY=+0.97,,,
2026-09-08T17:13:36.186289+00:00,GBP_JPY,WAIT,11,40,40,208.828,UPPER_MID,S=NA(0) R=214.49949999999998(4),CORR EUR_JPY=+0.97,,,
2026-09-08T17:13:36.186299+00:00,EUR_USD,WAIT,18,16,18,1.16233,UPPER_25,S=1.1576133333333334(3) R=1.1641(1),CORR USD_JPY=-0.40,,,
2026-09-08T17:19:23.781360+00:00,USD_JPY,WAIT,11,47,47,154.257,UPPER_MID,S=NA(0) R=157.918(1),CORR EUR_JPY=+0.95,,,
2026-09-08T17:19:23.781401+00:00,EUR_JPY,WAIT,18,33,33,179.345,UPPER_MID,S=NA(0) R=185.5115(8),CORR GBP_JPY=+0.97,,,
2026-09-08T17:19:23.781412+00:00,GBP_JPY,WAIT,11,33,33,208.829,UPPER_MID,S=NA(0) R=214.49949999999998(4),CORR EUR_JPY=+0.97,,,
2026-09-08T17:19:23.781422+00:00,EUR_USD,WAIT,18,5,18,1.16262,UPPER_25,S=1.1576133333333334(3) R=1.1641(1),CORR USD_JPY=-0.40,,,
2026-09-08T17:25:11.986052+00:00,USD_JPY,WAIT,11,47,47,154.257,UPPER_MID,S=NA(0) R=157.918(1),CORR EUR_JPY=+0.95,,,
2026-09-08T17:25:11.986076+00:00,EUR_JPY,WAIT,18,33,33,179.345,UPPER_MID,S=NA(0) R=185.5115(8),CORR GBP_JPY=+0.97,,,
2026-09-08T17:25:11.986088+00:00,GBP_JPY,WAIT,11,33,33,208.829,UPPER_MID,S=NA(0) R=214.49949999999998(4),CORR EUR_JPY=+0.97,,,
2026-09-08T17:25:11.986099+00:00,EUR_USD,WAIT,18,5,18,1.16262,UPPER_25,S=1.1576133333333334(3) R=1.1641(1),CORR USD_JPY=-0.40,,,
2026-09-08T17:30:59.784068+00:00,USD_JPY,WAIT,11,47,47,154.245,UPPER_MID,S=NA(0) R=157.918(1),CORR EUR_JPY=+0.95,,,
2026-09-08T17:30:59.784087+00:00,EUR_JPY,WAIT,11,33,33,179.329,UPPER_MID,S=NA(0) R=185.5115(8),CORR GBP_JPY=+0.97,,,
2026-09-08T17:30:59.784095+00:00,GBP_JPY,WAIT,11,33,33,208.812,UPPER_MID,S=NA(0) R=214.49949999999998(4),CORR EUR_JPY=+0.97,,,
2026-09-08T17:30:59.784111+00:00,EUR_USD,WAIT,18,5,18,1.16261,UPPER_25,S=1.1576133333333334(3) R=1.1641(1),CORR USD_JPY=-0.40,,,
2026-09-08T17:36:47.237195+00:00,USD_JPY,WAIT,11,47,47,154.245,UPPER_MID,S=NA(0) R=157.918(1),CORR EUR_JPY=+0.95,,,
2026-09-08T17:36:47.237216+00:00,EUR_JPY,WAIT,11,33,33,179.329,UPPER_MID,S=NA(0) R=185.5115(8),CORR GBP_JPY=+0.97,,,
2026-09-08T17:36:47.237229+00:00,GBP_JPY,WAIT,11,33,33,208.812,UPPER_MID,S=NA(0) R=214.49949999999998(4),CORR EUR_JPY=+0.97,,,
2026-09-08T17:36:47.237239+00:00,EUR_USD,WAIT,18,5,18,1.16261,UPPER_25,S=1.1576133333333334(3) R=1.1641(1),CORR USD_JPY=-0.40,,,
2026-09-08T17:42:34.536855+00:00,USD_JPY,WAIT,11,47,47,154.245,UPPER_MID,S=NA(0) R=157.918(1),CORR EUR_JPY=+0.95,,,
2026-09-08T17:42:34.536878+00:00,EUR_JPY,WAIT,11,33,33,179.329,UPPER_MID,S=NA(0) R=185.5115(8),CORR GBP_JPY=+0.97,,,
2026-09-08T17:42:34.536890+00:00,GBP_JPY,WAIT,11,33,33,208.812,UPPER_MID,S=NA(0) R=214.49949999999998(4),CORR EUR_JPY=+0.97,,,
2026-09-08T17:42:34.536900+00:00,EUR_USD,WAIT,18,5,18,1.16261,UPPER_25,S=1.1576133333333334(3) R=1.1641(1),CORR USD_JPY=-0.40,,,
2026-09-08T17:48:22.439339+00:00,USD_JPY,WAIT,11,43,43,154.28,UPPER_MID,S=NA(0) R=157.918(1),CORR EUR_JPY=+0.95,,,
2026-09-08T17:48:22.439360+00:00,EUR_JPY,WAIT,11,33,33,179.34,UPPER_MID,S=NA(0) R=185.5115(8),CORR GBP_JPY=+0.97,,,
2026-09-08T17:48:22.439392+00:00,GBP_JPY,WAIT,11,40,40,208.844,UPPER_MID,S=NA(0) R=214.49949999999998(4),CORR EUR_JPY=+0.97,,,
2026-09-08T17:48:22.439404+00:00,EUR_USD,WAIT,18,16,18,1.16243,UPPER_25,S=1.1576133333333334(3) R=1.1641(1),CORR USD_JPY=-0.40,,,
2026-09-08T17:54:12.198298+00:00,USD_JPY,WAIT,11,43,43,154.28,UPPER_MID,S=NA(0) R=157.918(1),CORR EUR_JPY=+0.95,,,
2026-09-08T17:54:12.198319+00:00,EUR_JPY,WAIT,11,33,33,179.34,UPPER_MID,S=NA(0) R=185.5115(8),CORR GBP_JPY=+0.97,,,
2026-09-08T17:54:12.198331+00:00,GBP_JPY,WAIT,11,40,40,208.844,UPPER_MID,S=NA(0) R=214.49949999999998(4),CORR EUR_JPY=+0.97,,,
2026-09-08T17:54:12.198343+00:00,EUR_USD,WAIT,18,16,18,1.16243,UPPER_25,S=1.1576133333333334(3) R=1.1641(1),CORR USD_JPY=-0.40,,,
2026-09-08T17:55:35.525232+00:00,USD_JPY,WAIT,11,43,43,154.28,UPPER_MID,S=NA(0) R=157.918(1),CORR EUR_JPY=+0.95,,,
2026-09-08T17:55:35.525244+00:00,EUR_JPY,WAIT,11,33,33,179.34,UPPER_MID,S=NA(0) R=185.5115(8),CORR GBP_JPY=+0.97,,,
2026-09-08T17:55:35.525249+00:00,GBP_JPY,WAIT,11,40,40,208.844,UPPER_MID,S=NA(0) R=214.49949999999998(4),CORR EUR_JPY=+0.97,,,
2026-09-08T17:55:35.525252+00:00,EUR_USD,WAIT,18,16,18,1.16243,UPPER_25,S=1.1576133333333334(3) R=1.1641(1),CORR USD_JPY=-0.40,,,
2026-09-08T18:01:26.835199+00:00,USD_JPY,WAIT,0,33,33,154.221,UPPER_MID,S=NA(0) R=157.918(1),CORR EUR_JPY=+0.95,,,
2026-09-08T18:01:26.835211+00:00,EUR_JPY,WAIT,11,33,33,179.3,UPPER_MID,S=NA(0) R=185.5115(8),CORR GBP_JPY=+0.97,,,
2026-09-08T18:01:26.835216+00:00,GBP_JPY,WAIT,18,33,33,208.841,UPPER_MID,S=NA(0) R=214.49949999999998(4),CORR EUR_JPY=+0.97,,,
2026-09-08T18:01:26.835219+00:00,EUR_USD,WAIT,29,5,29,1.1626,UPPER_25,S=1.1576133333333334(3) R=1.1641(1),CORR USD_JPY=-0.39,,,
2026-09-08T18:07:20.781534+00:00,USD_JPY,WAIT,0,33,33,154.221,UPPER_MID,S=NA(0) R=157.918(1),CORR EUR_JPY=+0.95,,,
2026-09-08T18:07:20.781546+00:00,EUR_JPY,WAIT,11,33,33,179.3,UPPER_MID,S=NA(0) R=185.5115(8),CORR GBP_JPY=+0.97,,,
2026-09-08T18:07:20.781550+00:00,GBP_JPY,WAIT,18,33,33,208.841,UPPER_MID,S=NA(0) R=214.49949999999998(4),CORR EUR_JPY=+0.97,,,
2026-09-08T18:07:20.781554+00:00,EUR_USD,WAIT,29,5,29,1.1626,UPPER_25,S=1.1576133333333334(3) R=1.1641(1),CORR USD_JPY=-0.39,,,
2026-09-08T18:13:11.558324+00:00,USD_JPY,WAIT,0,33,33,154.221,UPPER_MID,S=NA(0) R=157.918(1),CORR EUR_JPY=+0.95,,,
2026-09-08T18:13:11.558335+00:00,EUR_JPY,WAIT,11,33,33,179.3,UPPER_MID,S=NA(0) R=185.5115(8),CORR GBP_JPY=+0.97,,,
2026-09-08T18:13:11.558339+00:00,GBP_JPY,WAIT,18,33,33,208.841,UPPER_MID,S=NA(0) R=214.49949999999998(4),CORR EUR_JPY=+0.97,,,
2026-09-08T18:13:11.558343+00:00,EUR_USD,WAIT,29,5,29,1.1626,UPPER_25,S=1.1576133333333334(3) R=1.1641(1),CORR USD_JPY=-0.39,,,
2026-09-08T18:19:01.930549+00:00,USD_JPY,WAIT,18,33,33,154.337,UPPER_MID,S=NA(0) R=157.918(1),CORR EUR_JPY=+0.95,,,
2026-09-08T18:19:01.930560+00:00,EUR_JPY,WAIT,23,33,33,179.426,UPPER_MID,S=179.357(1) R=185.5115(8),CORR GBP_JPY=+0.97,,,
2026-09-08T18:19:01.930564+00:00,GBP_JPY,WAIT,18,33,33,208.994,UPPER_MID,S=NA(0) R=214.49949999999998(4),CORR EUR_JPY=+0.97,,,
2026-09-08T18:19:01.930568+00:00,EUR_USD,WAIT,29,12,29,1.16254,UPPER_25,S=1.1576133333333334(3) R=1.1641(1),CORR USD_JPY=-0.39,,,
2026-09-08T18:24:52.993263+00:00,USD_JPY,WAIT,18,33,33,154.337,UPPER_MID,S=NA(0) R=157.918(1),CORR EUR_JPY=+0.95,,,
2026-09-08T18:24:52.993275+00:00,EUR_JPY,WAIT,23,33,33,179.426,UPPER_MID,S=179.357(1) R=185.5115(8),CORR GBP_JPY=+0.97,,,
2026-09-08T18:24:52.993279+00:00,GBP_JPY,WAIT,18,40,40,208.994,UPPER_MID,S=NA(0) R=214.49949999999998(4),CORR EUR_JPY=+0.97,,,
2026-09-08T18:24:52.993283+00:00,EUR_USD,WAIT,29,12,29,1.16254,UPPER_25,S=1.1576133333333334(3) R=1.1641(1),CORR USD_JPY=-0.39,,,
2026-09-08T18:30:43.404193+00:00,USD_JPY,WAIT,18,33,33,154.337,UPPER_MID,S=NA(0) R=157.918(1),CORR EUR_JPY=+0.95,,,
2026-09-08T18:30:43.404204+00:00,EUR_JPY,WAIT,18,40,40,179.354,UPPER_MID,S=NA(0) R=185.5115(8),CORR GBP_JPY=+0.97,,,
2026-09-08T18:30:43.404209+00:00,GBP_JPY,WAIT,18,40,40,208.917,UPPER_MID,S=NA(0) R=214.49949999999998(4),CORR EUR_JPY=+0.97,,,
2026-09-08T18:30:43.404212+00:00,EUR_USD,WAIT,29,5,29,1.16275,UPPER_25,S=1.1576133333333334(3) R=1.1641(1),CORR USD_JPY=-0.39,,,
2026-09-08T18:36:33.011293+00:00,USD_JPY,WAIT,11,33,33,154.244,UPPER_MID,S=NA(0) R=157.918(1),CORR EUR_JPY=+0.95,,,
2026-09-08T18:36:33.011304+00:00,EUR_JPY,WAIT,18,40,40,179.354,UPPER_MID,S=NA(0) R=185.5115(8),CORR GBP_JPY=+0.97,,,
2026-09-08T18:36:33.011308+00:00,GBP_JPY,WAIT,18,40,40,208.917,UPPER_MID,S=NA(0) R=214.49949999999998(4),CORR EUR_JPY=+0.97,,,
2026-09-08T18:36:33.011312+00:00,EUR_USD,WAIT,29,5,29,1.16275,UPPER_25,S=1.1576133333333334(3) R=1.1641(1),CORR USD_JPY=-0.39,,,
2026-09-08T18:42:23.724046+00:00,USD_JPY,WAIT,11,33,33,154.244,UPPER_MID,S=NA(0) R=157.918(1),CORR EUR_JPY=+0.95,,,
2026-09-08T18:42:23.724062+00:00,EUR_JPY,WAIT,18,33,33,179.354,UPPER_MID,S=NA(0) R=185.5115(8),CORR GBP_JPY=+0.97,,,
2026-09-08T18:42:23.724068+00:00,GBP_JPY,WAIT,18,40,40,208.917,UPPER_MID,S=NA(0) R=214.49949999999998(4),CORR EUR_JPY=+0.97,,,
2026-09-08T18:42:23.724075+00:00,EUR_USD,WAIT,29,5,29,1.16275,UPPER_25,S=1.1576133333333334(3) R=1.1641(1),CORR USD_JPY=-0.39,,,
2026-09-08T18:48:13.042116+00:00,USD_JPY,WAIT,0,40,40,154.082,UPPER_MID,S=NA(0) R=157.918(1),CORR EUR_JPY=+0.95,,,
2026-09-08T18:48:13.042127+00:00,EUR_JPY,WAIT,0,40,40,179.206,UPPER_MID,S=NA(0) R=185.5115(8),CORR GBP_JPY=+0.97,,,
2026-09-08T18:48:13.042131+00:00,GBP_JPY,WAIT,0,54,54,208.771,UPPER_MID,S=NA(0) R=214.49949999999998(4),CORR EUR_JPY=+0.97,,,
2026-09-08T18:48:13.042135+00:00,EUR_USD,WAIT,29,5,29,1.16303,UPPER_25,S=1.1576133333333334(3) R=1.1641(1),CORR USD_JPY=-0.39,,,
2026-09-08T18:54:03.878275+00:00,USD_JPY,WAIT,0,40,40,154.082,UPPER_MID,S=NA(0) R=157.918(1),CORR EUR_JPY=+0.95,,,
2026-09-08T18:54:03.878286+00:00,EUR_JPY,WAIT,0,40,40,179.206,UPPER_MID,S=NA(0) R=185.5115(8),CORR GBP_JPY=+0.97,,,
2026-09-08T18:54:03.878291+00:00,GBP_JPY,WAIT,0,54,54,208.771,UPPER_MID,S=NA(0) R=214.49949999999998(4),CORR EUR_JPY=+0.97,,,
2026-09-08T18:54:03.878294+00:00,EUR_USD,WAIT,29,5,29,1.16303,UPPER_25,S=1.1576133333333334(3) R=1.1641(1),CORR USD_JPY=-0.39,,,
2026-09-08T18:59:52.709370+00:00,USD_JPY,WAIT,0,40,40,154.082,UPPER_MID,S=NA(0) R=157.918(1),CORR EUR_JPY=+0.95,,,
2026-09-08T18:59:52.709381+00:00,EUR_JPY,WAIT,0,40,40,179.206,UPPER_MID,S=NA(0) R=185.5115(8),CORR GBP_JPY=+0.97,,,
2026-09-08T18:59:52.709386+00:00,GBP_JPY,WAIT,0,54,54,208.771,UPPER_MID,S=NA(0) R=214.49949999999998(4),CORR EUR_JPY=+0.97,,,
2026-09-08T18:59:52.709390+00:00,EUR_USD,WAIT,29,5,29,1.16303,UPPER_25,S=1.1576133333333334(3) R=1.1641(1),CORR USD_JPY=-0.39,,,
2026-09-08T19:01:16.337271+00:00,USD_JPY,WAIT,0,51,51,153.58,UPPER_MID,S=NA(0) R=157.918(1),CORR EUR_JPY=+0.95,,,
2026-09-08T19:01:16.337291+00:00,EUR_JPY,WAIT,0,51,51,178.583,UPPER_MID,S=NA(0) R=185.5115(8),CORR GBP_JPY=+0.97,,,
2026-09-08T19:01:16.337305+00:00,GBP_JPY,SHORT,0,65,65,208.029,UPPER_MID,S=NA(0) R=214.49949999999998(4),CORR EUR_JPY=+0.97,1.0,1.4999999999999978,
2026-09-08T19:01:16.337318+00:00,EUR_USD,WAIT,42,12,42,1.16286,UPPER_25,S=1.1576133333333334(3) R=1.1641(1),CORR USD_JPY=-0.39,,,
2026-09-08T19:07:13.188428+00:00,USD_JPY,WAIT,0,51,51,153.58,UPPER_MID,S=NA(0) R=157.918(1),CORR EUR_JPY=+0.95,,,
2026-09-08T19:07:13.188449+00:00,EUR_JPY,WAIT,0,51,51,178.583,UPPER_MID,S=NA(0) R=185.5115(8),CORR GBP_JPY=+0.97,,,
2026-09-08T19:07:13.188464+00:00,GBP_JPY,SHORT,0,65,65,208.029,UPPER_MID,S=NA(0) R=214.49949999999998(4),CORR EUR_JPY=+0.97,1.0,1.4999999999999978,
2026-09-08T19:07:13.188477+00:00,EUR_USD,WAIT,42,12,42,1.16286,UPPER_25,S=1.1576133333333334(3) R=1.1641(1),CORR USD_JPY=-0.39,,,
2026-09-08T19:13:11.565991+00:00,USD_JPY,WAIT,0,51,51,153.58,UPPER_MID,S=NA(0) R=157.918(1),CORR EUR_JPY=+0.95,,,
2026-09-08T19:13:11.566009+00:00,EUR_JPY,WAIT,0,51,51,178.583,UPPER_MID,S=NA(0) R=185.5115(8),CORR GBP_JPY=+0.97,,,
2026-09-08T19:13:11.566019+00:00,GBP_JPY,SHORT,0,65,65,208.029,UPPER_MID,S=NA(0) R=214.49949999999998(4),CORR EUR_JPY=+0.97,1.0,1.4999999999999978,
2026-09-08T19:13:11.566030+00:00,EUR_USD,WAIT,42,12,42,1.16286,UPPER_25,S=1.1576133333333334(3) R=1.1641(1),CORR USD_JPY=-0.39,,,
2026-09-08T19:19:11.010503+00:00,USD_JPY,WAIT,0,51,51,153.86,UPPER_MID,S=NA(0) R=157.918(1),CORR EUR_JPY=+0.95,,,
2026-09-08T19:19:11.010522+00:00,EUR_JPY,WAIT,0,51,51,178.88,UPPER_MID,S=NA(0) R=185.5115(8),CORR GBP_JPY=+0.97,,,
2026-09-08T19:19:11.010533+00:00,GBP_JPY,SHORT,0,65,65,208.383,UPPER_MID,S=NA(0) R=214.49949999999998(4),CORR EUR_JPY=+0.97,1.0,1.5,
2026-09-08T19:19:11.010543+00:00,EUR_USD,WAIT,31,12,31,1.16259,UPPER_25,S=1.1576133333333334(3) R=1.1641(1),CORR USD_JPY=-0.39,,,
2026-09-08T19:25:09.844726+00:00,USD_JPY,WAIT,0,51,51,153.86,UPPER_MID,S=NA(0) R=157.918(1),CORR EUR_JPY=+0.95,,,
2026-09-08T19:25:09.844745+00:00,EUR_JPY,WAIT,0,51,51,178.88,UPPER_MID,S=NA(0) R=185.5115(8),CORR GBP_JPY=+0.97,,,
2026-09-08T19:25:09.844755+00:00,GBP_JPY,SHORT,0,65,65,208.383,UPPER_MID,S=NA(0) R=214.49949999999998(4),CORR EUR_JPY=+0.97,1.0,1.5,
2026-09-08T19:25:09.844766+00:00,EUR_USD,WAIT,31,12,31,1.16259,UPPER_25,S=1.1576133333333334(3) R=1.1641(1),CORR USD_JPY=-0.39,,,
2026-09-08T19:31:08.300754+00:00,USD_JPY,WAIT,0,51,51,153.948,UPPER_MID,S=NA(0) R=157.918(1),CORR EUR_JPY=+0.95,,,
2026-09-08T19:31:08.300772+00:00,EUR_JPY,WAIT,0,51,51,178.974,UPPER_MID,S=NA(0) R=185.5115(8),CORR GBP_JPY=+0.97,,,
2026-09-08T19:31:08.300782+00:00,GBP_JPY,WAIT,0,51,51,208.474,UPPER_MID,S=NA(0) R=214.49949999999998(4),CORR EUR_JPY=+0.97,,,
2026-09-08T19:31:08.300791+00:00,EUR_USD,WAIT,31,12,31,1.16255,UPPER_25,S=1.1576133333333334(3) R=1.1641(1),CORR USD_JPY=-0.39,,,
2026-09-08T19:37:06.247280+00:00,USD_JPY,WAIT,0,51,51,153.948,UPPER_MID,S=NA(0) R=157.918(1),CORR EUR_JPY=+0.95,,,
2026-09-08T19:37:06.247299+00:00,EUR_JPY,WAIT,0,51,51,178.974,UPPER_MID,S=NA(0) R=185.5115(8),CORR GBP_JPY=+0.97,,,
2026-09-08T19:37:06.247310+00:00,GBP_JPY,WAIT,0,51,51,208.474,UPPER_MID,S=NA(0) R=214.49949999999998(4),CORR EUR_JPY=+0.97,,,
2026-09-08T19:37:06.247319+00:00,EUR_USD,WAIT,31,12,31,1.16255,UPPER_25,S=1.1576133333333334(3) R=1.1641(1),CORR USD_JPY=-0.39,,,
2026-09-08T19:43:04.207165+00:00,USD_JPY,WAIT,0,58,58,153.948,UPPER_MID,S=NA(0) R=157.918(1),CORR EUR_JPY=+0.95,,,
2026-09-08T19:43:04.207178+00:00,EUR_JPY,WAIT,0,58,58,178.974,UPPER_MID,S=NA(0) R=185.5115(8),CORR GBP_JPY=+0.97,,,
2026-09-08T19:43:04.207195+00:00,GBP_JPY,WAIT,0,58,58,208.474,UPPER_MID,S=NA(0) R=214.49949999999998(4),CORR EUR_JPY=+0.97,,,
2026-09-08T19:43:04.207205+00:00,EUR_USD,WAIT,31,12,31,1.16255,UPPER_25,S=1.1576133333333334(3) R=1.1641(1),CORR USD_JPY=-0.39,,,
2026-09-08T19:49:02.439448+00:00,USD_JPY,WAIT,0,51,51,153.891,UPPER_MID,S=NA(0) R=157.918(1),CORR EUR_JPY=+0.95,,,
2026-09-08T19:49:02.439465+00:00,EUR_JPY,WAIT,0,51,51,178.929,UPPER_MID,S=NA(0) R=185.5115(8),CORR GBP_JPY=+0.97,,,
2026-09-08T19:49:02.439476+00:00,GBP_JPY,WAIT,0,51,51,208.409,UPPER_MID,S=NA(0) R=214.49949999999998(4),CORR EUR_JPY=+0.97,,,
2026-09-08T19:49:02.439484+00:00,EUR_USD,WAIT,42,12,42,1.16268,UPPER_25,S=1.1576133333333334(3) R=1.1641(1),CORR USD_JPY=-0.39,,,
2026-09-08T19:55:01.165313+00:00,USD_JPY,WAIT,0,51,51,153.891,UPPER_MID,S=NA(0) R=157.918(1),CORR EUR_JPY=+0.95,,,
2026-09-08T19:55:01.165330+00:00,EUR_JPY,WAIT,0,51,51,178.929,UPPER_MID,S=NA(0) R=185.5115(8),CORR GBP_JPY=+0.97,,,
2026-09-08T19:55:01.165340+00:00,GBP_JPY,WAIT,0,51,51,208.409,UPPER_MID,S=NA(0) R=214.49949999999998(4),CORR EUR_JPY=+0.97,,,
2026-09-08T19:55:01.165349+00:00,EUR_USD,WAIT,42,12,42,1.16268,UPPER_25,S=1.1576133333333334(3) R=1.1641(1),CORR USD_JPY=-0.39,,,
2026-09-08T20:00:58.252753+00:00,USD_JPY,WAIT,13,44,44,153.985,UPPER_MID,S=NA(0) R=157.918(1),CORR EUR_JPY=+0.95,,,
2026-09-08T20:00:58.252772+00:00,EUR_JPY,WAIT,0,44,44,178.981,UPPER_MID,S=NA(0) R=185.5115(8),CORR GBP_JPY=+0.97,,,
2026-09-08T20:00:58.252782+00:00,GBP_JPY,WAIT,0,44,44,208.488,UPPER_MID,S=NA(0) R=214.49949999999998(4),CORR EUR_JPY=+0.97,,,
2026-09-08T20:00:58.252790+00:00,EUR_USD,WAIT,18,23,23,1.1623,UPPER_25,S=1.1576133333333334(3) R=1.1641(1),CORR USD_JPY=-0.40,,,
2026-09-08T20:06:59.315959+00:00,USD_JPY,WAIT,13,44,44,153.985,UPPER_MID,S=NA(0) R=157.918(1),CORR EUR_JPY=+0.95,,,
2026-09-08T20:06:59.315974+00:00,EUR_JPY,WAIT,0,44,44,178.981,UPPER_MID,S=NA(0) R=185.5115(8),CORR GBP_JPY=+0.97,,,
2026-09-08T20:06:59.315981+00:00,GBP_JPY,WAIT,0,44,44,208.488,UPPER_MID,S=NA(0) R=214.49949999999998(4),CORR EUR_JPY=+0.97,,,
2026-09-08T20:06:59.315986+00:00,EUR_USD,WAIT,18,23,23,1.1623,UPPER_25,S=1.1576133333333334(3) R=1.1641(1),CORR USD_JPY=-0.40,,,
2026-09-08T20:08:19.711789+00:00,USD_JPY,WAIT,13,44,44,153.985,UPPER_MID,S=NA(0) R=157.918(1),CORR EUR_JPY=+0.95,,,
2026-09-08T20:08:19.711811+00:00,EUR_JPY,WAIT,0,44,44,178.981,UPPER_MID,S=NA(0) R=185.5115(8),CORR GBP_JPY=+0.97,,,
2026-09-08T20:08:19.711821+00:00,GBP_JPY,WAIT,0,44,44,208.488,UPPER_MID,S=NA(0) R=214.49949999999998(4),CORR EUR_JPY=+0.97,,,
2026-09-08T20:08:19.711831+00:00,EUR_USD,WAIT,18,23,23,1.1623,UPPER_25,S=1.1576133333333334(3) R=1.1641(1),CORR USD_JPY=-0.40,,,
2026-09-08T20:14:14.232637+00:00,USD_JPY,WAIT,13,44,44,153.985,UPPER_MID,S=NA(0) R=157.918(1),CORR EUR_JPY=+0.95,,,
2026-09-08T20:14:14.232656+00:00,EUR_JPY,WAIT,0,44,44,178.981,UPPER_MID,S=NA(0) R=185.5115(8),CORR GBP_JPY=+0.97,,,
2026-09-08T20:14:14.232667+00:00,GBP_JPY,WAIT,0,44,44,208.488,UPPER_MID,S=NA(0) R=214.49949999999998(4),CORR EUR_JPY=+0.97,,,
2026-09-08T20:14:14.232676+00:00,EUR_USD,WAIT,18,23,23,1.1623,UPPER_25,S=1.1576133333333334(3) R=1.1641(1),CORR USD_JPY=-0.40,,,
2026-09-08T20:20:08.999690+00:00,USD_JPY,WAIT,13,44,44,153.98,UPPER_MID,S=NA(0) R=157.918(1),CORR EUR_JPY=+0.95,,,
2026-09-08T20:20:08.999705+00:00,EUR_JPY,WAIT,0,44,44,178.982,UPPER_MID,S=NA(0) R=185.5115(8),CORR GBP_JPY=+0.97,,,
2026-09-08T20:20:08.999712+00:00,GBP_JPY,WAIT,0,44,44,208.465,UPPER_MID,S=NA(0) R=214.49949999999998(4),CORR EUR_JPY=+0.97,,,
2026-09-08T20:20:08.999718+00:00,EUR_USD,WAIT,18,23,23,1.16234,UPPER_25,S=1.1576133333333334(3) R=1.1641(1),CORR USD_JPY=-0.40,,,
2026-09-08T20:26:02.731387+00:00,USD_JPY,WAIT,13,44,44,153.98,UPPER_MID,S=NA(0) R=157.918(1),CORR EUR_JPY=+0.95,,,
2026-09-08T20:26:02.731406+00:00,EUR_JPY,WAIT,0,44,44,178.982,UPPER_MID,S=NA(0) R=185.5115(8),CORR GBP_JPY=+0.97,,,
2026-09-08T20:26:02.731416+00:00,GBP_JPY,WAIT,0,44,44,208.465,UPPER_MID,S=NA(0) R=214.49949999999998(4),CORR EUR_JPY=+0.97,,,
2026-09-08T20:26:02.731425+00:00,EUR_USD,WAIT,18,23,23,1.16234,UPPER_25,S=1.1576133333333334(3) R=1.1641(1),CORR USD_JPY=-0.40,,,
2026-09-08T20:31:55.395562+00:00,USD_JPY,WAIT,13,44,44,153.998,UPPER_MID,S=NA(0) R=157.918(1),CORR EUR_JPY=+0.95,,,
2026-09-08T20:31:55.395575+00:00,EUR_JPY,WAIT,0,51,51,178.986,UPPER_MID,S=NA(0) R=185.5115(8),CORR GBP_JPY=+0.97,,,
2026-09-08T20:31:55.395589+00:00,GBP_JPY,WAIT,0,51,51,208.483,UPPER_MID,S=NA(0) R=214.49949999999998(4),CORR EUR_JPY=+0.97,,,
2026-09-08T20:31:55.395599+00:00,EUR_USD,WAIT,27,23,27,1.16225,UPPER_25,S=1.1576133333333334(3) R=1.1641(1),CORR USD_JPY=-0.40,,,
2026-09-08T20:37:48.364639+00:00,USD_JPY,WAIT,13,44,44,153.998,UPPER_MID,S=NA(0) R=157.918(1),CORR EUR_JPY=+0.95,,,
2026-09-08T20:37:48.364657+00:00,EUR_JPY,WAIT,0,44,44,178.986,UPPER_MID,S=NA(0) R=185.5115(8),CORR GBP_JPY=+0.97,,,
2026-09-08T20:37:48.364668+00:00,GBP_JPY,WAIT,0,44,44,208.483,UPPER_MID,S=NA(0) R=214.49949999999998(4),CORR EUR_JPY=+0.97,,,
2026-09-08T20:37:48.364677+00:00,EUR_USD,WAIT,27,23,27,1.16225,UPPER_25,S=1.1576133333333334(3) R=1.1641(1),CORR USD_JPY=-0.40,,,
2026-09-08T20:43:40.170327+00:00,USD_JPY,WAIT,13,44,44,153.998,UPPER_MID,S=NA(0) R=157.918(1),CORR EUR_JPY=+0.95,,,
2026-09-08T20:43:40.170341+00:00,EUR_JPY,WAIT,0,44,44,178.986,UPPER_MID,S=NA(0) R=185.5115(8),CORR GBP_JPY=+0.97,,,
2026-09-08T20:43:40.170348+00:00,GBP_JPY,WAIT,0,44,44,208.483,UPPER_MID,S=NA(0) R=214.49949999999998(4),CORR EUR_JPY=+0.97,,,
2026-09-08T20:43:40.170354+00:00,EUR_USD,WAIT,27,23,27,1.16225,UPPER_25,S=1.1576133333333334(3) R=1.1641(1),CORR USD_JPY=-0.40,,,
2026-09-08T20:49:33.773283+00:00,USD_JPY,WAIT,13,44,44,153.999,UPPER_MID,S=NA(0) R=157.918(1),CORR EUR_JPY=+0.95,,,
2026-09-08T20:49:33.773300+00:00,EUR_JPY,WAIT,0,44,44,178.993,UPPER_MID,S=NA(0) R=185.5115(8),CORR GBP_JPY=+0.97,,,
2026-09-08T20:49:33.773310+00:00,GBP_JPY,WAIT,0,44,44,208.531,UPPER_MID,S=NA(0) R=214.49949999999998(4),CORR EUR_JPY=+0.97,,,
2026-09-08T20:49:33.773318+00:00,EUR_USD,WAIT,18,16,18,1.16227,UPPER_25,S=1.1576133333333334(3) R=1.1641(1),CORR USD_JPY=-0.40,,,
2026-09-08T20:55:26.073515+00:00,USD_JPY,WAIT,13,44,44,153.999,UPPER_MID,S=NA(0) R=157.918(1),CORR EUR_JPY=+0.95,,,
2026-09-08T20:55:26.073533+00:00,EUR_JPY,WAIT,0,44,44,178.993,UPPER_MID,S=NA(0) R=185.5115(8),CORR GBP_JPY=+0.97,,,
2026-09-08T20:55:26.073543+00:00,GBP_JPY,WAIT,0,51,51,208.531,UPPER_MID,S=NA(0) R=214.49949999999998(4),CORR EUR_JPY=+0.97,,,
2026-09-08T20:55:26.073552+00:00,EUR_USD,WAIT,18,16,18,1.16227,UPPER_25,S=1.1576133333333334(3) R=1.1641(1),CORR USD_JPY=-0.40,,,
2026-09-08T21:01:20.441675+00:00,USD_JPY,SHORT,0,78,78,153.929,UPPER_MID,S=NA(0) R=157.918(1),CORR EUR_JPY=+0.95,1.0,1.4999999999999964,
2026-09-08T21:01:20.441706+00:00,EUR_JPY,SHORT,0,65,65,178.942,UPPER_MID,S=NA(0) R=185.5115(8),CORR GBP_JPY=+0.97,1.0,1.4999999999999978,
2026-09-08T21:01:20.441719+00:00,GBP_JPY,SHORT,0,81,81,208.428,UPPER_MID,S=NA(0) R=214.49949999999998(4),CORR EUR_JPY=+0.97,1.0,1.5000000000000024,
2026-09-08T21:01:20.441731+00:00,EUR_USD,WAIT,27,18,27,1.16201,UPPER_25,S=1.1576133333333334(3) R=1.1631399999999998(2),CORR USD_JPY=-0.40,,,
2026-09-08T21:07:14.778320+00:00,USD_JPY,SHORT,0,78,78,153.929,UPPER_MID,S=NA(0) R=157.918(1),CORR EUR_JPY=+0.95,1.0,1.4999999999999964,
2026-09-08T21:07:14.778356+00:00,EUR_JPY,SHORT,0,65,65,178.942,UPPER_MID,S=NA(0) R=185.5115(8),CORR GBP_JPY=+0.97,1.0,1.4999999999999978,
2026-09-08T21:07:14.778369+00:00,GBP_JPY,SHORT,0,74,74,208.428,UPPER_MID,S=NA(0) R=214.49949999999998(4),CORR EUR_JPY=+0.97,1.0,1.5000000000000024,
2026-09-08T21:07:14.778380+00:00,EUR_USD,WAIT,27,18,27,1.16201,UPPER_25,S=1.1576133333333334(3) R=1.1631399999999998(2),CORR USD_JPY=-0.40,,,
2026-09-08T21:13:08.189924+00:00,USD_JPY,SHORT,0,78,78,153.929,UPPER_MID,S=NA(0) R=157.918(1),CORR EUR_JPY=+0.95,1.0,1.4999999999999964,
2026-09-08T21:13:08.189959+00:00,EUR_JPY,SHORT,0,65,65,178.942,UPPER_MID,S=NA(0) R=185.5115(8),CORR GBP_JPY=+0.97,1.0,1.4999999999999978,
2026-09-08T21:13:08.189972+00:00,GBP_JPY,SHORT,0,74,74,208.428,UPPER_MID,S=NA(0) R=214.49949999999998(4),CORR EUR_JPY=+0.97,1.0,1.5000000000000024,
2026-09-08T21:13:08.189984+00:00,EUR_USD,WAIT,27,18,27,1.16201,UPPER_25,S=1.1576133333333334(3) R=1.1631399999999998(2),CORR USD_JPY=-0.40,,,
2026-09-08T21:14:24.196462+00:00,USD_JPY,SHORT,0,78,78,153.929,UPPER_MID,S=NA(0) R=157.918(1),CORR EUR_JPY=+0.95,1.0,1.4999999999999964,
2026-09-08T21:14:24.196493+00:00,EUR_JPY,SHORT,0,65,65,178.942,UPPER_MID,S=NA(0) R=185.5115(8),CORR GBP_JPY=+0.97,1.0,1.4999999999999978,
2026-09-08T21:14:24.196507+00:00,GBP_JPY,SHORT,0,74,74,208.428,UPPER_MID,S=NA(0) R=214.49949999999998(4),CORR EUR_JPY=+0.97,1.0,1.5000000000000024,
2026-09-08T21:14:24.196520+00:00,EUR_USD,WAIT,27,18,27,1.16201,UPPER_25,S=1.1576133333333334(3) R=1.1631399999999998(2),CORR USD_JPY=-0.40,,,
2026-09-08T21:20:17.685069+00:00,USD_JPY,SHORT,0,78,78,153.93,UPPER_MID,S=NA(0) R=157.918(1),CORR EUR_JPY=+0.95,1.0,1.5000000000000036,
2026-09-08T21:20:17.685100+00:00,EUR_JPY,SHORT,0,65,65,178.951,UPPER_MID,S=NA(0) R=185.5115(8),CORR GBP_JPY=+0.97,1.0,1.5000000000000022,
2026-09-08T21:20:17.685115+00:00,GBP_JPY,SHORT,0,74,74,208.38,UPPER_MID,S=NA(0) R=214.49949999999998(4),CORR EUR_JPY=+0.97,1.0,1.5000000000000022,
2026-09-08T21:20:17.685126+00:00,EUR_USD,WAIT,27,16,27,1.16218,UPPER_25,S=1.1576133333333334(3) R=1.1641(1),CORR USD_JPY=-0.40,,,
2026-09-08T21:26:11.301050+00:00,USD_JPY,SHORT,0,78,78,153.93,UPPER_MID,S=NA(0) R=157.918(1),CORR EUR_JPY=+0.95,1.0,1.5000000000000036,
2026-09-08T21:26:11.301080+00:00,EUR_JPY,SHORT,0,65,65,178.951,UPPER_MID,S=NA(0) R=185.5115(8),CORR GBP_JPY=+0.97,1.0,1.5000000000000022,
2026-09-08T21:26:11.301094+00:00,GBP_JPY,SHORT,0,74,74,208.38,UPPER_MID,S=NA(0) R=214.49949999999998(4),CORR EUR_JPY=+0.97,1.0,1.5000000000000022,
2026-09-08T21:26:11.301106+00:00,EUR_USD,WAIT,27,16,27,1.16218,UPPER_25,S=1.1576133333333334(3) R=1.1641(1),CORR USD_JPY=-0.40,,,
2026-09-08T21:32:06.877012+00:00,USD_JPY,SHORT,0,78,78,153.9,UPPER_MID,S=NA(0) R=157.918(1),CORR EUR_JPY=+0.95,1.0,1.4999999999999964,
2026-09-08T21:32:06.877035+00:00,EUR_JPY,SHORT,0,65,65,178.917,UPPER_MID,S=NA(0) R=185.5115(8),CORR GBP_JPY=+0.97,1.0,1.5000000000000022,
2026-09-08T21:32:06.877044+00:00,GBP_JPY,SHORT,0,74,74,208.357,UPPER_MID,S=NA(0) R=214.49949999999998(4),CORR EUR_JPY=+0.97,1.0,1.5,
2026-09-08T21:32:06.877050+00:00,EUR_USD,WAIT,34,16,34,1.16223,UPPER_25,S=1.1576133333333334(3) R=1.1641(1),CORR USD_JPY=-0.40,,,
2026-09-08T21:38:02.467418+00:00,USD_JPY,SHORT,0,78,78,153.9,UPPER_MID,S=NA(0) R=157.918(1),CORR EUR_JPY=+0.95,1.0,1.4999999999999964,
2026-09-08T21:38:02.467448+00:00,EUR_JPY,SHORT,0,65,65,178.917,UPPER_MID,S=NA(0) R=185.5115(8),CORR GBP_JPY=+0.97,1.0,1.5000000000000022,
2026-09-08T21:38:02.467462+00:00,GBP_JPY,SHORT,0,74,74,208.357,UPPER_MID,S=NA(0) R=214.49949999999998(4),CORR EUR_JPY=+0.97,1.0,1.5,
2026-09-08T21:38:02.467472+00:00,EUR_USD,WAIT,34,16,34,1.16223,UPPER_25,S=1.1576133333333334(3) R=1.1641(1),CORR USD_JPY=-0.40,,,
2026-09-08T21:43:58.583216+00:00,USD_JPY,SHORT,0,78,78,153.9,UPPER_MID,S=NA(0) R=157.918(1),CORR EUR_JPY=+0.95,1.0,1.4999999999999964,
2026-09-08T21:43:58.583238+00:00,EUR_JPY,SHORT,0,65,65,178.917,UPPER_MID,S=NA(0) R=185.5115(8),CORR GBP_JPY=+0.97,1.0,1.5000000000000022,
2026-09-08T21:43:58.583250+00:00,GBP_JPY,SHORT,0,74,74,208.357,UPPER_MID,S=NA(0) R=214.49949999999998(4),CORR EUR_JPY=+0.97,1.0,1.5,
2026-09-08T21:43:58.583264+00:00,EUR_USD,WAIT,34,16,34,1.16223,UPPER_25,S=1.1576133333333334(3) R=1.1641(1),CORR USD_JPY=-0.40,,,
2026-09-08T21:49:52.883350+00:00,USD_JPY,SHORT,0,64,64,153.846,UPPER_MID,S=NA(0) R=157.918(1),CORR EUR_JPY=+0.95,1.0,1.4999999999999964,
2026-09-08T21:49:52.883383+00:00,EUR_JPY,WAIT,0,51,51,178.85,UPPER_MID,S=NA(0) R=185.5115(8),CORR GBP_JPY=+0.97,,,
2026-09-08T21:49:52.883395+00:00,GBP_JPY,SHORT,0,64,64,208.249,UPPER_MID,S=NA(0) R=214.49949999999998(4),CORR EUR_JPY=+0.97,1.0,1.5,
2026-09-08T21:49:52.883406+00:00,EUR_USD,WAIT,34,18,34,1.16213,UPPER_25,S=1.1576133333333334(3) R=1.1631399999999998(2),CORR USD_JPY=-0.40,,,
2026-09-08T21:55:47.173818+00:00,USD_JPY,SHORT,0,64,64,153.846,UPPER_MID,S=NA(0) R=157.918(1),CORR EUR_JPY=+0.95,1.0,1.4999999999999964,
2026-09-08T21:55:47.173851+00:00,EUR_JPY,WAIT,0,51,51,178.85,UPPER_MID,S=NA(0) R=185.5115(8),CORR GBP_JPY=+0.97,,,
2026-09-08T21:55:47.173864+00:00,GBP_JPY,SHORT,0,64,64,208.249,UPPER_MID,S=NA(0) R=214.49949999999998(4),CORR EUR_JPY=+0.97,1.0,1.5,
2026-09-08T21:55:47.173876+00:00,EUR_USD,WAIT,34,18,34,1.16213,UPPER_25,S=1.1576133333333334(3) R=1.1631399999999998(2),CORR USD_JPY=-0.40,,,
2026-09-08T22:01:42.258349+00:00,USD_JPY,SHORT,0,64,64,153.821,UPPER_MID,S=NA(0) R=157.918(1),CORR EUR_JPY=+0.95,1.0,1.4999999999999964,
2026-09-08T22:01:42.258381+00:00,EUR_JPY,SHORT,0,64,64,178.837,UPPER_MID,S=NA(0) R=185.5115(8),CORR GBP_JPY=+0.97,1.0,1.4999999999999978,
2026-09-08T22:01:42.258397+00:00,GBP_JPY,SHORT,0,64,64,208.223,UPPER_MID,S=NA(0) R=214.49949999999998(4),CORR EUR_JPY=+0.97,1.0,1.5,
2026-09-08T22:01:42.258408+00:00,EUR_USD,WAIT,25,5,25,1.16234,UPPER_25,S=1.1576133333333334(3) R=1.1641(1),CORR USD_JPY=-0.40,,,
2026-09-08T22:07:39.699122+00:00,USD_JPY,SHORT,0,64,64,153.821,UPPER_MID,S=NA(0) R=157.918(1),CORR EUR_JPY=+0.95,1.0,1.4999999999999964,
2026-09-08T22:07:39.699156+00:00,EUR_JPY,SHORT,0,64,64,178.837,UPPER_MID,S=NA(0) R=185.5115(8),CORR GBP_JPY=+0.97,1.0,1.4999999999999978,
2026-09-08T22:07:39.699171+00:00,GBP_JPY,SHORT,0,64,64,208.223,UPPER_MID,S=NA(0) R=214.49949999999998(4),CORR EUR_JPY=+0.97,1.0,1.5,
2026-09-08T22:07:39.699182+00:00,EUR_USD,WAIT,25,5,25,1.16234,UPPER_25,S=1.1576133333333334(3) R=1.1641(1),CORR USD_JPY=-0.40,,,
2026-09-08T22:13:34.492693+00:00,USD_JPY,SHORT,0,64,64,153.821,UPPER_MID,S=NA(0) R=157.918(1),CORR EUR_JPY=+0.95,1.0,1.4999999999999964,
2026-09-08T22:13:34.492725+00:00,EUR_JPY,SHORT,0,64,64,178.837,UPPER_MID,S=NA(0) R=185.5115(8),CORR GBP_JPY=+0.97,1.0,1.4999999999999978,
2026-09-08T22:13:34.492740+00:00,GBP_JPY,SHORT,0,64,64,208.223,UPPER_MID,S=NA(0) R=214.49949999999998(4),CORR EUR_JPY=+0.97,1.0,1.5,
2026-09-08T22:13:34.492751+00:00,EUR_USD,WAIT,25,5,25,1.16234,UPPER_25,S=1.1576133333333334(3) R=1.1641(1),CORR USD_JPY=-0.40,,,
2026-09-08T22:19:30.044938+00:00,USD_JPY,SHORT,0,64,64,153.742,UPPER_MID,S=NA(0) R=157.918(1),CORR EUR_JPY=+0.95,1.0,1.5000000000000033,
2026-09-08T22:19:30.044971+00:00,EUR_JPY,SHORT,0,64,64,178.743,UPPER_MID,S=NA(0) R=185.5115(8),CORR GBP_JPY=+0.97,1.0,1.500000000000002,
2026-09-08T22:19:30.044986+00:00,GBP_JPY,SHORT,0,64,64,208.168,UPPER_MID,S=NA(0) R=214.49949999999998(4),CORR EUR_JPY=+0.97,1.0,1.5,
2026-09-08T22:19:30.044998+00:00,EUR_USD,WAIT,25,5,25,1.16252,UPPER_25,S=1.1576133333333334(3) R=1.1641(1),CORR USD_JPY=-0.40,,,
2026-09-08T22:20:43.098608+00:00,USD_JPY,SHORT,0,64,64,153.742,UPPER_MID,S=NA(0) R=157.918(1),CORR EUR_JPY=+0.95,1.0,1.5000000000000033,
2026-09-08T22:20:43.098639+00:00,EUR_JPY,SHORT,0,64,64,178.743,UPPER_MID,S=NA(0) R=185.5115(8),CORR GBP_JPY=+0.97,1.0,1.500000000000002,
2026-09-08T22:20:43.098676+00:00,GBP_JPY,SHORT,0,64,64,208.168,UPPER_MID,S=NA(0) R=214.49949999999998(4),CORR EUR_JPY=+0.97,1.0,1.5,
2026-09-08T22:20:43.098690+00:00,EUR_USD,WAIT,25,5,25,1.16252,UPPER_25,S=1.1576133333333334(3) R=1.1641(1),CORR USD_JPY=-0.40,,,
2026-09-08T22:26:34.917687+00:00,USD_JPY,SHORT,0,64,64,153.742,UPPER_MID,S=NA(0) R=157.918(1),CORR EUR_JPY=+0.95,1.0,1.5000000000000033,
2026-09-08T22:26:34.917718+00:00,EUR_JPY,SHORT,0,64,64,178.743,UPPER_MID,S=NA(0) R=185.5115(8),CORR GBP_JPY=+0.97,1.0,1.500000000000002,
2026-09-08T22:26:34.917733+00:00,GBP_JPY,SHORT,0,64,64,208.168,UPPER_MID,S=NA(0) R=214.49949999999998(4),CORR EUR_JPY=+0.97,1.0,1.5,
2026-09-08T22:26:34.917744+00:00,EUR_USD,WAIT,25,5,25,1.16252,UPPER_25,S=1.1576133333333334(3) R=1.1641(1),CORR USD_JPY=-0.40,,,
2026-09-08T22:32:32.261764+00:00,USD_JPY,WAIT,0,57,57,153.649,UPPER_MID,S=NA(0) R=157.918(1),CORR EUR_JPY=+0.95,,,
2026-09-08T22:32:32.261783+00:00,EUR_JPY,SHORT,0,64,64,178.649,UPPER_MID,S=NA(0) R=185.5115(8),CORR GBP_JPY=+0.97,1.0,1.499999999999998,
2026-09-08T22:32:32.261798+00:00,GBP_JPY,SHORT,0,64,64,208.064,UPPER_MID,S=NA(0) R=214.49949999999998(4),CORR EUR_JPY=+0.97,1.0,1.5,
2026-09-08T22:32:32.261811+00:00,EUR_USD,WAIT,29,5,29,1.1626,UPPER_25,S=1.1576133333333334(3) R=1.1641(1),CORR USD_JPY=-0.40,,,
2026-09-08T22:38:28.208095+00:00,USD_JPY,WAIT,0,57,57,153.649,UPPER_MID,S=NA(0) R=157.918(1),CORR EUR_JPY=+0.95,,,
2026-09-08T22:38:28.208115+00:00,EUR_JPY,SHORT,0,64,64,178.649,UPPER_MID,S=NA(0) R=185.5115(8),CORR GBP_JPY=+0.97,1.0,1.499999999999998,
2026-09-08T22:38:28.208129+00:00,GBP_JPY,SHORT,0,64,64,208.064,UPPER_MID,S=NA(0) R=214.49949999999998(4),CORR EUR_JPY=+0.97,1.0,1.5,
2026-09-08T22:38:28.208141+00:00,EUR_USD,WAIT,29,5,29,1.1626,UPPER_25,S=1.1576133333333334(3) R=1.1641(1),CORR USD_JPY=-0.40,,,
2026-09-08T22:44:24.965060+00:00,USD_JPY,WAIT,0,57,57,153.649,UPPER_MID,S=NA(0) R=157.918(1),CORR EUR_JPY=+0.95,,,
2026-09-08T22:44:24.965078+00:00,EUR_JPY,SHORT,0,64,64,178.649,UPPER_MID,S=NA(0) R=185.5115(8),CORR GBP_JPY=+0.97,1.0,1.499999999999998,
2026-09-08T22:44:24.965094+00:00,GBP_JPY,SHORT,0,64,64,208.064,UPPER_MID,S=NA(0) R=214.49949999999998(4),CORR EUR_JPY=+0.97,1.0,1.5,
2026-09-08T22:44:24.965106+00:00,EUR_USD,WAIT,29,5,29,1.1626,UPPER_25,S=1.1576133333333334(3) R=1.1641(1),CORR USD_JPY=-0.40,,,
2026-09-08T22:50:20.472342+00:00,USD_JPY,WAIT,7,57,57,153.73,UPPER_MID,S=NA(0) R=157.918(1),CORR EUR_JPY=+0.95,,,
2026-09-08T22:50:20.472362+00:00,EUR_JPY,WAIT,0,57,57,178.713,UPPER_MID,S=NA(0) R=185.5115(8),CORR GBP_JPY=+0.97,,,
2026-09-08T22:50:20.472373+00:00,GBP_JPY,WAIT,0,57,57,208.143,UPPER_MID,S=NA(0) R=214.49949999999998(4),CORR EUR_JPY=+0.97,,,
2026-09-08T22:50:20.472382+00:00,EUR_USD,WAIT,29,5,29,1.16244,UPPER_25,S=1.1576133333333334(3) R=1.1641(1),CORR USD_JPY=-0.40,,,
2026-09-08T22:56:14.943154+00:00,USD_JPY,WAIT,7,57,57,153.73,UPPER_MID,S=NA(0) R=157.918(1),CORR EUR_JPY=+0.95,,,
2026-09-08T22:56:14.943167+00:00,EUR_JPY,WAIT,0,57,57,178.713,UPPER_MID,S=NA(0) R=185.5115(8),CORR GBP_JPY=+0.97,,,
2026-09-08T22:56:14.943177+00:00,GBP_JPY,WAIT,0,57,57,208.143,UPPER_MID,S=NA(0) R=214.49949999999998(4),CORR EUR_JPY=+0.97,,,
2026-09-08T22:56:14.943190+00:00,EUR_USD,WAIT,29,5,29,1.16244,UPPER_25,S=1.1576133333333334(3) R=1.1641(1),CORR USD_JPY=-0.40,,,
2026-09-08T23:02:08.960228+00:00,USD_JPY,WAIT,7,57,57,153.721,UPPER_MID,S=NA(0) R=157.918(1),CORR EUR_JPY=+0.95,,,
2026-09-08T23:02:08.960246+00:00,EUR_JPY,WAIT,0,57,57,178.703,UPPER_MID,S=NA(0) R=185.5115(8),CORR GBP_JPY=+0.97,,,
2026-09-08T23:02:08.960257+00:00,GBP_JPY,WAIT,0,57,57,208.142,UPPER_MID,S=NA(0) R=214.49949999999998(4),CORR EUR_JPY=+0.97,,,
2026-09-08T23:02:08.960267+00:00,EUR_USD,WAIT,29,12,29,1.16246,UPPER_25,S=1.1576133333333334(3) R=1.1641(1),CORR USD_JPY=-0.40,,,
2026-09-08T23:08:02.886851+00:00,USD_JPY,WAIT,7,57,57,153.721,UPPER_MID,S=NA(0) R=157.918(1),CORR EUR_JPY=+0.95,,,
2026-09-08T23:08:02.886871+00:00,EUR_JPY,WAIT,0,57,57,178.703,UPPER_MID,S=NA(0) R=185.5115(8),CORR GBP_JPY=+0.97,,,
2026-09-08T23:08:02.886882+00:00,GBP_JPY,WAIT,0,57,57,208.142,UPPER_MID,S=NA(0) R=214.49949999999998(4),CORR EUR_JPY=+0.97,,,
2026-09-08T23:08:02.886891+00:00,EUR_USD,WAIT,29,12,29,1.16246,UPPER_25,S=1.1576133333333334(3) R=1.1641(1),CORR USD_JPY=-0.40,,,
2026-09-08T23:13:55.955286+00:00,USD_JPY,WAIT,7,57,57,153.721,UPPER_MID,S=NA(0) R=157.918(1),CORR EUR_JPY=+0.95,,,
2026-09-08T23:13:55.955304+00:00,EUR_JPY,WAIT,0,57,57,178.703,UPPER_MID,S=NA(0) R=185.5115(8),CORR GBP_JPY=+0.97,,,
2026-09-08T23:13:55.955318+00:00,GBP_JPY,WAIT,0,57,57,208.142,UPPER_MID,S=NA(0) R=214.49949999999998(4),CORR EUR_JPY=+0.97,,,
2026-09-08T23:13:55.955330+00:00,EUR_USD,WAIT,29,12,29,1.16246,UPPER_25,S=1.1576133333333334(3) R=1.1641(1),CORR USD_JPY=-0.40,,,
2026-09-08T23:19:52.657031+00:00,USD_JPY,WAIT,0,57,57,153.564,UPPER_MID,S=NA(0) R=157.918(1),CORR EUR_JPY=+0.95,,,
2026-09-08T23:19:52.657051+00:00,EUR_JPY,WAIT,0,57,57,178.53,UPPER_MID,S=NA(0) R=185.5115(8),CORR GBP_JPY=+0.97,,,
2026-09-08T23:19:52.657062+00:00,GBP_JPY,WAIT,0,57,57,207.936,UPPER_MID,S=NA(0) R=214.49949999999998(4),CORR EUR_JPY=+0.97,,,
2026-09-08T23:19:52.657071+00:00,EUR_USD,WAIT,29,12,29,1.16253,UPPER_25,S=1.1576133333333334(3) R=1.1641(1),CORR USD_JPY=-0.40,,,
2026-09-08T23:25:48.414352+00:00,USD_JPY,WAIT,0,57,57,153.564,UPPER_MID,S=NA(0) R=157.918(1),CORR EUR_JPY=+0.95,,,
2026-09-08T23:25:48.414371+00:00,EUR_JPY,WAIT,0,57,57,178.53,UPPER_MID,S=NA(0) R=185.5115(8),CORR GBP_JPY=+0.97,,,
2026-09-08T23:25:48.414382+00:00,GBP_JPY,WAIT,0,57,57,207.936,UPPER_MID,S=NA(0) R=214.49949999999998(4),CORR EUR_JPY=+0.97,,,
2026-09-08T23:25:48.414391+00:00,EUR_USD,WAIT,29,12,29,1.16253,UPPER_25,S=1.1576133333333334(3) R=1.1641(1),CORR USD_JPY=-0.40,,,
2026-09-08T23:26:51.430779+00:00,USD_JPY,WAIT,0,57,57,153.564,UPPER_MID,S=NA(0) R=157.918(1),CORR EUR_JPY=+0.95,,,
2026-09-08T23:26:51.430791+00:00,EUR_JPY,WAIT,0,57,57,178.53,UPPER_MID,S=NA(0) R=185.5115(8),CORR GBP_JPY=+0.97,,,
2026-09-08T23:26:51.430797+00:00,GBP_JPY,WAIT,0,57,57,207.936,UPPER_MID,S=NA(0) R=214.49949999999998(4),CORR EUR_JPY=+0.97,,,
2026-09-08T23:26:51.430802+00:00,EUR_USD,WAIT,29,12,29,1.16253,UPPER_25,S=1.1576133333333334(3) R=1.1641(1),CORR USD_JPY=-0.40,,,
2026-09-08T23:32:35.778235+00:00,USD_JPY,WAIT,0,57,57,153.552,UPPER_MID,S=NA(0) R=157.918(1),CORR EUR_JPY=+0.95,,,
2026-09-08T23:32:35.778248+00:00,EUR_JPY,WAIT,0,57,57,178.532,UPPER_MID,S=NA(0) R=185.5115(8),CORR GBP_JPY=+0.97,,,
2026-09-08T23:32:35.778254+00:00,GBP_JPY,WAIT,0,57,57,207.926,UPPER_MID,S=NA(0) R=214.49949999999998(4),CORR EUR_JPY=+0.97,,,
2026-09-08T23:32:35.778259+00:00,EUR_USD,WAIT,36,5,36,1.16262,UPPER_25,S=1.1576133333333334(3) R=1.1641(1),CORR USD_JPY=-0.40,,,
2026-09-08T23:38:19.237922+00:00,USD_JPY,WAIT,0,57,57,153.552,UPPER_MID,S=NA(0) R=157.918(1),CORR EUR_JPY=+0.95,,,
2026-09-08T23:38:19.237938+00:00,EUR_JPY,WAIT,0,57,57,178.532,UPPER_MID,S=NA(0) R=185.5115(8),CORR GBP_JPY=+0.97,,,
2026-09-08T23:38:19.237946+00:00,GBP_JPY,WAIT,0,57,57,207.926,UPPER_MID,S=NA(0) R=214.49949999999998(4),CORR EUR_JPY=+0.97,,,
2026-09-08T23:38:19.237952+00:00,EUR_USD,WAIT,36,5,36,1.16262,UPPER_25,S=1.1576133333333334(3) R=1.1641(1),CORR USD_JPY=-0.40,,,
2026-09-08T23:44:02.662066+00:00,USD_JPY,WAIT,0,57,57,153.552,UPPER_MID,S=NA(0) R=157.918(1),CORR EUR_JPY=+0.95,,,
2026-09-08T23:44:02.662096+00:00,EUR_JPY,WAIT,0,57,57,178.532,UPPER_MID,S=NA(0) R=185.5115(8),CORR GBP_JPY=+0.97,,,
2026-09-08T23:44:02.662105+00:00,GBP_JPY,WAIT,0,57,57,207.926,UPPER_MID,S=NA(0) R=214.49949999999998(4),CORR EUR_JPY=+0.97,,,
2026-09-08T23:44:02.662113+00:00,EUR_USD,WAIT,36,5,36,1.16262,UPPER_25,S=1.1576133333333334(3) R=1.1641(1),CORR USD_JPY=-0.40,,,
2026-09-08T23:49:46.309449+00:00,USD_JPY,WAIT,0,57,57,153.494,UPPER_MID,S=NA(0) R=157.918(1),CORR EUR_JPY=+0.95,,,
2026-09-08T23:49:46.309479+00:00,EUR_JPY,WAIT,0,57,57,178.484,UPPER_MID,S=NA(0) R=185.5115(8),CORR GBP_JPY=+0.97,,,
2026-09-08T23:49:46.309485+00:00,GBP_JPY,WAIT,0,57,57,207.856,UPPER_MID,S=NA(0) R=214.49949999999998(4),CORR EUR_JPY=+0.97,,,
2026-09-08T23:49:46.309491+00:00,EUR_USD,WAIT,29,5,29,1.16275,UPPER_25,S=1.1576133333333334(3) R=1.1641(1),CORR USD_JPY=-0.40,,,
2026-09-08T23:55:29.462746+00:00,USD_JPY,WAIT,0,57,57,153.494,UPPER_MID,S=NA(0) R=157.918(1),CORR EUR_JPY=+0.95,,,
2026-09-08T23:55:29.462763+00:00,EUR_JPY,WAIT,0,57,57,178.484,UPPER_MID,S=NA(0) R=185.5115(8),CORR GBP_JPY=+0.97,,,
2026-09-08T23:55:29.462768+00:00,GBP_JPY,WAIT,0,57,57,207.856,UPPER_MID,S=NA(0) R=214.49949999999998(4),CORR EUR_JPY=+0.97,,,
2026-09-08T23:55:29.462773+00:00,EUR_USD,WAIT,29,5,29,1.16275,UPPER_25,S=1.1576133333333334(3) R=1.1641(1),CORR USD_JPY=-0.40,,,
2026-09-09T00:01:13.111004+00:00,USD_JPY,WAIT,0,57,57,153.446,UPPER_MID,S=NA(0) R=157.918(1),CORR EUR_JPY=+0.95,,,
2026-09-09T00:01:13.111024+00:00,EUR_JPY,WAIT,0,57,57,178.415,UPPER_MID,S=NA(0) R=185.5115(8),CORR GBP_JPY=+0.97,,,
2026-09-09T00:01:13.111031+00:00,GBP_JPY,WAIT,0,57,57,207.807,UPPER_MID,S=NA(0) R=214.49949999999998(4),CORR EUR_JPY=+0.97,,,
2026-09-09T00:01:13.111037+00:00,EUR_USD,WAIT,29,5,29,1.1627,UPPER_25,S=1.1576133333333334(3) R=1.1641(1),CORR USD_JPY=-0.41,,,
2026-09-09T00:06:55.493762+00:00,USD_JPY,WAIT,0,57,57,153.446,UPPER_MID,S=NA(0) R=157.918(1),CORR EUR_JPY=+0.95,,,
2026-09-09T00:06:55.493783+00:00,EUR_JPY,WAIT,0,57,57,178.415,UPPER_MID,S=NA(0) R=185.5115(8),CORR GBP_JPY=+0.97,,,
2026-09-09T00:06:55.493804+00:00,GBP_JPY,WAIT,0,57,57,207.807,UPPER_MID,S=NA(0) R=214.49949999999998(4),CORR EUR_JPY=+0.97,,,
2026-09-09T00:06:55.493816+00:00,EUR_USD,WAIT,29,5,29,1.1627,UPPER_25,S=1.1576133333333334(3) R=1.1641(1),CORR USD_JPY=-0.41,,,
2026-09-09T00:12:38.274911+00:00,USD_JPY,WAIT,0,57,57,153.446,UPPER_MID,S=NA(0) R=157.918(1),CORR EUR_JPY=+0.95,,,
2026-09-09T00:12:38.274927+00:00,EUR_JPY,WAIT,0,57,57,178.415,UPPER_MID,S=NA(0) R=185.5115(8),CORR GBP_JPY=+0.97,,,
2026-09-09T00:12:38.274933+00:00,GBP_JPY,WAIT,0,57,57,207.807,UPPER_MID,S=NA(0) R=214.49949999999998(4),CORR EUR_JPY=+0.97,,,
2026-09-09T00:12:38.274938+00:00,EUR_USD,WAIT,29,5,29,1.1627,UPPER_25,S=1.1576133333333334(3) R=1.1641(1),CORR USD_JPY=-0.41,,,
2026-09-09T00:18:21.278549+00:00,USD_JPY,WAIT,0,57,57,153.321,UPPER_MID,S=NA(0) R=157.918(1),CORR EUR_JPY=+0.95,,,
2026-09-09T00:18:21.278570+00:00,EUR_JPY,WAIT,0,57,57,178.319,UPPER_MID,S=NA(0) R=185.5115(8),CORR GBP_JPY=+0.97,,,
2026-09-09T00:18:21.278578+00:00,GBP_JPY,WAIT,0,57,57,207.687,UPPER_MID,S=NA(0) R=214.49949999999998(4),CORR EUR_JPY=+0.97,,,
2026-09-09T00:18:21.278585+00:00,EUR_USD,WAIT,36,5,36,1.16304,UPPER_25,S=1.1576133333333334(3) R=1.1641(1),CORR USD_JPY=-0.41,,,
2026-09-09T00:24:07.217346+00:00,USD_JPY,WAIT,0,57,57,153.321,UPPER_MID,S=NA(0) R=157.918(1),CORR EUR_JPY=+0.95,,,
2026-09-09T00:24:07.217367+00:00,EUR_JPY,WAIT,0,57,57,178.319,UPPER_MID,S=NA(0) R=185.5115(8),CORR GBP_JPY=+0.97,,,
2026-09-09T00:24:07.217375+00:00,GBP_JPY,WAIT,0,57,57,207.687,UPPER_MID,S=NA(0) R=214.49949999999998(4),CORR EUR_JPY=+0.97,,,
2026-09-09T00:24:07.217381+00:00,EUR_USD,WAIT,36,5,36,1.16304,UPPER_25,S=1.1576133333333334(3) R=1.1641(1),CORR USD_JPY=-0.41,,,
2026-09-09T00:29:51.328797+00:00,USD_JPY,WAIT,0,57,57,153.321,UPPER_MID,S=NA(0) R=157.918(1),CORR EUR_JPY=+0.95,,,
2026-09-09T00:29:51.328814+00:00,EUR_JPY,WAIT,0,57,57,178.319,UPPER_MID,S=NA(0) R=185.5115(8),CORR GBP_JPY=+0.97,,,
2026-09-09T00:29:51.328819+00:00,GBP_JPY,WAIT,0,57,57,207.687,UPPER_MID,S=NA(0) R=214.49949999999998(4),CORR EUR_JPY=+0.97,,,
2026-09-09T00:29:51.328825+00:00,EUR_USD,WAIT,36,5,36,1.16304,UPPER_25,S=1.1576133333333334(3) R=1.1641(1),CORR USD_JPY=-0.41,,,
2026-09-09T00:30:59.852326+00:00,USD_JPY,WAIT,0,57,57,153.358,UPPER_MID,S=NA(0) R=157.918(1),CORR EUR_JPY=+0.95,,,
2026-09-09T00:30:59.852344+00:00,EUR_JPY,WAIT,0,57,57,178.378,UPPER_MID,S=NA(0) R=185.5115(8),CORR GBP_JPY=+0.97,,,
2026-09-09T00:30:59.852353+00:00,GBP_JPY,WAIT,0,57,57,207.748,UPPER_MID,S=NA(0) R=214.49949999999998(4),CORR EUR_JPY=+0.97,,,
2026-09-09T00:30:59.852360+00:00,EUR_USD,WAIT,36,5,36,1.16313,UPPER_25,S=1.1576133333333334(3) R=1.1641(1),CORR USD_JPY=-0.41,,,
2026-09-09T00:36:47.506625+00:00,USD_JPY,WAIT,0,57,57,153.358,UPPER_MID,S=NA(0) R=157.918(1),CORR EUR_JPY=+0.95,,,
2026-09-09T00:36:47.506640+00:00,EUR_JPY,WAIT,0,57,57,178.378,UPPER_MID,S=NA(0) R=185.5115(8),CORR GBP_JPY=+0.97,,,
2026-09-09T00:36:47.506648+00:00,GBP_JPY,WAIT,0,57,57,207.748,UPPER_MID,S=NA(0) R=214.49949999999998(4),CORR EUR_JPY=+0.97,,,
2026-09-09T00:36:47.506655+00:00,EUR_USD,WAIT,36,5,36,1.16313,UPPER_25,S=1.1576133333333334(3) R=1.1641(1),CORR USD_JPY=-0.41,,,
2026-09-09T00:42:33.184811+00:00,USD_JPY,WAIT,0,57,57,153.358,UPPER_MID,S=NA(0) R=157.918(1),CORR EUR_JPY=+0.95,,,
2026-09-09T00:42:33.184824+00:00,EUR_JPY,WAIT,0,57,57,178.378,UPPER_MID,S=NA(0) R=185.5115(8),CORR GBP_JPY=+0.97,,,
2026-09-09T00:42:33.184829+00:00,GBP_JPY,WAIT,0,57,57,207.748,UPPER_MID,S=NA(0) R=214.49949999999998(4),CORR EUR_JPY=+0.97,,,
2026-09-09T00:42:33.184834+00:00,EUR_USD,WAIT,36,5,36,1.16313,UPPER_25,S=1.1576133333333334(3) R=1.1641(1),CORR USD_JPY=-0.41,,,
2026-09-09T00:48:17.766925+00:00,USD_JPY,WAIT,7,46,46,153.627,UPPER_MID,S=NA(0) R=157.918(1),CORR EUR_JPY=+0.95,,,
2026-09-09T00:48:17.766941+00:00,EUR_JPY,WAIT,7,46,46,178.678,UPPER_MID,S=NA(0) R=185.5115(8),CORR GBP_JPY=+0.97,,,
2026-09-09T00:48:17.766949+00:00,GBP_JPY,WAIT,7,46,46,208.086,UPPER_MID,S=NA(0) R=214.49949999999998(4),CORR EUR_JPY=+0.97,,,
2026-09-09T00:48:17.766956+00:00,EUR_USD,WAIT,29,5,29,1.16305,UPPER_25,S=1.1576133333333334(3) R=1.1641(1),CORR USD_JPY=-0.41,,,
2026-09-09T00:54:01.802752+00:00,USD_JPY,WAIT,7,46,46,153.627,UPPER_MID,S=NA(0) R=157.918(1),CORR EUR_JPY=+0.95,,,
2026-09-09T00:54:01.802765+00:00,EUR_JPY,WAIT,7,46,46,178.678,UPPER_MID,S=NA(0) R=185.5115(8),CORR GBP_JPY=+0.97,,,
2026-09-09T00:54:01.802777+00:00,GBP_JPY,WAIT,7,46,46,208.086,UPPER_MID,S=NA(0) R=214.49949999999998(4),CORR EUR_JPY=+0.97,,,
2026-09-09T00:54:01.802784+00:00,EUR_USD,WAIT,29,5,29,1.16305,UPPER_25,S=1.1576133333333334(3) R=1.1641(1),CORR USD_JPY=-0.41,,,
2026-09-09T00:59:46.299008+00:00,USD_JPY,WAIT,7,46,46,153.627,UPPER_MID,S=NA(0) R=157.918(1),CORR EUR_JPY=+0.95,,,
2026-09-09T00:59:46.299028+00:00,EUR_JPY,WAIT,7,46,46,178.678,UPPER_MID,S=NA(0) R=185.5115(8),CORR GBP_JPY=+0.97,,,
2026-09-09T00:59:46.299036+00:00,GBP_JPY,WAIT,7,46,46,208.086,UPPER_MID,S=NA(0) R=214.49949999999998(4),CORR EUR_JPY=+0.97,,,
2026-09-09T00:59:46.299043+00:00,EUR_USD,WAIT,29,5,29,1.16305,UPPER_25,S=1.1576133333333334(3) R=1.1641(1),CORR USD_JPY=-0.41,,,
2026-09-09T01:05:32.579210+00:00,USD_JPY,SHORT,7,64,64,153.57,UPPER_MID,S=NA(0) R=157.918(1),CORR EUR_JPY=+0.95,1.0,1.4999999999999967,
2026-09-09T01:05:32.579240+00:00,EUR_JPY,WAIT,7,53,53,178.637,UPPER_MID,S=NA(0) R=185.5115(8),CORR GBP_JPY=+0.97,,,
2026-09-09T01:05:32.579248+00:00,GBP_JPY,WAIT,7,53,53,208.056,UPPER_MID,S=NA(0) R=214.49949999999998(4),CORR EUR_JPY=+0.97,,,
2026-09-09T01:05:32.579255+00:00,EUR_USD,WAIT,42,5,42,1.16322,UPPER_25,S=1.1576133333333334(3) R=1.1641(1),CORR USD_JPY=-0.40,,,
2026-09-09T01:11:17.753644+00:00,USD_JPY,SHORT,7,64,64,153.57,UPPER_MID,S=NA(0) R=157.918(1),CORR EUR_JPY=+0.95,1.0,1.4999999999999967,
2026-09-09T01:11:17.753676+00:00,EUR_JPY,WAIT,7,53,53,178.637,UPPER_MID,S=NA(0) R=185.5115(8),CORR GBP_JPY=+0.97,,,
2026-09-09T01:11:17.753684+00:00,GBP_JPY,WAIT,7,53,53,208.056,UPPER_MID,S=NA(0) R=214.49949999999998(4),CORR EUR_JPY=+0.97,,,
2026-09-09T01:11:17.753691+00:00,EUR_USD,WAIT,42,5,42,1.16322,UPPER_25,S=1.1576133333333334(3) R=1.1641(1),CORR USD_JPY=-0.40,,,
2026-09-09T01:17:02.175594+00:00,USD_JPY,WAIT,0,46,46,153.722,UPPER_MID,S=NA(0) R=157.918(1),CORR EUR_JPY=+0.95,,,
2026-09-09T01:17:02.175604+00:00,EUR_JPY,WAIT,0,46,46,178.802,UPPER_MID,S=NA(0) R=185.5115(8),CORR GBP_JPY=+0.97,,,
2026-09-09T01:17:02.175609+00:00,GBP_JPY,WAIT,0,46,46,208.24,UPPER_MID,S=NA(0) R=214.49949999999998(4),CORR EUR_JPY=+0.97,,,
2026-09-09T01:17:02.175614+00:00,EUR_USD,WAIT,42,5,42,1.16312,UPPER_25,S=1.1576133333333334(3) R=1.1641(1),CORR USD_JPY=-0.40,,,
2026-09-09T01:22:33.115931+00:00,USD_JPY,WAIT,0,46,46,153.722,UPPER_MID,S=NA(0) R=157.918(1),CORR EUR_JPY=+0.95,,,
2026-09-09T01:22:33.115951+00:00,EUR_JPY,WAIT,0,46,46,178.802,UPPER_MID,S=NA(0) R=185.5115(8),CORR GBP_JPY=+0.97,,,
2026-09-09T01:22:33.115962+00:00,GBP_JPY,WAIT,0,46,46,208.24,UPPER_MID,S=NA(0) R=214.49949999999998(4),CORR EUR_JPY=+0.97,,,
2026-09-09T01:22:33.115972+00:00,EUR_USD,WAIT,42,5,42,1.16312,UPPER_25,S=1.1576133333333334(3) R=1.1641(1),CORR USD_JPY=-0.40,,,
2026-09-09T01:24:58.226550+00:00,USD_JPY,WAIT,0,46,46,153.722,UPPER_MID,S=NA(0) R=157.918(1),CORR EUR_JPY=+0.95,,,
2026-09-09T01:24:58.226572+00:00,EUR_JPY,WAIT,0,46,46,178.802,UPPER_MID,S=NA(0) R=185.5115(8),CORR GBP_JPY=+0.97,,,
2026-09-09T01:24:58.226582+00:00,GBP_JPY,WAIT,0,46,46,208.24,UPPER_MID,S=NA(0) R=214.49949999999998(4),CORR EUR_JPY=+0.97,,,
2026-09-09T01:24:58.226591+00:00,EUR_USD,WAIT,42,5,42,1.16312,UPPER_25,S=1.1576133333333334(3) R=1.1641(1),CORR USD_JPY=-0.40,,,
2026-09-09T01:30:42.494315+00:00,USD_JPY,WAIT,18,46,46,153.801,UPPER_MID,S=NA(0) R=157.918(1),CORR EUR_JPY=+0.95,,,
2026-09-09T01:30:42.494333+00:00,EUR_JPY,WAIT,18,46,46,178.852,UPPER_MID,S=NA(0) R=185.5115(8),CORR GBP_JPY=+0.97,,,
2026-09-09T01:30:42.494344+00:00,GBP_JPY,WAIT,18,46,46,208.3,UPPER_MID,S=NA(0) R=214.49949999999998(4),CORR EUR_JPY=+0.97,,,
2026-09-09T01:30:42.494353+00:00,EUR_USD,WAIT,31,5,31,1.16286,UPPER_25,S=1.1576133333333334(3) R=1.1641(1),CORR USD_JPY=-0.40,,,
2026-09-09T01:36:26.473811+00:00,USD_JPY,WAIT,18,46,46,153.801,UPPER_MID,S=NA(0) R=157.918(1),CORR EUR_JPY=+0.95,,,
2026-09-09T01:36:26.473830+00:00,EUR_JPY,WAIT,18,46,46,178.852,UPPER_MID,S=NA(0) R=185.5115(8),CORR GBP_JPY=+0.97,,,
2026-09-09T01:36:26.473842+00:00,GBP_JPY,WAIT,18,46,46,208.3,UPPER_MID,S=NA(0) R=214.49949999999998(4),CORR EUR_JPY=+0.97,,,
2026-09-09T01:36:26.473852+00:00,EUR_USD,WAIT,31,5,31,1.16286,UPPER_25,S=1.1576133333333334(3) R=1.1641(1),CORR USD_JPY=-0.40,,,
2026-09-09T01:42:10.458763+00:00,USD_JPY,WAIT,18,53,53,153.801,UPPER_MID,S=NA(0) R=157.918(1),CORR EUR_JPY=+0.95,,,
2026-09-09T01:42:10.458783+00:00,EUR_JPY,WAIT,18,53,53,178.852,UPPER_MID,S=NA(0) R=185.5115(8),CORR GBP_JPY=+0.97,,,
2026-09-09T01:42:10.458800+00:00,GBP_JPY,WAIT,18,53,53,208.3,UPPER_MID,S=NA(0) R=214.49949999999998(4),CORR EUR_JPY=+0.97,,,
2026-09-09T01:42:10.458811+00:00,EUR_USD,WAIT,31,5,31,1.16286,UPPER_25,S=1.1576133333333334(3) R=1.1641(1),CORR USD_JPY=-0.40,,,
2026-09-09T01:47:54.519218+00:00,USD_JPY,WAIT,18,53,53,153.705,UPPER_MID,S=NA(0) R=157.918(1),CORR EUR_JPY=+0.95,,,
2026-09-09T01:47:54.519232+00:00,EUR_JPY,WAIT,18,53,53,178.74,UPPER_MID,S=NA(0) R=185.5115(8),CORR GBP_JPY=+0.97,,,
2026-09-09T01:47:54.519240+00:00,GBP_JPY,WAIT,18,53,53,208.149,UPPER_MID,S=NA(0) R=214.49949999999998(4),CORR EUR_JPY=+0.97,,,
2026-09-09T01:47:54.519253+00:00,EUR_USD,WAIT,31,5,31,1.16286,UPPER_25,S=1.1576133333333334(3) R=1.1641(1),CORR USD_JPY=-0.40,,,
2026-09-09T01:53:38.309060+00:00,USD_JPY,WAIT,18,53,53,153.705,UPPER_MID,S=NA(0) R=157.918(1),CORR EUR_JPY=+0.95,,,
2026-09-09T01:53:38.309099+00:00,EUR_JPY,WAIT,18,53,53,178.74,UPPER_MID,S=NA(0) R=185.5115(8),CORR GBP_JPY=+0.97,,,
2026-09-09T01:53:38.309112+00:00,GBP_JPY,WAIT,18,53,53,208.149,UPPER_MID,S=NA(0) R=214.49949999999998(4),CORR EUR_JPY=+0.97,,,
2026-09-09T01:53:38.309122+00:00,EUR_USD,WAIT,31,5,31,1.16286,UPPER_25,S=1.1576133333333334(3) R=1.1641(1),CORR USD_JPY=-0.40,,,
2026-09-09T01:59:21.821325+00:00,USD_JPY,WAIT,18,46,46,153.705,UPPER_MID,S=NA(0) R=157.918(1),CORR EUR_JPY=+0.95,,,
2026-09-09T01:59:21.821346+00:00,EUR_JPY,WAIT,18,46,46,178.74,UPPER_MID,S=NA(0) R=185.5115(8),CORR GBP_JPY=+0.97,,,
2026-09-09T01:59:21.821356+00:00,GBP_JPY,WAIT,18,46,46,208.149,UPPER_MID,S=NA(0) R=214.49949999999998(4),CORR EUR_JPY=+0.97,,,
2026-09-09T01:59:21.821361+00:00,EUR_USD,WAIT,31,5,31,1.16286,UPPER_25,S=1.1576133333333334(3) R=1.1641(1),CORR USD_JPY=-0.40,,,
2026-09-09T02:05:05.917142+00:00,USD_JPY,WAIT,0,56,56,153.549,UPPER_MID,S=NA(0) R=157.918(1),CORR EUR_JPY=+0.95,,,
2026-09-09T02:05:05.917160+00:00,EUR_JPY,WAIT,0,56,56,178.598,UPPER_MID,S=NA(0) R=185.5115(8),CORR GBP_JPY=+0.97,,,
2026-09-09T02:05:05.917171+00:00,GBP_JPY,WAIT,0,56,56,207.998,UPPER_MID,S=NA(0) R=214.49949999999998(4),CORR EUR_JPY=+0.97,,,
2026-09-09T02:05:05.917181+00:00,EUR_USD,WAIT,42,5,42,1.16311,UPPER_25,S=1.1576133333333334(3) R=1.1641(1),CORR USD_JPY=-0.39,,,
2026-09-09T02:10:50.521938+00:00,USD_JPY,WAIT,0,56,56,153.549,UPPER_MID,S=NA(0) R=157.918(1),CORR EUR_JPY=+0.95,,,
2026-09-09T02:10:50.521957+00:00,EUR_JPY,WAIT,0,56,56,178.598,UPPER_MID,S=NA(0) R=185.5115(8),CORR GBP_JPY=+0.97,,,
2026-09-09T02:10:50.521969+00:00,GBP_JPY,WAIT,0,56,56,207.998,UPPER_MID,S=NA(0) R=214.49949999999998(4),CORR EUR_JPY=+0.97,,,
2026-09-09T02:10:50.521979+00:00,EUR_USD,WAIT,42,5,42,1.16311,UPPER_25,S=1.1576133333333334(3) R=1.1641(1),CORR USD_JPY=-0.39,,,
2026-09-09T02:16:33.577895+00:00,USD_JPY,WAIT,0,56,56,153.592,UPPER_MID,S=NA(0) R=157.918(1),CORR EUR_JPY=+0.95,,,
2026-09-09T02:16:33.577915+00:00,EUR_JPY,WAIT,0,56,56,178.628,UPPER_MID,S=NA(0) R=185.5115(8),CORR GBP_JPY=+0.97,,,
2026-09-09T02:16:33.577927+00:00,GBP_JPY,WAIT,0,56,56,208.013,UPPER_MID,S=NA(0) R=214.49949999999998(4),CORR EUR_JPY=+0.97,,,
2026-09-09T02:16:33.577937+00:00,EUR_USD,WAIT,42,12,42,1.163,UPPER_25,S=1.1576133333333334(3) R=1.1641(1),CORR USD_JPY=-0.39,,,
2026-09-09T02:22:17.879987+00:00,USD_JPY,WAIT,0,56,56,153.592,UPPER_MID,S=NA(0) R=157.918(1),CORR EUR_JPY=+0.95,,,
2026-09-09T02:22:17.880007+00:00,EUR_JPY,WAIT,0,56,56,178.628,UPPER_MID,S=NA(0) R=185.5115(8),CORR GBP_JPY=+0.97,,,
2026-09-09T02:22:17.880019+00:00,GBP_JPY,WAIT,0,56,56,208.013,UPPER_MID,S=NA(0) R=214.49949999999998(4),CORR EUR_JPY=+0.97,,,
2026-09-09T02:22:17.880029+00:00,EUR_USD,WAIT,42,12,42,1.163,UPPER_25,S=1.1576133333333334(3) R=1.1641(1),CORR USD_JPY=-0.39,,,
2026-09-09T02:28:03.375127+00:00,USD_JPY,WAIT,0,56,56,153.592,UPPER_MID,S=NA(0) R=157.918(1),CORR EUR_JPY=+0.95,,,
2026-09-09T02:28:03.375145+00:00,EUR_JPY,WAIT,0,56,56,178.628,UPPER_MID,S=NA(0) R=185.5115(8),CORR GBP_JPY=+0.97,,,
2026-09-09T02:28:03.375155+00:00,GBP_JPY,WAIT,0,56,56,208.013,UPPER_MID,S=NA(0) R=214.49949999999998(4),CORR EUR_JPY=+0.97,,,
2026-09-09T02:28:03.375165+00:00,EUR_USD,WAIT,42,12,42,1.163,UPPER_25,S=1.1576133333333334(3) R=1.1641(1),CORR USD_JPY=-0.39,,,
2026-09-09T02:29:17.614007+00:00,USD_JPY,WAIT,0,56,56,153.592,UPPER_MID,S=NA(0) R=157.918(1),CORR EUR_JPY=+0.95,,,
2026-09-09T02:29:17.614025+00:00,EUR_JPY,WAIT,0,56,56,178.628,UPPER_MID,S=NA(0) R=185.5115(8),CORR GBP_JPY=+0.97,,,
2026-09-09T02:29:17.614036+00:00,GBP_JPY,WAIT,0,56,56,208.013,UPPER_MID,S=NA(0) R=214.49949999999998(4),CORR EUR_JPY=+0.97,,,
2026-09-09T02:29:17.614044+00:00,EUR_USD,WAIT,42,12,42,1.163,UPPER_25,S=1.1576133333333334(3) R=1.1641(1),CORR USD_JPY=-0.39,,,
2026-09-09T02:35:10.627460+00:00,USD_JPY,WAIT,11,56,56,153.672,UPPER_MID,S=NA(0) R=157.918(1),CORR EUR_JPY=+0.95,,,
2026-09-09T02:35:10.627480+00:00,EUR_JPY,WAIT,11,56,56,178.694,UPPER_MID,S=NA(0) R=185.5115(8),CORR GBP_JPY=+0.97,,,
2026-09-09T02:35:10.627491+00:00,GBP_JPY,WAIT,11,56,56,208.1,UPPER_MID,S=NA(0) R=214.49949999999998(4),CORR EUR_JPY=+0.97,,,
2026-09-09T02:35:10.627504+00:00,EUR_USD,WAIT,31,12,31,1.16282,UPPER_25,S=1.1576133333333334(3) R=1.1641(1),CORR USD_JPY=-0.39,,,
2026-09-09T02:41:04.315218+00:00,USD_JPY,WAIT,11,56,56,153.672,UPPER_MID,S=NA(0) R=157.918(1),CORR EUR_JPY=+0.95,,,
2026-09-09T02:41:04.315237+00:00,EUR_JPY,WAIT,11,56,56,178.694,UPPER_MID,S=NA(0) R=185.5115(8),CORR GBP_JPY=+0.97,,,
2026-09-09T02:41:04.315246+00:00,GBP_JPY,WAIT,11,56,56,208.1,UPPER_MID,S=NA(0) R=214.49949999999998(4),CORR EUR_JPY=+0.97,,,
2026-09-09T02:41:04.315251+00:00,EUR_USD,WAIT,31,12,31,1.16282,UPPER_25,S=1.1576133333333334(3) R=1.1641(1),CORR USD_JPY=-0.39,,,
2026-09-09T02:46:59.890737+00:00,USD_JPY,WAIT,0,57,57,153.571,UPPER_MID,S=NA(0) R=157.918(1),CORR EUR_JPY=+0.95,,,
2026-09-09T02:46:59.890750+00:00,EUR_JPY,WAIT,0,57,57,178.588,UPPER_MID,S=NA(0) R=185.5115(8),CORR GBP_JPY=+0.97,,,
2026-09-09T02:46:59.890758+00:00,GBP_JPY,WAIT,0,57,57,207.994,UPPER_MID,S=NA(0) R=214.49949999999998(4),CORR EUR_JPY=+0.97,,,
2026-09-09T02:46:59.890764+00:00,EUR_USD,WAIT,31,5,31,1.16288,UPPER_25,S=1.1576133333333334(3) R=1.1641(1),CORR USD_JPY=-0.39,,,
2026-09-09T02:52:52.167236+00:00,USD_JPY,WAIT,0,57,57,153.571,UPPER_MID,S=NA(0) R=157.918(1),CORR EUR_JPY=+0.95,,,
2026-09-09T02:52:52.167253+00:00,EUR_JPY,WAIT,0,57,57,178.588,UPPER_MID,S=NA(0) R=185.5115(8),CORR GBP_JPY=+0.97,,,
2026-09-09T02:52:52.167264+00:00,GBP_JPY,WAIT,0,57,57,207.994,UPPER_MID,S=NA(0) R=214.49949999999998(4),CORR EUR_JPY=+0.97,,,
2026-09-09T02:52:52.167273+00:00,EUR_USD,WAIT,31,5,31,1.16288,UPPER_25,S=1.1576133333333334(3) R=1.1641(1),CORR USD_JPY=-0.39,,,
2026-09-09T02:58:46.073547+00:00,USD_JPY,WAIT,0,57,57,153.571,UPPER_MID,S=NA(0) R=157.918(1),CORR EUR_JPY=+0.95,,,
2026-09-09T02:58:46.073565+00:00,EUR_JPY,WAIT,0,57,57,178.588,UPPER_MID,S=NA(0) R=185.5115(8),CORR GBP_JPY=+0.97,,,
2026-09-09T02:58:46.073575+00:00,GBP_JPY,WAIT,0,57,57,207.994,UPPER_MID,S=NA(0) R=214.49949999999998(4),CORR EUR_JPY=+0.97,,,
2026-09-09T02:58:46.073584+00:00,EUR_USD,WAIT,31,5,31,1.16288,UPPER_25,S=1.1576133333333334(3) R=1.1641(1),CORR USD_JPY=-0.39,,,
2026-09-09T03:04:40.829719+00:00,USD_JPY,WAIT,0,57,57,153.508,UPPER_MID,S=NA(0) R=157.918(1),CORR EUR_JPY=+0.95,,,
2026-09-09T03:04:40.829740+00:00,EUR_JPY,WAIT,0,57,57,178.545,UPPER_MID,S=NA(0) R=185.5115(8),CORR GBP_JPY=+0.97,,,
2026-09-09T03:04:40.829751+00:00,GBP_JPY,WAIT,0,57,57,207.953,UPPER_MID,S=NA(0) R=214.49949999999998(4),CORR EUR_JPY=+0.97,,,
2026-09-09T03:04:40.829760+00:00,EUR_USD,WAIT,42,5,42,1.16308,UPPER_25,S=1.1576133333333334(3) R=1.1641(1),CORR USD_JPY=-0.39,,,
2026-09-09T03:10:34.999246+00:00,USD_JPY,WAIT,0,57,57,153.508,UPPER_MID,S=NA(0) R=157.918(1),CORR EUR_JPY=+0.95,,,
2026-09-09T03:10:34.999265+00:00,EUR_JPY,WAIT,0,57,57,178.545,UPPER_MID,S=NA(0) R=185.5115(8),CORR GBP_JPY=+0.97,,,
2026-09-09T03:10:34.999274+00:00,GBP_JPY,WAIT,0,57,57,207.953,UPPER_MID,S=NA(0) R=214.49949999999998(4),CORR EUR_JPY=+0.97,,,
2026-09-09T03:10:34.999282+00:00,EUR_USD,WAIT,42,5,42,1.16308,UPPER_25,S=1.1576133333333334(3) R=1.1641(1),CORR USD_JPY=-0.39,,,
2026-09-09T03:16:27.741775+00:00,USD_JPY,WAIT,7,57,57,153.571,UPPER_MID,S=NA(0) R=157.918(1),CORR EUR_JPY=+0.95,,,
2026-09-09T03:16:27.741798+00:00,EUR_JPY,WAIT,7,57,57,178.615,UPPER_MID,S=NA(0) R=185.5115(8),CORR GBP_JPY=+0.97,,,
2026-09-09T03:16:27.741809+00:00,GBP_JPY,WAIT,7,57,57,208.02,UPPER_MID,S=NA(0) R=214.49949999999998(4),CORR EUR_JPY=+0.97,,,
2026-09-09T03:16:27.741817+00:00,EUR_USD,WAIT,42,5,42,1.16307,UPPER_25,S=1.1576133333333334(3) R=1.1641(1),CORR USD_JPY=-0.39,,,
2026-09-09T03:22:22.382972+00:00,USD_JPY,WAIT,7,57,57,153.571,UPPER_MID,S=NA(0) R=157.918(1),CORR EUR_JPY=+0.95,,,
2026-09-09T03:22:22.382990+00:00,EUR_JPY,WAIT,7,57,57,178.615,UPPER_MID,S=NA(0) R=185.5115(8),CORR GBP_JPY=+0.97,,,
2026-09-09T03:22:22.383001+00:00,GBP_JPY,WAIT,7,57,57,208.02,UPPER_MID,S=NA(0) R=214.49949999999998(4),CORR EUR_JPY=+0.97,,,
2026-09-09T03:22:22.383015+00:00,EUR_USD,WAIT,42,5,42,1.16307,UPPER_25,S=1.1576133333333334(3) R=1.1641(1),CORR USD_JPY=-0.39,,,
2026-09-09T03:28:15.516173+00:00,USD_JPY,WAIT,7,57,57,153.571,UPPER_MID,S=NA(0) R=157.918(1),CORR EUR_JPY=+0.95,,,
2026-09-09T03:28:15.516192+00:00,EUR_JPY,WAIT,7,57,57,178.615,UPPER_MID,S=NA(0) R=185.5115(8),CORR GBP_JPY=+0.97,,,
2026-09-09T03:28:15.516202+00:00,GBP_JPY,WAIT,7,57,57,208.02,UPPER_MID,S=NA(0) R=214.49949999999998(4),CORR EUR_JPY=+0.97,,,
2026-09-09T03:28:15.516211+00:00,EUR_USD,WAIT,42,5,42,1.16307,UPPER_25,S=1.1576133333333334(3) R=1.1641(1),CORR USD_JPY=-0.39,,,
2026-09-09T03:34:08.958415+00:00,USD_JPY,WAIT,7,57,57,153.544,UPPER_MID,S=NA(0) R=157.918(1),CORR EUR_JPY=+0.95,,,
2026-09-09T03:34:08.958434+00:00,EUR_JPY,WAIT,7,57,57,178.571,UPPER_MID,S=NA(0) R=185.5115(8),CORR GBP_JPY=+0.97,,,
2026-09-09T03:34:08.958445+00:00,GBP_JPY,WAIT,7,57,57,207.977,UPPER_MID,S=NA(0) R=214.49949999999998(4),CORR EUR_JPY=+0.97,,,
2026-09-09T03:34:08.958456+00:00,EUR_USD,WAIT,42,12,42,1.16298,UPPER_25,S=1.1576133333333334(3) R=1.1641(1),CORR USD_JPY=-0.39,,,
2026-09-09T03:36:00.733591+00:00,USD_JPY,WAIT,7,57,57,153.544,UPPER_MID,S=NA(0) R=157.918(1),CORR EUR_JPY=+0.95,,,
2026-09-09T03:36:00.733605+00:00,EUR_JPY,WAIT,7,57,57,178.571,UPPER_MID,S=NA(0) R=185.5115(8),CORR GBP_JPY=+0.97,,,
2026-09-09T03:36:00.733612+00:00,GBP_JPY,WAIT,7,57,57,207.977,UPPER_MID,S=NA(0) R=214.49949999999998(4),CORR EUR_JPY=+0.97,,,
2026-09-09T03:36:00.733628+00:00,EUR_USD,WAIT,42,12,42,1.16298,UPPER_25,S=1.1576133333333334(3) R=1.1641(1),CORR USD_JPY=-0.39,,,
2026-09-09T03:41:55.098927+00:00,USD_JPY,WAIT,7,57,57,153.544,UPPER_MID,S=NA(0) R=157.918(1),CORR EUR_JPY=+0.95,,,
2026-09-09T03:41:55.098948+00:00,EUR_JPY,WAIT,7,57,57,178.571,UPPER_MID,S=NA(0) R=185.5115(8),CORR GBP_JPY=+0.97,,,
2026-09-09T03:41:55.098960+00:00,GBP_JPY,WAIT,7,57,57,207.977,UPPER_MID,S=NA(0) R=214.49949999999998(4),CORR EUR_JPY=+0.97,,,
2026-09-09T03:41:55.098971+00:00,EUR_USD,WAIT,42,12,42,1.16298,UPPER_25,S=1.1576133333333334(3) R=1.1641(1),CORR USD_JPY=-0.39,,,
2026-09-09T03:47:47.618329+00:00,USD_JPY,WAIT,0,57,57,153.383,UPPER_MID,S=NA(0) R=157.918(1),CORR EUR_JPY=+0.95,,,
2026-09-09T03:47:47.618358+00:00,EUR_JPY,WAIT,0,57,57,178.403,UPPER_MID,S=NA(0) R=185.5115(8),CORR GBP_JPY=+0.97,,,
2026-09-09T03:47:47.618370+00:00,GBP_JPY,WAIT,0,57,57,207.791,UPPER_MID,S=NA(0) R=214.49949999999998(4),CORR EUR_JPY=+0.97,,,
2026-09-09T03:47:47.618380+00:00,EUR_USD,WAIT,42,12,42,1.16311,UPPER_25,S=1.1576133333333334(3) R=1.1641(1),CORR USD_JPY=-0.39,,,
2026-09-09T03:53:42.704670+00:00,USD_JPY,WAIT,0,57,57,153.383,UPPER_MID,S=NA(0) R=157.918(1),CORR EUR_JPY=+0.95,,,
2026-09-09T03:53:42.704691+00:00,EUR_JPY,WAIT,0,57,57,178.403,UPPER_MID,S=NA(0) R=185.5115(8),CORR GBP_JPY=+0.97,,,
2026-09-09T03:53:42.704705+00:00,GBP_JPY,WAIT,0,57,57,207.791,UPPER_MID,S=NA(0) R=214.49949999999998(4),CORR EUR_JPY=+0.97,,,
2026-09-09T03:53:42.704736+00:00,EUR_USD,WAIT,42,12,42,1.16311,UPPER_25,S=1.1576133333333334(3) R=1.1641(1),CORR USD_JPY=-0.39,,,
2026-09-09T03:59:37.072042+00:00,USD_JPY,WAIT,0,57,57,153.383,UPPER_MID,S=NA(0) R=157.918(1),CORR EUR_JPY=+0.95,,,
2026-09-09T03:59:37.072062+00:00,EUR_JPY,WAIT,0,57,57,178.403,UPPER_MID,S=NA(0) R=185.5115(8),CORR GBP_JPY=+0.97,,,
2026-09-09T03:59:37.072074+00:00,GBP_JPY,WAIT,0,57,57,207.791,UPPER_MID,S=NA(0) R=214.49949999999998(4),CORR EUR_JPY=+0.97,,,
2026-09-09T03:59:37.072085+00:00,EUR_USD,WAIT,42,12,42,1.16311,UPPER_25,S=1.1576133333333334(3) R=1.1641(1),CORR USD_JPY=-0.39,,,
2026-09-09T04:05:31.386552+00:00,USD_JPY,WAIT,0,57,57,153.446,UPPER_MID,S=NA(0) R=157.918(1),CORR EUR_JPY=+0.95,,,
2026-09-09T04:05:31.386571+00:00,EUR_JPY,WAIT,0,57,57,178.459,UPPER_MID,S=NA(0) R=185.5115(8),CORR GBP_JPY=+0.97,,,
2026-09-09T04:05:31.386586+00:00,GBP_JPY,WAIT,0,57,57,207.841,UPPER_MID,S=NA(0) R=214.49949999999998(4),CORR EUR_JPY=+0.97,,,
2026-09-09T04:05:31.386598+00:00,EUR_USD,WAIT,42,5,42,1.163,UPPER_25,S=1.1576133333333334(3) R=1.1641(1),CORR USD_JPY=-0.39,,,
2026-09-09T04:11:27.038977+00:00,USD_JPY,WAIT,0,57,57,153.446,UPPER_MID,S=NA(0) R=157.918(1),CORR EUR_JPY=+0.95,,,
2026-09-09T04:11:27.038998+00:00,EUR_JPY,WAIT,0,57,57,178.459,UPPER_MID,S=NA(0) R=185.5115(8),CORR GBP_JPY=+0.97,,,
2026-09-09T04:11:27.039010+00:00,GBP_JPY,WAIT,0,57,57,207.841,UPPER_MID,S=NA(0) R=214.49949999999998(4),CORR EUR_JPY=+0.97,,,
2026-09-09T04:11:27.039020+00:00,EUR_USD,WAIT,42,5,42,1.163,UPPER_25,S=1.1576133333333334(3) R=1.1641(1),CORR USD_JPY=-0.39,,,
2026-09-09T04:17:22.131908+00:00,USD_JPY,WAIT,0,57,57,153.369,UPPER_MID,S=NA(0) R=157.918(1),CORR EUR_JPY=+0.95,,,
2026-09-09T04:17:22.131922+00:00,EUR_JPY,WAIT,0,57,57,178.381,UPPER_MID,S=NA(0) R=185.5115(8),CORR GBP_JPY=+0.97,,,
2026-09-09T04:17:22.131929+00:00,GBP_JPY,WAIT,0,57,57,207.76,UPPER_MID,S=NA(0) R=214.49949999999998(4),CORR EUR_JPY=+0.97,,,
2026-09-09T04:17:22.131941+00:00,EUR_USD,WAIT,42,5,42,1.16306,UPPER_25,S=1.1576133333333334(3) R=1.1641(1),CORR USD_JPY=-0.39,,,
2026-09-09T04:23:19.531170+00:00,USD_JPY,WAIT,0,57,57,153.369,UPPER_MID,S=NA(0) R=157.918(1),CORR EUR_JPY=+0.95,,,
2026-09-09T04:23:19.531190+00:00,EUR_JPY,WAIT,0,57,57,178.381,UPPER_MID,S=NA(0) R=185.5115(8),CORR GBP_JPY=+0.97,,,
2026-09-09T04:23:19.531202+00:00,GBP_JPY,WAIT,0,57,57,207.76,UPPER_MID,S=NA(0) R=214.49949999999998(4),CORR EUR_JPY=+0.97,,,
2026-09-09T04:23:19.531211+00:00,EUR_USD,WAIT,42,5,42,1.16306,UPPER_25,S=1.1576133333333334(3) R=1.1641(1),CORR USD_JPY=-0.39,,,
2026-09-09T04:29:14.290291+00:00,USD_JPY,WAIT,0,57,57,153.369,UPPER_MID,S=NA(0) R=157.918(1),CORR EUR_JPY=+0.95,,,
2026-09-09T04:29:14.290310+00:00,EUR_JPY,WAIT,0,57,57,178.381,UPPER_MID,S=NA(0) R=185.5115(8),CORR GBP_JPY=+0.97,,,
2026-09-09T04:29:14.290322+00:00,GBP_JPY,WAIT,0,57,57,207.76,UPPER_MID,S=NA(0) R=214.49949999999998(4),CORR EUR_JPY=+0.97,,,
2026-09-09T04:29:14.290333+00:00,EUR_USD,WAIT,42,5,42,1.16306,UPPER_25,S=1.1576133333333334(3) R=1.1641(1),CORR USD_JPY=-0.39,,,
2026-09-09T04:35:07.811552+00:00,USD_JPY,WAIT,0,57,57,153.325,UPPER_MID,S=NA(0) R=157.918(1),CORR EUR_JPY=+0.95,,,
2026-09-09T04:35:07.811571+00:00,EUR_JPY,WAIT,0,57,57,178.358,UPPER_MID,S=NA(0) R=185.5115(8),CORR GBP_JPY=+0.97,,,
2026-09-09T04:35:07.811582+00:00,GBP_JPY,WAIT,0,57,57,207.725,UPPER_MID,S=NA(0) R=214.49949999999998(4),CORR EUR_JPY=+0.97,,,
2026-09-09T04:35:07.811591+00:00,EUR_USD,WAIT,42,5,42,1.16324,UPPER_25,S=1.1576133333333334(3) R=1.1641(1),CORR USD_JPY=-0.39,,,
2026-09-09T04:41:03.694398+00:00,USD_JPY,WAIT,0,57,57,153.325,UPPER_MID,S=NA(0) R=157.918(1),CORR EUR_JPY=+0.95,,,
2026-09-09T04:41:03.694419+00:00,EUR_JPY,WAIT,0,57,57,178.358,UPPER_MID,S=NA(0) R=185.5115(8),CORR GBP_JPY=+0.97,,,
2026-09-09T04:41:03.694427+00:00,GBP_JPY,WAIT,0,57,57,207.725,UPPER_MID,S=NA(0) R=214.49949999999998(4),CORR EUR_JPY=+0.97,,,
2026-09-09T04:41:03.694432+00:00,EUR_USD,WAIT,42,5,42,1.16324,UPPER_25,S=1.1576133333333334(3) R=1.1641(1),CORR USD_JPY=-0.39,,,
2026-09-09T04:42:09.369810+00:00,USD_JPY,WAIT,0,57,57,153.325,UPPER_MID,S=NA(0) R=157.918(1),CORR EUR_JPY=+0.95,,,
2026-09-09T04:42:09.369823+00:00,EUR_JPY,WAIT,0,57,57,178.358,UPPER_MID,S=NA(0) R=185.5115(8),CORR GBP_JPY=+0.97,,,
2026-09-09T04:42:09.369831+00:00,GBP_JPY,WAIT,0,57,57,207.725,UPPER_MID,S=NA(0) R=214.49949999999998(4),CORR EUR_JPY=+0.97,,,
2026-09-09T04:42:09.369838+00:00,EUR_USD,WAIT,42,5,42,1.16324,UPPER_25,S=1.1576133333333334(3) R=1.1641(1),CORR USD_JPY=-0.39,,,
2026-09-09T04:47:57.006975+00:00,USD_JPY,WAIT,0,57,57,153.382,UPPER_MID,S=NA(0) R=157.918(1),CORR EUR_JPY=+0.95,,,
2026-09-09T04:47:57.006991+00:00,EUR_JPY,WAIT,0,57,57,178.406,UPPER_MID,S=NA(0) R=185.5115(8),CORR GBP_JPY=+0.97,,,
2026-09-09T04:47:57.007000+00:00,GBP_JPY,WAIT,0,57,57,207.794,UPPER_MID,S=NA(0) R=214.49949999999998(4),CORR EUR_JPY=+0.97,,,
2026-09-09T04:47:57.007007+00:00,EUR_USD,WAIT,42,12,42,1.16312,UPPER_25,S=1.1576133333333334(3) R=1.1641(1),CORR USD_JPY=-0.39,,,
2026-09-09T04:53:43.216863+00:00,USD_JPY,WAIT,0,57,57,153.382,UPPER_MID,S=NA(0) R=157.918(1),CORR EUR_JPY=+0.95,,,
2026-09-09T04:53:43.216877+00:00,EUR_JPY,WAIT,0,57,57,178.406,UPPER_MID,S=NA(0) R=185.5115(8),CORR GBP_JPY=+0.97,,,
2026-09-09T04:53:43.216885+00:00,GBP_JPY,WAIT,0,57,57,207.794,UPPER_MID,S=NA(0) R=214.49949999999998(4),CORR EUR_JPY=+0.97,,,
2026-09-09T04:53:43.216891+00:00,EUR_USD,WAIT,42,12,42,1.16312,UPPER_25,S=1.1576133333333334(3) R=1.1641(1),CORR USD_JPY=-0.39,,,
2026-09-09T04:59:30.420029+00:00,USD_JPY,WAIT,0,57,57,153.382,UPPER_MID,S=NA(0) R=157.918(1),CORR EUR_JPY=+0.95,,,
2026-09-09T04:59:30.420046+00:00,EUR_JPY,WAIT,0,57,57,178.406,UPPER_MID,S=NA(0) R=185.5115(8),CORR GBP_JPY=+0.97,,,
2026-09-09T04:59:30.420054+00:00,GBP_JPY,WAIT,0,57,57,207.794,UPPER_MID,S=NA(0) R=214.49949999999998(4),CORR EUR_JPY=+0.97,,,
2026-09-09T04:59:30.420062+00:00,EUR_USD,WAIT,42,12,42,1.16312,UPPER_25,S=1.1576133333333334(3) R=1.1641(1),CORR USD_JPY=-0.39,,,
2026-09-09T05:05:18.683802+00:00,USD_JPY,WAIT,7,57,57,153.459,UPPER_MID,S=NA(0) R=157.918(1),CORR EUR_JPY=+0.95,,,
2026-09-09T05:05:18.683816+00:00,EUR_JPY,WAIT,7,53,53,178.517,UPPER_MID,S=NA(0) R=185.5115(8),CORR GBP_JPY=+0.97,,,
2026-09-09T05:05:18.683824+00:00,GBP_JPY,WAIT,7,46,46,207.942,UPPER_MID,S=NA(0) R=214.49949999999998(4),CORR EUR_JPY=+0.97,,,
2026-09-09T05:05:18.683832+00:00,EUR_USD,WAIT,49,5,49,1.16327,UPPER_25,S=1.1576133333333334(3) R=1.1641(1),CORR USD_JPY=-0.39,,,
2026-09-09T05:11:04.249575+00:00,USD_JPY,WAIT,7,64,64,153.459,UPPER_MID,S=NA(0) R=157.918(1),CORR EUR_JPY=+0.95,0.649999999999999,1.0,RR_LOW=0.65
2026-09-09T05:11:04.249601+00:00,EUR_JPY,WAIT,7,53,53,178.517,UPPER_MID,S=NA(0) R=185.5115(8),CORR GBP_JPY=+0.97,,,
2026-09-09T05:11:04.249610+00:00,GBP_JPY,WAIT,7,53,53,207.942,UPPER_MID,S=NA(0) R=214.49949999999998(4),CORR EUR_JPY=+0.97,,,
2026-09-09T05:11:04.249615+00:00,EUR_USD,WAIT,49,5,49,1.16327,UPPER_25,S=1.1576133333333334(3) R=1.1641(1),CORR USD_JPY=-0.39,,,
2026-09-09T05:16:48.493854+00:00,USD_JPY,WAIT,7,64,64,153.441,UPPER_MID,S=NA(0) R=157.918(1),CORR EUR_JPY=+0.95,0.6499999999999968,1.0,RR_LOW=0.65
2026-09-09T05:16:48.493880+00:00,EUR_JPY,WAIT,7,53,53,178.513,UPPER_MID,S=NA(0) R=185.5115(8),CORR GBP_JPY=+0.97,,,
2026-09-09T05:16:48.493889+00:00,GBP_JPY,WAIT,7,53,53,207.935,UPPER_MID,S=NA(0) R=214.49949999999998(4),CORR EUR_JPY=+0.97,,,
2026-09-09T05:16:48.493896+00:00,EUR_USD,WAIT,49,5,49,1.16339,UPPER_25,S=1.1576133333333334(3) R=1.1641(1),CORR USD_JPY=-0.39,,,
2026-09-09T05:22:35.908401+00:00,USD_JPY,WAIT,7,64,64,153.441,UPPER_MID,S=NA(0) R=157.918(1),CORR EUR_JPY=+0.95,0.6499999999999968,1.0,RR_LOW=0.65
2026-09-09T05:22:35.908427+00:00,EUR_JPY,WAIT,7,53,53,178.513,UPPER_MID,S=NA(0) R=185.5115(8),CORR GBP_JPY=+0.97,,,
2026-09-09T05:22:35.908449+00:00,GBP_JPY,WAIT,7,53,53,207.935,UPPER_MID,S=NA(0) R=214.49949999999998(4),CORR EUR_JPY=+0.97,,,
2026-09-09T05:22:35.908456+00:00,EUR_USD,WAIT,49,5,49,1.16339,UPPER_25,S=1.1576133333333334(3) R=1.1641(1),CORR USD_JPY=-0.39,,,
2026-09-09T05:28:23.446248+00:00,USD_JPY,WAIT,7,57,57,153.441,UPPER_MID,S=NA(0) R=157.918(1),CORR EUR_JPY=+0.95,,,
2026-09-09T05:28:23.446264+00:00,EUR_JPY,WAIT,7,46,46,178.513,UPPER_MID,S=NA(0) R=185.5115(8),CORR GBP_JPY=+0.97,,,
2026-09-09T05:28:23.446273+00:00,GBP_JPY,WAIT,7,46,46,207.935,UPPER_MID,S=NA(0) R=214.49949999999998(4),CORR EUR_JPY=+0.97,,,
2026-09-09T05:28:23.446279+00:00,EUR_USD,WAIT,49,5,49,1.16339,UPPER_25,S=1.1576133333333334(3) R=1.1641(1),CORR USD_JPY=-0.39,,,
2026-09-09T05:34:10.585160+00:00,USD_JPY,WAIT,0,57,57,153.307,UPPER_MID,S=NA(0) R=157.918(1),CORR EUR_JPY=+0.95,,,
2026-09-09T05:34:10.585176+00:00,EUR_JPY,WAIT,0,57,57,178.388,UPPER_MID,S=NA(0) R=185.5115(8),CORR GBP_JPY=+0.97,,,
2026-09-09T05:34:10.585184+00:00,GBP_JPY,WAIT,0,57,57,207.785,UPPER_MID,S=NA(0) R=214.49949999999998(4),CORR EUR_JPY=+0.97,,,
2026-09-09T05:34:10.585193+00:00,EUR_USD,WAIT,42,5,42,1.16357,UPPER_25,S=1.1576133333333334(3) R=1.1641(1),CORR USD_JPY=-0.39,,,
2026-09-09T05:39:59.642144+00:00,USD_JPY,WAIT,0,57,57,153.307,UPPER_MID,S=NA(0) R=157.918(1),CORR EUR_JPY=+0.95,,,
2026-09-09T05:39:59.642159+00:00,EUR_JPY,WAIT,0,57,57,178.388,UPPER_MID,S=NA(0) R=185.5115(8),CORR GBP_JPY=+0.97,,,
2026-09-09T05:39:59.642167+00:00,GBP_JPY,WAIT,0,57,57,207.785,UPPER_MID,S=NA(0) R=214.49949999999998(4),CORR EUR_JPY=+0.97,,,
2026-09-09T05:39:59.642174+00:00,EUR_USD,WAIT,42,5,42,1.16357,UPPER_25,S=1.1576133333333334(3) R=1.1641(1),CORR USD_JPY=-0.39,,,
2026-09-09T05:45:45.690516+00:00,USD_JPY,WAIT,0,64,64,153.367,UPPER_MID,S=NA(0) R=157.918(1),CORR EUR_JPY=+0.95,0.6500000000000025,1.0,RR_LOW=0.65
2026-09-09T05:45:45.690541+00:00,EUR_JPY,WAIT,0,57,57,178.417,UPPER_MID,S=NA(0) R=185.5115(8),CORR GBP_JPY=+0.97,,,
2026-09-09T05:45:45.690550+00:00,GBP_JPY,WAIT,0,57,57,207.815,UPPER_MID,S=NA(0) R=214.49949999999998(4),CORR EUR_JPY=+0.97,,,
2026-09-09T05:45:45.690557+00:00,EUR_USD,WAIT,42,5,42,1.16332,UPPER_25,S=1.1576133333333334(3) R=1.1641(1),CORR USD_JPY=-0.39,,,
2026-09-09T05:46:56.825159+00:00,USD_JPY,WAIT,0,64,64,153.367,UPPER_MID,S=NA(0) R=157.918(1),CORR EUR_JPY=+0.95,0.6500000000000025,1.0,RR_LOW=0.65
2026-09-09T05:46:56.825189+00:00,EUR_JPY,WAIT,0,57,57,178.417,UPPER_MID,S=NA(0) R=185.5115(8),CORR GBP_JPY=+0.97,,,
2026-09-09T05:46:56.825198+00:00,GBP_JPY,WAIT,0,57,57,207.815,UPPER_MID,S=NA(0) R=214.49949999999998(4),CORR EUR_JPY=+0.97,,,
2026-09-09T05:46:56.825204+00:00,EUR_USD,WAIT,42,5,42,1.16332,UPPER_25,S=1.1576133333333334(3) R=1.1641(1),CORR USD_JPY=-0.39,,,
2026-09-09T05:52:48.910105+00:00,USD_JPY,WAIT,0,64,64,153.367,UPPER_MID,S=NA(0) R=157.918(1),CORR EUR_JPY=+0.95,0.6500000000000025,1.0,RR_LOW=0.65
2026-09-09T05:52:48.910130+00:00,EUR_JPY,WAIT,0,57,57,178.417,UPPER_MID,S=NA(0) R=185.5115(8),CORR GBP_JPY=+0.97,,,
2026-09-09T05:52:48.910135+00:00,GBP_JPY,WAIT,0,57,57,207.815,UPPER_MID,S=NA(0) R=214.49949999999998(4),CORR EUR_JPY=+0.97,,,
2026-09-09T05:52:48.910139+00:00,EUR_USD,WAIT,42,5,42,1.16332,UPPER_25,S=1.1576133333333334(3) R=1.1641(1),CORR USD_JPY=-0.39,,,
2026-09-09T05:58:39.342291+00:00,USD_JPY,WAIT,0,64,64,153.367,UPPER_MID,S=NA(0) R=157.918(1),CORR EUR_JPY=+0.95,0.6500000000000025,1.0,RR_LOW=0.65
2026-09-09T05:58:39.342316+00:00,EUR_JPY,WAIT,0,57,57,178.417,UPPER_MID,S=NA(0) R=185.5115(8),CORR GBP_JPY=+0.97,,,
2026-09-09T05:58:39.342321+00:00,GBP_JPY,WAIT,0,57,57,207.815,UPPER_MID,S=NA(0) R=214.49949999999998(4),CORR EUR_JPY=+0.97,,,
2026-09-09T05:58:39.342325+00:00,EUR_USD,WAIT,42,5,42,1.16332,UPPER_25,S=1.1576133333333334(3) R=1.1641(1),CORR USD_JPY=-0.39,,,
2026-09-09T06:04:31.569673+00:00,USD_JPY,WAIT,0,64,64,153.303,UPPER_MID,S=NA(0) R=157.918(1),CORR EUR_JPY=+0.95,0.6500000000000004,1.0,RR_LOW=0.65
2026-09-09T06:04:31.569699+00:00,EUR_JPY,WAIT,0,64,64,178.353,UPPER_MID,S=NA(0) R=185.5115(8),CORR GBP_JPY=+0.97,0.6499999999999998,1.0,RR_LOW=0.65
2026-09-09T06:04:31.569706+00:00,GBP_JPY,WAIT,0,64,64,207.744,UPPER_MID,S=NA(0) R=214.49949999999998(4),CORR EUR_JPY=+0.97,0.6499999999999991,1.0,RR_LOW=0.65
2026-09-09T06:04:31.569712+00:00,EUR_USD,WAIT,42,12,42,1.16341,UPPER_25,S=1.1576133333333334(3) R=1.1641(1),CORR USD_JPY=-0.39,,,
2026-09-09T06:10:23.774970+00:00,USD_JPY,WAIT,0,64,64,153.303,UPPER_MID,S=NA(0) R=157.918(1),CORR EUR_JPY=+0.95,0.6500000000000004,1.0,RR_LOW=0.65
2026-09-09T06:10:23.775002+00:00,EUR_JPY,WAIT,0,64,64,178.353,UPPER_MID,S=NA(0) R=185.5115(8),CORR GBP_JPY=+0.97,0.6499999999999998,1.0,RR_LOW=0.65
2026-09-09T06:10:23.775018+00:00,GBP_JPY,WAIT,0,64,64,207.744,UPPER_MID,S=NA(0) R=214.49949999999998(4),CORR EUR_JPY=+0.97,0.6499999999999991,1.0,RR_LOW=0.65
2026-09-09T06:10:23.775024+00:00,EUR_USD,WAIT,42,12,42,1.16341,UPPER_25,S=1.1576133333333334(3) R=1.1641(1),CORR USD_JPY=-0.39,,,
2026-09-09T06:16:14.923237+00:00,USD_JPY,WAIT,0,64,64,153.09,UPPER_MID,S=NA(0) R=157.918(1),CORR EUR_JPY=+0.95,0.6499999999999986,1.0,RR_LOW=0.65
2026-09-09T06:16:14.923269+00:00,EUR_JPY,WAIT,0,64,64,178.208,UPPER_MID,S=NA(0) R=185.5115(8),CORR GBP_JPY=+0.97,0.6500000000000011,1.0,RR_LOW=0.65
2026-09-09T06:16:14.923279+00:00,GBP_JPY,WAIT,0,64,64,207.538,UPPER_MID,S=NA(0) R=214.49949999999998(4),CORR EUR_JPY=+0.97,0.6500000000000004,1.0,RR_LOW=0.65
2026-09-09T06:16:14.923287+00:00,EUR_USD,WAIT,42,5,42,1.16404,UPPER_25,S=1.1576133333333334(3) R=1.1641(1),CORR USD_JPY=-0.39,,,
2026-09-09T06:22:07.087722+00:00,USD_JPY,WAIT,0,64,64,153.09,UPPER_MID,S=NA(0) R=157.918(1),CORR EUR_JPY=+0.95,0.6499999999999986,1.0,RR_LOW=0.65
2026-09-09T06:22:07.087756+00:00,EUR_JPY,WAIT,0,64,64,178.208,UPPER_MID,S=NA(0) R=185.5115(8),CORR GBP_JPY=+0.97,0.6500000000000011,1.0,RR_LOW=0.65
2026-09-09T06:22:07.087767+00:00,GBP_JPY,WAIT,0,64,64,207.538,UPPER_MID,S=NA(0) R=214.49949999999998(4),CORR EUR_JPY=+0.97,0.6500000000000004,1.0,RR_LOW=0.65
2026-09-09T06:22:07.087776+00:00,EUR_USD,WAIT,42,5,42,1.16404,UPPER_25,S=1.1576133333333334(3) R=1.1641(1),CORR USD_JPY=-0.39,,,
2026-09-09T06:27:58.360751+00:00,USD_JPY,WAIT,0,64,64,153.09,UPPER_MID,S=NA(0) R=157.918(1),CORR EUR_JPY=+0.95,0.6499999999999986,1.0,RR_LOW=0.65
2026-09-09T06:27:58.360775+00:00,EUR_JPY,WAIT,0,64,64,178.208,UPPER_MID,S=NA(0) R=185.5115(8),CORR GBP_JPY=+0.97,0.6500000000000011,1.0,RR_LOW=0.65
2026-09-09T06:27:58.360783+00:00,GBP_JPY,WAIT,0,64,64,207.538,UPPER_MID,S=NA(0) R=214.49949999999998(4),CORR EUR_JPY=+0.97,0.6500000000000004,1.0,RR_LOW=0.65
2026-09-09T06:27:58.360789+00:00,EUR_USD,WAIT,42,5,42,1.16404,UPPER_25,S=1.1576133333333334(3) R=1.1641(1),CORR USD_JPY=-0.39,,,
2026-09-09T06:33:48.512520+00:00,USD_JPY,WAIT,0,64,64,153.137,UPPER_MID,S=NA(0) R=157.918(1),CORR EUR_JPY=+0.95,0.6500000000000009,1.0,RR_LOW=0.65
2026-09-09T06:33:48.512557+00:00,EUR_JPY,WAIT,0,64,64,178.256,UPPER_MID,S=NA(0) R=185.5115(8),CORR GBP_JPY=+0.97,0.6499999999999996,1.0,RR_LOW=0.65
2026-09-09T06:33:48.512565+00:00,GBP_JPY,WAIT,0,64,64,207.631,UPPER_MID,S=NA(0) R=214.49949999999998(4),CORR EUR_JPY=+0.97,0.6500000000000005,1.0,RR_LOW=0.65
2026-09-09T06:33:48.512570+00:00,EUR_USD,WAIT,42,5,42,1.16401,UPPER_25,S=1.1576133333333334(3) R=1.1641(1),CORR USD_JPY=-0.39,,,
2026-09-09T06:39:39.304446+00:00,USD_JPY,WAIT,0,64,64,153.137,UPPER_MID,S=NA(0) R=157.918(1),CORR EUR_JPY=+0.95,0.6500000000000009,1.0,RR_LOW=0.65
2026-09-09T06:39:39.304477+00:00,EUR_JPY,WAIT,0,64,64,178.256,UPPER_MID,S=NA(0) R=185.5115(8),CORR GBP_JPY=+0.97,0.6499999999999996,1.0,RR_LOW=0.65
2026-09-09T06:39:39.304484+00:00,GBP_JPY,WAIT,0,64,64,207.631,UPPER_MID,S=NA(0) R=214.49949999999998(4),CORR EUR_JPY=+0.97,0.6500000000000005,1.0,RR_LOW=0.65
2026-09-09T06:39:39.304490+00:00,EUR_USD,WAIT,42,5,42,1.16401,UPPER_25,S=1.1576133333333334(3) R=1.1641(1),CORR USD_JPY=-0.39,,,
2026-09-09T06:45:31.322129+00:00,USD_JPY,WAIT,0,64,64,153.137,UPPER_MID,S=NA(0) R=157.918(1),CORR EUR_JPY=+0.95,0.6500000000000009,1.0,RR_LOW=0.65
2026-09-09T06:45:31.322155+00:00,EUR_JPY,WAIT,0,64,64,178.256,UPPER_MID,S=NA(0) R=185.5115(8),CORR GBP_JPY=+0.97,0.6499999999999996,1.0,RR_LOW=0.65
2026-09-09T06:45:31.322162+00:00,GBP_JPY,WAIT,0,46,46,207.917,UPPER_MID,S=NA(0) R=214.49949999999998(4),CORR EUR_JPY=+0.97,,,
2026-09-09T06:45:31.322167+00:00,EUR_USD,WAIT,42,5,42,1.16376,UPPER_25,S=1.1576133333333334(3) R=1.1641(1),CORR USD_JPY=-0.39,,,
2026-09-09T06:51:22.679876+00:00,USD_JPY,WAIT,0,46,46,153.372,UPPER_MID,S=NA(0) R=157.918(1),CORR EUR_JPY=+0.95,,,
2026-09-09T06:51:22.679891+00:00,EUR_JPY,WAIT,0,46,46,178.489,UPPER_MID,S=NA(0) R=185.5115(8),CORR GBP_JPY=+0.97,,,
2026-09-09T06:51:22.679897+00:00,GBP_JPY,WAIT,0,46,46,207.917,UPPER_MID,S=NA(0) R=214.49949999999998(4),CORR EUR_JPY=+0.97,,,
2026-09-09T06:51:22.679904+00:00,EUR_USD,WAIT,42,5,42,1.16376,UPPER_25,S=1.1576133333333334(3) R=1.1641(1),CORR USD_JPY=-0.39,,,
2026-09-09T06:52:38.612765+00:00,USD_JPY,WAIT,0,46,46,153.372,UPPER_MID,S=NA(0) R=157.918(1),CORR EUR_JPY=+0.95,,,
2026-09-09T06:52:38.612777+00:00,EUR_JPY,WAIT,0,46,46,178.489,UPPER_MID,S=NA(0) R=185.5115(8),CORR GBP_JPY=+0.97,,,
2026-09-09T06:52:38.612784+00:00,GBP_JPY,WAIT,0,46,46,207.917,UPPER_MID,S=NA(0) R=214.49949999999998(4),CORR EUR_JPY=+0.97,,,
2026-09-09T06:52:38.612788+00:00,EUR_USD,WAIT,42,5,42,1.16376,UPPER_25,S=1.1576133333333334(3) R=1.1641(1),CORR USD_JPY=-0.39,,,
2026-09-09T06:58:29.308489+00:00,USD_JPY,WAIT,0,46,46,153.372,UPPER_MID,S=NA(0) R=157.918(1),CORR EUR_JPY=+0.95,,,
2026-09-09T06:58:29.308505+00:00,EUR_JPY,WAIT,0,53,53,178.489,UPPER_MID,S=NA(0) R=185.5115(8),CORR GBP_JPY=+0.97,,,
2026-09-09T06:58:29.308513+00:00,GBP_JPY,WAIT,0,53,53,207.917,UPPER_MID,S=NA(0) R=214.49949999999998(4),CORR EUR_JPY=+0.97,,,
2026-09-09T06:58:29.308527+00:00,EUR_USD,WAIT,42,5,42,1.16376,UPPER_25,S=1.1576133333333334(3) R=1.1641(1),CORR USD_JPY=-0.39,,,
2026-09-09T07:04:22.431416+00:00,USD_JPY,WAIT,7,53,53,153.344,UPPER_MID,S=NA(0) R=157.918(1),CORR EUR_JPY=+0.95,,,
2026-09-09T07:04:22.431433+00:00,EUR_JPY,WAIT,7,46,46,178.466,UPPER_MID,S=NA(0) R=185.5115(8),CORR GBP_JPY=+0.97,,,
2026-09-09T07:04:22.431441+00:00,GBP_JPY,WAIT,7,46,46,207.923,UPPER_MID,S=NA(0) R=214.49949999999998(4),CORR EUR_JPY=+0.97,,,
2026-09-09T07:04:22.431446+00:00,EUR_USD,WAIT,42,5,42,1.1638,UPPER_25,S=1.1576133333333334(3) R=1.1641(1),CORR USD_JPY=-0.39,,,
2026-09-09T07:10:15.703371+00:00,USD_JPY,WAIT,7,53,53,153.344,UPPER_MID,S=NA(0) R=157.918(1),CORR EUR_JPY=+0.95,,,
2026-09-09T07:10:15.703383+00:00,EUR_JPY,WAIT,7,53,53,178.466,UPPER_MID,S=NA(0) R=185.5115(8),CORR GBP_JPY=+0.97,,,
2026-09-09T07:10:15.703388+00:00,GBP_JPY,WAIT,7,53,53,207.923,UPPER_MID,S=NA(0) R=214.49949999999998(4),CORR EUR_JPY=+0.97,,,
2026-09-09T07:10:15.703393+00:00,EUR_USD,WAIT,42,5,42,1.1638,UPPER_25,S=1.1576133333333334(3) R=1.1641(1),CORR USD_JPY=-0.39,,,
2026-09-09T07:16:08.511245+00:00,USD_JPY,WAIT,0,64,64,153.153,UPPER_MID,S=NA(0) R=157.918(1),CORR EUR_JPY=+0.95,0.6500000000000018,1.0,RR_LOW=0.65
2026-09-09T07:16:08.511278+00:00,EUR_JPY,WAIT,0,64,64,178.336,UPPER_MID,S=NA(0) R=185.5115(8),CORR GBP_JPY=+0.97,0.6500000000000011,1.0,RR_LOW=0.65
2026-09-09T07:16:08.511287+00:00,GBP_JPY,WAIT,7,64,64,207.762,UPPER_MID,S=NA(0) R=214.49949999999998(4),CORR EUR_JPY=+0.97,0.6500000000000008,1.0,RR_LOW=0.65
2026-09-09T07:16:08.511295+00:00,EUR_USD,WAIT,49,0,49,1.16441,UPPER_25,S=1.1576133333333334(3) R=1.16984(2),CORR USD_JPY=-0.39,,,
2026-09-09T07:22:00.292403+00:00,USD_JPY,WAIT,0,57,57,153.153,UPPER_MID,S=NA(0) R=157.918(1),CORR EUR_JPY=+0.95,,,
2026-09-09T07:22:00.292419+00:00,EUR_JPY,WAIT,0,57,57,178.336,UPPER_MID,S=NA(0) R=185.5115(8),CORR GBP_JPY=+0.97,,,
2026-09-09T07:22:00.292426+00:00,GBP_JPY,WAIT,7,57,57,207.762,UPPER_MID,S=NA(0) R=214.49949999999998(4),CORR EUR_JPY=+0.97,,,
2026-09-09T07:22:00.292432+00:00,EUR_USD,WAIT,49,0,49,1.16441,UPPER_25,S=1.1576133333333334(3) R=1.16984(2),CORR USD_JPY=-0.39,,,
2026-09-09T07:27:52.448444+00:00,USD_JPY,WAIT,0,57,57,153.153,UPPER_MID,S=NA(0) R=157.918(1),CORR EUR_JPY=+0.95,,,
2026-09-09T07:27:52.448456+00:00,EUR_JPY,WAIT,0,57,57,178.336,UPPER_MID,S=NA(0) R=185.5115(8),CORR GBP_JPY=+0.97,,,
2026-09-09T07:27:52.448462+00:00,GBP_JPY,WAIT,7,57,57,207.762,UPPER_MID,S=NA(0) R=214.49949999999998(4),CORR EUR_JPY=+0.97,,,
2026-09-09T07:27:52.448466+00:00,EUR_USD,WAIT,49,0,49,1.16441,UPPER_25,S=1.1576133333333334(3) R=1.16984(2),CORR USD_JPY=-0.39,,,
2026-09-09T07:33:44.956948+00:00,USD_JPY,WAIT,0,57,57,153.297,UPPER_MID,S=NA(0) R=157.918(1),CORR EUR_JPY=+0.95,,,
2026-09-09T07:33:44.956961+00:00,EUR_JPY,WAIT,7,46,46,178.426,UPPER_MID,S=NA(0) R=185.5115(8),CORR GBP_JPY=+0.97,,,
2026-09-09T07:33:44.956966+00:00,GBP_JPY,WAIT,18,46,46,207.891,UPPER_MID,S=NA(0) R=214.49949999999998(4),CORR EUR_JPY=+0.97,,,
2026-09-09T07:33:44.956971+00:00,EUR_USD,WAIT,42,5,42,1.16391,UPPER_25,S=1.1576133333333334(3) R=1.1641(1),CORR USD_JPY=-0.39,,,
2026-09-09T07:39:37.255877+00:00,USD_JPY,WAIT,0,57,57,153.297,UPPER_MID,S=NA(0) R=157.918(1),CORR EUR_JPY=+0.95,,,
2026-09-09T07:39:37.255895+00:00,EUR_JPY,WAIT,7,46,46,178.426,UPPER_MID,S=NA(0) R=185.5115(8),CORR GBP_JPY=+0.97,,,
2026-09-09T07:39:37.255904+00:00,GBP_JPY,WAIT,18,46,46,207.891,UPPER_MID,S=NA(0) R=214.49949999999998(4),CORR EUR_JPY=+0.97,,,
2026-09-09T07:39:37.255910+00:00,EUR_USD,WAIT,42,5,42,1.16391,UPPER_25,S=1.1576133333333334(3) R=1.1641(1),CORR USD_JPY=-0.39,,,
2026-09-09T07:45:29.368263+00:00,USD_JPY,WAIT,0,57,57,153.297,UPPER_MID,S=NA(0) R=157.918(1),CORR EUR_JPY=+0.95,,,
2026-09-09T07:45:29.368280+00:00,EUR_JPY,WAIT,7,46,46,178.426,UPPER_MID,S=NA(0) R=185.5115(8),CORR GBP_JPY=+0.97,,,
2026-09-09T07:45:29.368301+00:00,GBP_JPY,WAIT,7,46,46,207.75,UPPER_MID,S=NA(0) R=214.49949999999998(4),CORR EUR_JPY=+0.97,,,
2026-09-09T07:45:29.368306+00:00,EUR_USD,WAIT,42,0,42,1.16446,UPPER_25,S=1.1576133333333334(3) R=1.16984(2),CORR USD_JPY=-0.39,,,
2026-09-09T07:51:22.126320+00:00,USD_JPY,WAIT,7,57,57,153.171,UPPER_MID,S=NA(0) R=157.918(1),CORR EUR_JPY=+0.95,,,
2026-09-09T07:51:22.126333+00:00,EUR_JPY,WAIT,7,46,46,178.362,UPPER_MID,S=NA(0) R=185.5115(8),CORR GBP_JPY=+0.97,,,
2026-09-09T07:51:22.126339+00:00,GBP_JPY,WAIT,7,46,46,207.75,UPPER_MID,S=NA(0) R=214.49949999999998(4),CORR EUR_JPY=+0.97,,,
2026-09-09T07:51:22.126344+00:00,EUR_USD,WAIT,42,0,42,1.16446,UPPER_25,S=1.1576133333333334(3) R=1.16984(2),CORR USD_JPY=-0.39,,,
2026-09-09T07:57:17.042959+00:00,USD_JPY,WAIT,7,57,57,153.171,UPPER_MID,S=NA(0) R=157.918(1),CORR EUR_JPY=+0.95,,,
2026-09-09T07:57:17.042976+00:00,EUR_JPY,WAIT,7,46,46,178.362,UPPER_MID,S=NA(0) R=185.5115(8),CORR GBP_JPY=+0.97,,,
2026-09-09T07:57:17.042984+00:00,GBP_JPY,WAIT,7,46,46,207.75,UPPER_MID,S=NA(0) R=214.49949999999998(4),CORR EUR_JPY=+0.97,,,
2026-09-09T07:57:17.042990+00:00,EUR_USD,WAIT,42,0,42,1.16446,UPPER_25,S=1.1576133333333334(3) R=1.16984(2),CORR USD_JPY=-0.39,,,
2026-09-09T07:58:23.385878+00:00,USD_JPY,WAIT,7,57,57,153.171,UPPER_MID,S=NA(0) R=157.918(1),CORR EUR_JPY=+0.95,,,
2026-09-09T07:58:23.385899+00:00,EUR_JPY,WAIT,7,46,46,178.362,UPPER_MID,S=NA(0) R=185.5115(8),CORR GBP_JPY=+0.97,,,
2026-09-09T07:58:23.385913+00:00,GBP_JPY,WAIT,7,46,46,207.75,UPPER_MID,S=NA(0) R=214.49949999999998(4),CORR EUR_JPY=+0.97,,,
2026-09-09T07:58:23.385924+00:00,EUR_USD,WAIT,42,0,42,1.16446,UPPER_25,S=1.1576133333333334(3) R=1.16984(2),CORR USD_JPY=-0.39,,,
2026-09-09T08:04:06.822894+00:00,USD_JPY,WAIT,0,57,57,153.111,UPPER_MID,S=NA(0) R=157.918(1),CORR EUR_JPY=+0.96,,,
2026-09-09T08:04:06.822914+00:00,EUR_JPY,WAIT,0,57,57,178.261,UPPER_MID,S=NA(0) R=185.5115(8),CORR GBP_JPY=+0.97,,,
2026-09-09T08:04:06.822924+00:00,GBP_JPY,WAIT,0,57,57,207.6,UPPER_MID,S=NA(0) R=214.49949999999998(4),CORR EUR_JPY=+0.97,,,
2026-09-09T08:04:06.822933+00:00,EUR_USD,WAIT,42,7,42,1.16426,UPPER_25,S=1.1576133333333334(3) R=1.16984(2),CORR USD_JPY=-0.41,,,
2026-09-09T08:09:49.162916+00:00,USD_JPY,WAIT,0,57,57,153.111,UPPER_MID,S=NA(0) R=157.918(1),CORR EUR_JPY=+0.96,,,
2026-09-09T08:09:49.162930+00:00,EUR_JPY,WAIT,0,57,57,178.261,UPPER_MID,S=NA(0) R=185.5115(8),CORR GBP_JPY=+0.97,,,
2026-09-09T08:09:49.162937+00:00,GBP_JPY,WAIT,0,57,57,207.6,UPPER_MID,S=NA(0) R=214.49949999999998(4),CORR EUR_JPY=+0.97,,,
2026-09-09T08:09:49.162943+00:00,EUR_USD,WAIT,42,7,42,1.16426,UPPER_25,S=1.1576133333333334(3) R=1.16984(2),CORR USD_JPY=-0.41,,,
2026-09-09T08:15:31.526247+00:00,USD_JPY,WAIT,0,57,57,153.111,UPPER_MID,S=NA(0) R=157.918(1),CORR EUR_JPY=+0.96,,,
2026-09-09T08:15:31.526269+00:00,EUR_JPY,WAIT,0,46,46,178.465,UPPER_MID,S=NA(0) R=185.5115(8),CORR GBP_JPY=+0.97,,,
2026-09-09T08:15:31.526284+00:00,GBP_JPY,WAIT,0,57,57,207.755,UPPER_MID,S=NA(0) R=214.49949999999998(4),CORR EUR_JPY=+0.97,,,
2026-09-09T08:15:31.526295+00:00,EUR_USD,WAIT,31,5,31,1.16387,UPPER_25,S=1.1576133333333334(3) R=1.1641(1),CORR USD_JPY=-0.41,,,
2026-09-09T08:21:15.199732+00:00,USD_JPY,WAIT,0,46,46,153.335,UPPER_MID,S=NA(0) R=157.918(1),CORR EUR_JPY=+0.96,,,
2026-09-09T08:21:15.199752+00:00,EUR_JPY,WAIT,0,46,46,178.465,UPPER_MID,S=NA(0) R=185.5115(8),CORR GBP_JPY=+0.97,,,
2026-09-09T08:21:15.199764+00:00,GBP_JPY,WAIT,0,57,57,207.755,UPPER_MID,S=NA(0) R=214.49949999999998(4),CORR EUR_JPY=+0.97,,,
2026-09-09T08:21:15.199775+00:00,EUR_USD,WAIT,31,5,31,1.16387,UPPER_25,S=1.1576133333333334(3) R=1.1641(1),CORR USD_JPY=-0.41,,,
2026-09-09T08:26:59.757398+00:00,USD_JPY,WAIT,0,46,46,153.335,UPPER_MID,S=NA(0) R=157.918(1),CORR EUR_JPY=+0.96,,,
2026-09-09T08:26:59.757418+00:00,EUR_JPY,WAIT,0,46,46,178.465,UPPER_MID,S=NA(0) R=185.5115(8),CORR GBP_JPY=+0.97,,,
2026-09-09T08:26:59.757433+00:00,GBP_JPY,WAIT,0,57,57,207.755,UPPER_MID,S=NA(0) R=214.49949999999998(4),CORR EUR_JPY=+0.97,,,
2026-09-09T08:26:59.757445+00:00,EUR_USD,WAIT,31,5,31,1.16387,UPPER_25,S=1.1576133333333334(3) R=1.1641(1),CORR USD_JPY=-0.41,,,
2026-09-09T08:32:43.829027+00:00,USD_JPY,WAIT,18,46,46,153.547,UPPER_MID,S=NA(0) R=157.918(1),CORR EUR_JPY=+0.96,,,
2026-09-09T08:32:43.829066+00:00,EUR_JPY,WAIT,11,46,46,178.676,UPPER_MID,S=NA(0) R=185.5115(8),CORR GBP_JPY=+0.97,,,
2026-09-09T08:32:43.829078+00:00,GBP_JPY,WAIT,7,46,46,207.993,UPPER_MID,S=NA(0) R=214.49949999999998(4),CORR EUR_JPY=+0.97,,,
2026-09-09T08:32:43.829088+00:00,EUR_USD,WAIT,31,12,31,1.16366,UPPER_25,S=1.1576133333333334(3) R=1.1641(1),CORR USD_JPY=-0.41,,,
2026-09-09T08:38:26.521296+00:00,USD_JPY,WAIT,18,46,46,153.547,UPPER_MID,S=NA(0) R=157.918(1),CORR EUR_JPY=+0.96,,,
2026-09-09T08:38:26.521315+00:00,EUR_JPY,WAIT,11,46,46,178.676,UPPER_MID,S=NA(0) R=185.5115(8),CORR GBP_JPY=+0.97,,,
2026-09-09T08:38:26.521327+00:00,GBP_JPY,WAIT,7,46,46,207.993,UPPER_MID,S=NA(0) R=214.49949999999998(4),CORR EUR_JPY=+0.97,,,
2026-09-09T08:38:26.521338+00:00,EUR_USD,WAIT,31,12,31,1.16366,UPPER_25,S=1.1576133333333334(3) R=1.1641(1),CORR USD_JPY=-0.41,,,
2026-09-09T08:44:10.493001+00:00,USD_JPY,WAIT,18,53,53,153.547,UPPER_MID,S=NA(0) R=157.918(1),CORR EUR_JPY=+0.96,,,
2026-09-09T08:44:10.493022+00:00,EUR_JPY,WAIT,11,53,53,178.676,UPPER_MID,S=NA(0) R=185.5115(8),CORR GBP_JPY=+0.97,,,
2026-09-09T08:44:10.493036+00:00,GBP_JPY,WAIT,7,53,53,207.993,UPPER_MID,S=NA(0) R=214.49949999999998(4),CORR EUR_JPY=+0.97,,,
2026-09-09T08:44:10.493066+00:00,EUR_USD,WAIT,31,12,31,1.16366,UPPER_25,S=1.1576133333333334(3) R=1.1641(1),CORR USD_JPY=-0.41,,,
2026-09-09T08:49:54.351633+00:00,USD_JPY,WAIT,18,53,53,153.6,UPPER_MID,S=NA(0) R=157.918(1),CORR EUR_JPY=+0.96,,,
2026-09-09T08:49:54.351655+00:00,EUR_JPY,WAIT,18,53,53,178.708,UPPER_MID,S=NA(0) R=185.5115(8),CORR GBP_JPY=+0.97,,,
2026-09-09T08:49:54.351668+00:00,GBP_JPY,WAIT,18,53,53,208.045,UPPER_MID,S=NA(0) R=214.49949999999998(4),CORR EUR_JPY=+0.97,,,
2026-09-09T08:49:54.351680+00:00,EUR_USD,WAIT,31,12,31,1.16344,UPPER_25,S=1.1576133333333334(3) R=1.1641(1),CORR USD_JPY=-0.41,,,
2026-09-09T08:55:38.602344+00:00,USD_JPY,WAIT,18,53,53,153.6,UPPER_MID,S=NA(0) R=157.918(1),CORR EUR_JPY=+0.96,,,
2026-09-09T08:55:38.602363+00:00,EUR_JPY,WAIT,18,53,53,178.708,UPPER_MID,S=NA(0) R=185.5115(8),CORR GBP_JPY=+0.97,,,
2026-09-09T08:55:38.602373+00:00,GBP_JPY,WAIT,18,53,53,208.045,UPPER_MID,S=NA(0) R=214.49949999999998(4),CORR EUR_JPY=+0.97,,,
2026-09-09T08:55:38.602383+00:00,EUR_USD,WAIT,31,12,31,1.16344,UPPER_25,S=1.1576133333333334(3) R=1.1641(1),CORR USD_JPY=-0.41,,,
2026-09-09T09:01:22.302796+00:00,USD_JPY,WAIT,18,33,33,153.646,UPPER_MID,S=NA(0) R=157.918(1),CORR EUR_JPY=+0.96,,,
2026-09-09T09:01:22.302817+00:00,EUR_JPY,WAIT,18,40,40,178.735,UPPER_MID,S=NA(0) R=185.5115(8),CORR GBP_JPY=+0.97,,,
2026-09-09T09:01:22.302829+00:00,GBP_JPY,WAIT,18,40,40,208.077,UPPER_MID,S=NA(0) R=214.49949999999998(4),CORR EUR_JPY=+0.97,,,
2026-09-09T09:01:22.302839+00:00,EUR_USD,WAIT,31,23,31,1.16327,UPPER_25,S=1.1576133333333334(3) R=1.1641(1),CORR USD_JPY=-0.45,,,
2026-09-09T09:02:40.393127+00:00,USD_JPY,WAIT,18,33,33,153.646,UPPER_MID,S=NA(0) R=157.918(1),CORR EUR_JPY=+0.96,,,
2026-09-09T09:02:40.393138+00:00,EUR_JPY,WAIT,18,40,40,178.735,UPPER_MID,S=NA(0) R=185.5115(8),CORR GBP_JPY=+0.97,,,
2026-09-09T09:02:40.393142+00:00,GBP_JPY,WAIT,18,40,40,208.077,UPPER_MID,S=NA(0) R=214.49949999999998(4),CORR EUR_JPY=+0.97,,,
2026-09-09T09:02:40.393146+00:00,EUR_USD,WAIT,31,23,31,1.16327,UPPER_25,S=1.1576133333333334(3) R=1.1641(1),CORR USD_JPY=-0.45,,,
2026-09-09T09:08:30.200926+00:00,USD_JPY,WAIT,18,40,40,153.646,UPPER_MID,S=NA(0) R=157.918(1),CORR EUR_JPY=+0.96,,,
2026-09-09T09:08:30.200938+00:00,EUR_JPY,WAIT,18,40,40,178.735,UPPER_MID,S=NA(0) R=185.5115(8),CORR GBP_JPY=+0.97,,,
2026-09-09T09:08:30.200942+00:00,GBP_JPY,WAIT,18,40,40,208.077,UPPER_MID,S=NA(0) R=214.49949999999998(4),CORR EUR_JPY=+0.97,,,
2026-09-09T09:08:30.200946+00:00,EUR_USD,WAIT,31,23,31,1.16327,UPPER_25,S=1.1576133333333334(3) R=1.1641(1),CORR USD_JPY=-0.45,,,
2026-09-09T09:14:20.443055+00:00,USD_JPY,WAIT,18,33,33,153.646,UPPER_MID,S=NA(0) R=157.918(1),CORR EUR_JPY=+0.96,,,
2026-09-09T09:14:20.443066+00:00,EUR_JPY,WAIT,18,33,33,178.735,UPPER_MID,S=NA(0) R=185.5115(8),CORR GBP_JPY=+0.97,,,
2026-09-09T09:14:20.443071+00:00,GBP_JPY,WAIT,18,33,33,208.077,UPPER_MID,S=NA(0) R=214.49949999999998(4),CORR EUR_JPY=+0.97,,,
2026-09-09T09:14:20.443075+00:00,EUR_USD,WAIT,31,23,31,1.16327,UPPER_25,S=1.1576133333333334(3) R=1.1641(1),CORR USD_JPY=-0.45,,,
2026-09-09T09:20:10.266540+00:00,USD_JPY,WAIT,11,33,33,153.567,UPPER_MID,S=NA(0) R=157.918(1),CORR EUR_JPY=+0.96,,,
2026-09-09T09:20:10.266551+00:00,EUR_JPY,WAIT,11,43,43,178.616,UPPER_MID,S=NA(0) R=185.5115(8),CORR GBP_JPY=+0.97,,,
2026-09-09T09:20:10.266556+00:00,GBP_JPY,WAIT,18,33,33,207.969,UPPER_MID,S=NA(0) R=214.49949999999998(4),CORR EUR_JPY=+0.97,,,
2026-09-09T09:20:10.266559+00:00,EUR_USD,WAIT,31,23,31,1.16309,UPPER_25,S=1.1576133333333334(3) R=1.1641(1),CORR USD_JPY=-0.45,,,
2026-09-09T09:26:00.892851+00:00,USD_JPY,WAIT,11,33,33,153.567,UPPER_MID,S=NA(0) R=157.918(1),CORR EUR_JPY=+0.96,,,
2026-09-09T09:26:00.892863+00:00,EUR_JPY,WAIT,11,43,43,178.616,UPPER_MID,S=NA(0) R=185.5115(8),CORR GBP_JPY=+0.97,,,
2026-09-09T09:26:00.892868+00:00,GBP_JPY,WAIT,18,33,33,207.969,UPPER_MID,S=NA(0) R=214.49949999999998(4),CORR EUR_JPY=+0.97,,,
2026-09-09T09:26:00.892871+00:00,EUR_USD,WAIT,31,23,31,1.16309,UPPER_25,S=1.1576133333333334(3) R=1.1641(1),CORR USD_JPY=-0.45,,,
2026-09-09T09:31:51.114156+00:00,USD_JPY,WAIT,11,43,43,153.475,UPPER_MID,S=NA(0) R=157.918(1),CORR EUR_JPY=+0.96,,,
2026-09-09T09:31:51.114167+00:00,EUR_JPY,WAIT,11,43,43,178.54,UPPER_MID,S=NA(0) R=185.5115(8),CORR GBP_JPY=+0.97,,,
2026-09-09T09:31:51.114171+00:00,GBP_JPY,WAIT,11,33,33,207.918,UPPER_MID,S=NA(0) R=214.49949999999998(4),CORR EUR_JPY=+0.97,,,
2026-09-09T09:31:51.114175+00:00,EUR_USD,WAIT,31,16,31,1.16329,UPPER_25,S=1.1576133333333334(3) R=1.1641(1),CORR USD_JPY=-0.45,,,
2026-09-09T09:37:41.369852+00:00,USD_JPY,WAIT,11,43,43,153.475,UPPER_MID,S=NA(0) R=157.918(1),CORR EUR_JPY=+0.96,,,
2026-09-09T09:37:41.369863+00:00,EUR_JPY,WAIT,11,43,43,178.54,UPPER_MID,S=NA(0) R=185.5115(8),CORR GBP_JPY=+0.97,,,
2026-09-09T09:37:41.369868+00:00,GBP_JPY,WAIT,11,33,33,207.918,UPPER_MID,S=NA(0) R=214.49949999999998(4),CORR EUR_JPY=+0.97,,,
2026-09-09T09:37:41.369871+00:00,EUR_USD,WAIT,31,16,31,1.16329,UPPER_25,S=1.1576133333333334(3) R=1.1641(1),CORR USD_JPY=-0.45,,,
2026-09-09T09:43:31.717762+00:00,USD_JPY,WAIT,11,43,43,153.475,UPPER_MID,S=NA(0) R=157.918(1),CORR EUR_JPY=+0.96,,,
2026-09-09T09:43:31.717774+00:00,EUR_JPY,WAIT,11,43,43,178.54,UPPER_MID,S=NA(0) R=185.5115(8),CORR GBP_JPY=+0.97,,,
2026-09-09T09:43:31.717779+00:00,GBP_JPY,WAIT,11,33,33,207.918,UPPER_MID,S=NA(0) R=214.49949999999998(4),CORR EUR_JPY=+0.97,,,
2026-09-09T09:43:31.717783+00:00,EUR_USD,WAIT,31,16,31,1.16329,UPPER_25,S=1.1576133333333334(3) R=1.1641(1),CORR USD_JPY=-0.45,,,
2026-09-09T09:49:22.825658+00:00,USD_JPY,WAIT,0,43,43,153.422,UPPER_MID,S=NA(0) R=157.918(1),CORR EUR_JPY=+0.96,,,
2026-09-09T09:49:22.825673+00:00,EUR_JPY,WAIT,0,43,43,178.433,UPPER_MID,S=NA(0) R=185.5115(8),CORR GBP_JPY=+0.97,,,
2026-09-09T09:49:22.825678+00:00,GBP_JPY,WAIT,0,33,33,207.778,UPPER_MID,S=NA(0) R=214.49949999999998(4),CORR EUR_JPY=+0.97,,,
2026-09-09T09:49:22.825684+00:00,EUR_USD,WAIT,31,16,31,1.16298,UPPER_25,S=1.1576133333333334(3) R=1.1641(1),CORR USD_JPY=-0.45,,,
2026-09-09T09:55:12.895236+00:00,USD_JPY,WAIT,0,43,43,153.422,UPPER_MID,S=NA(0) R=157.918(1),CORR EUR_JPY=+0.96,,,
2026-09-09T09:55:12.895256+00:00,EUR_JPY,WAIT,0,43,43,178.433,UPPER_MID,S=NA(0) R=185.5115(8),CORR GBP_JPY=+0.97,,,
2026-09-09T09:55:12.895262+00:00,GBP_JPY,WAIT,0,33,33,207.778,UPPER_MID,S=NA(0) R=214.49949999999998(4),CORR EUR_JPY=+0.97,,,
2026-09-09T09:55:12.895266+00:00,EUR_USD,WAIT,31,16,31,1.16298,UPPER_25,S=1.1576133333333334(3) R=1.1641(1),CORR USD_JPY=-0.45,,,
2026-09-09T10:01:03.023355+00:00,USD_JPY,WAIT,11,33,33,153.647,UPPER_MID,S=NA(0) R=157.918(1),CORR EUR_JPY=+0.96,,,
2026-09-09T10:01:03.023366+00:00,EUR_JPY,WAIT,11,43,43,178.593,UPPER_MID,S=NA(0) R=185.5115(8),CORR GBP_JPY=+0.97,,,
2026-09-09T10:01:03.023371+00:00,GBP_JPY,WAIT,11,46,46,207.928,UPPER_MID,S=NA(0) R=214.49949999999998(4),CORR EUR_JPY=+0.97,,,
2026-09-09T10:01:03.023375+00:00,EUR_USD,WAIT,18,16,18,1.16234,UPPER_25,S=1.1576133333333334(3) R=1.1641(1),CORR USD_JPY=-0.45,,,
2026-09-09T10:06:52.501635+00:00,USD_JPY,WAIT,11,33,33,153.647,UPPER_MID,S=NA(0) R=157.918(1),CORR EUR_JPY=+0.96,,,
2026-09-09T10:06:52.501649+00:00,EUR_JPY,WAIT,11,43,43,178.593,UPPER_MID,S=NA(0) R=185.5115(8),CORR GBP_JPY=+0.97,,,
2026-09-09T10:06:52.501654+00:00,GBP_JPY,WAIT,11,46,46,207.928,UPPER_MID,S=NA(0) R=214.49949999999998(4),CORR EUR_JPY=+0.97,,,
2026-09-09T10:06:52.501658+00:00,EUR_USD,WAIT,18,16,18,1.16234,UPPER_25,S=1.1576133333333334(3) R=1.1641(1),CORR USD_JPY=-0.45,,,
2026-09-09T10:08:05.057197+00:00,USD_JPY,WAIT,11,33,33,153.647,UPPER_MID,S=NA(0) R=157.918(1),CORR EUR_JPY=+0.96,,,
2026-09-09T10:08:05.057220+00:00,EUR_JPY,WAIT,11,43,43,178.593,UPPER_MID,S=NA(0) R=185.5115(8),CORR GBP_JPY=+0.97,,,
2026-09-09T10:08:05.057227+00:00,GBP_JPY,WAIT,11,46,46,207.928,UPPER_MID,S=NA(0) R=214.49949999999998(4),CORR EUR_JPY=+0.97,,,
2026-09-09T10:08:05.057233+00:00,EUR_USD,WAIT,18,16,18,1.16234,UPPER_25,S=1.1576133333333334(3) R=1.1641(1),CORR USD_JPY=-0.45,,,
2026-09-09T10:13:51.470422+00:00,USD_JPY,WAIT,11,33,33,153.647,UPPER_MID,S=NA(0) R=157.918(1),CORR EUR_JPY=+0.96,,,
2026-09-09T10:13:51.470445+00:00,EUR_JPY,WAIT,11,43,43,178.593,UPPER_MID,S=NA(0) R=185.5115(8),CORR GBP_JPY=+0.97,,,
2026-09-09T10:13:51.470457+00:00,GBP_JPY,WAIT,11,46,46,207.928,UPPER_MID,S=NA(0) R=214.49949999999998(4),CORR EUR_JPY=+0.97,,,
2026-09-09T10:13:51.470467+00:00,EUR_USD,WAIT,18,16,18,1.16234,UPPER_25,S=1.1576133333333334(3) R=1.1641(1),CORR USD_JPY=-0.45,,,
2026-09-09T10:19:39.377061+00:00,USD_JPY,WAIT,11,33,33,153.663,UPPER_MID,S=NA(0) R=157.918(1),CORR EUR_JPY=+0.96,,,
2026-09-09T10:19:39.377088+00:00,EUR_JPY,WAIT,11,33,33,178.635,UPPER_MID,S=NA(0) R=185.5115(8),CORR GBP_JPY=+0.97,,,
2026-09-09T10:19:39.377095+00:00,GBP_JPY,WAIT,11,46,46,207.947,UPPER_MID,S=NA(0) R=214.49949999999998(4),CORR EUR_JPY=+0.97,,,
2026-09-09T10:19:39.377102+00:00,EUR_USD,WAIT,18,16,18,1.16249,UPPER_25,S=1.1576133333333334(3) R=1.1641(1),CORR USD_JPY=-0.45,,,
2026-09-09T10:25:27.042580+00:00,USD_JPY,WAIT,11,33,33,153.663,UPPER_MID,S=NA(0) R=157.918(1),CORR EUR_JPY=+0.96,,,
2026-09-09T10:25:27.042597+00:00,EUR_JPY,WAIT,11,33,33,178.635,UPPER_MID,S=NA(0) R=185.5115(8),CORR GBP_JPY=+0.97,,,
2026-09-09T10:25:27.042604+00:00,GBP_JPY,WAIT,11,46,46,207.947,UPPER_MID,S=NA(0) R=214.49949999999998(4),CORR EUR_JPY=+0.97,,,
2026-09-09T10:25:27.042609+00:00,EUR_USD,WAIT,18,16,18,1.16249,UPPER_25,S=1.1576133333333334(3) R=1.1641(1),CORR USD_JPY=-0.45,,,
2026-09-09T10:31:14.965055+00:00,USD_JPY,WAIT,11,40,40,153.568,UPPER_MID,S=NA(0) R=157.918(1),CORR EUR_JPY=+0.96,,,
2026-09-09T10:31:14.965082+00:00,EUR_JPY,WAIT,18,40,40,178.547,UPPER_MID,S=NA(0) R=185.5115(8),CORR GBP_JPY=+0.97,,,
2026-09-09T10:31:14.965095+00:00,GBP_JPY,WAIT,0,64,64,207.868,UPPER_MID,S=NA(0) R=214.49949999999998(4),CORR EUR_JPY=+0.97,0.6500000000000017,1.0,RR_LOW=0.65
2026-09-09T10:31:14.965109+00:00,EUR_USD,WAIT,18,16,18,1.16263,UPPER_25,S=1.1576133333333334(3) R=1.1641(1),CORR USD_JPY=-0.45,,,
2026-09-09T10:37:03.439983+00:00,USD_JPY,WAIT,11,40,40,153.568,UPPER_MID,S=NA(0) R=157.918(1),CORR EUR_JPY=+0.96,,,
2026-09-09T10:37:03.440006+00:00,EUR_JPY,WAIT,18,40,40,178.547,UPPER_MID,S=NA(0) R=185.5115(8),CORR GBP_JPY=+0.97,,,
2026-09-09T10:37:03.440016+00:00,GBP_JPY,WAIT,0,64,64,207.868,UPPER_MID,S=NA(0) R=214.49949999999998(4),CORR EUR_JPY=+0.97,0.6500000000000017,1.0,RR_LOW=0.65
2026-09-09T10:37:03.440029+00:00,EUR_USD,WAIT,18,16,18,1.16263,UPPER_25,S=1.1576133333333334(3) R=1.1641(1),CORR USD_JPY=-0.45,,,
2026-09-09T10:42:51.857915+00:00,USD_JPY,WAIT,11,33,33,153.568,UPPER_MID,S=NA(0) R=157.918(1),CORR EUR_JPY=+0.96,,,
2026-09-09T10:42:51.857940+00:00,EUR_JPY,WAIT,18,33,33,178.547,UPPER_MID,S=NA(0) R=185.5115(8),CORR GBP_JPY=+0.97,,,
2026-09-09T10:42:51.857953+00:00,GBP_JPY,WAIT,0,57,57,207.868,UPPER_MID,S=NA(0) R=214.49949999999998(4),CORR EUR_JPY=+0.97,,,
2026-09-09T10:42:51.857964+00:00,EUR_USD,WAIT,18,16,18,1.16263,UPPER_25,S=1.1576133333333334(3) R=1.1641(1),CORR USD_JPY=-0.45,,,
2026-09-09T10:48:39.872312+00:00,USD_JPY,WAIT,18,33,33,153.614,UPPER_MID,S=NA(0) R=157.918(1),CORR EUR_JPY=+0.96,,,
2026-09-09T10:48:39.872337+00:00,EUR_JPY,WAIT,18,33,33,178.62,UPPER_MID,S=NA(0) R=185.5115(8),CORR GBP_JPY=+0.97,,,
2026-09-09T10:48:39.872349+00:00,GBP_JPY,WAIT,18,46,46,207.975,UPPER_MID,S=NA(0) R=214.49949999999998(4),CORR EUR_JPY=+0.97,,,
2026-09-09T10:48:39.872360+00:00,EUR_USD,WAIT,18,16,18,1.16276,UPPER_25,S=1.1576133333333334(3) R=1.1641(1),CORR USD_JPY=-0.45,,,
2026-09-09T10:54:28.029511+00:00,USD_JPY,WAIT,18,33,33,153.614,UPPER_MID,S=NA(0) R=157.918(1),CORR EUR_JPY=+0.96,,,
2026-09-09T10:54:28.029536+00:00,EUR_JPY,WAIT,18,33,33,178.62,UPPER_MID,S=NA(0) R=185.5115(8),CORR GBP_JPY=+0.97,,,
2026-09-09T10:54:28.029549+00:00,GBP_JPY,WAIT,18,46,46,207.975,UPPER_MID,S=NA(0) R=214.49949999999998(4),CORR EUR_JPY=+0.97,,,
2026-09-09T10:54:28.029559+00:00,EUR_USD,WAIT,18,16,18,1.16276,UPPER_25,S=1.1576133333333334(3) R=1.1641(1),CORR USD_JPY=-0.45,,,
2026-09-09T11:00:17.245887+00:00,USD_JPY,WAIT,18,33,33,153.614,UPPER_MID,S=NA(0) R=157.918(1),CORR EUR_JPY=+0.96,,,
2026-09-09T11:00:17.245904+00:00,EUR_JPY,WAIT,18,33,33,178.62,UPPER_MID,S=NA(0) R=185.5115(8),CORR GBP_JPY=+0.97,,,
2026-09-09T11:00:17.245920+00:00,GBP_JPY,WAIT,18,46,46,207.975,UPPER_MID,S=NA(0) R=214.49949999999998(4),CORR EUR_JPY=+0.97,,,
2026-09-09T11:00:17.245932+00:00,EUR_USD,WAIT,18,16,18,1.16276,UPPER_25,S=1.1576133333333334(3) R=1.1641(1),CORR USD_JPY=-0.45,,,
2026-09-09T11:06:04.682437+00:00,USD_JPY,WAIT,18,33,33,153.555,UPPER_MID,S=NA(0) R=157.918(1),CORR EUR_JPY=+0.96,,,
2026-09-09T11:06:04.682458+00:00,EUR_JPY,WAIT,18,33,33,178.591,UPPER_MID,S=NA(0) R=185.5115(8),CORR GBP_JPY=+0.97,,,
2026-09-09T11:06:04.682472+00:00,GBP_JPY,WAIT,0,46,46,207.857,UPPER_MID,S=NA(0) R=214.49949999999998(4),CORR EUR_JPY=+0.97,,,
2026-09-09T11:06:04.682479+00:00,EUR_USD,WAIT,18,16,18,1.16302,UPPER_25,S=1.1576133333333334(3) R=1.1641(1),CORR USD_JPY=-0.44,,,
2026-09-09T11:11:52.958159+00:00,USD_JPY,WAIT,18,33,33,153.555,UPPER_MID,S=NA(0) R=157.918(1),CORR EUR_JPY=+0.96,,,
2026-09-09T11:11:52.958184+00:00,EUR_JPY,WAIT,18,33,33,178.591,UPPER_MID,S=NA(0) R=185.5115(8),CORR GBP_JPY=+0.97,,,
2026-09-09T11:11:52.958198+00:00,GBP_JPY,WAIT,0,46,46,207.857,UPPER_MID,S=NA(0) R=214.49949999999998(4),CORR EUR_JPY=+0.97,,,
2026-09-09T11:11:52.958208+00:00,EUR_USD,WAIT,18,16,18,1.16302,UPPER_25,S=1.1576133333333334(3) R=1.1641(1),CORR USD_JPY=-0.44,,,
2026-09-09T11:13:03.894315+00:00,USD_JPY,WAIT,18,33,33,153.555,UPPER_MID,S=NA(0) R=157.918(1),CORR EUR_JPY=+0.96,,,
2026-09-09T11:13:03.894334+00:00,EUR_JPY,WAIT,18,33,33,178.591,UPPER_MID,S=NA(0) R=185.5115(8),CORR GBP_JPY=+0.97,,,
2026-09-09T11:13:03.894341+00:00,GBP_JPY,WAIT,0,46,46,207.857,UPPER_MID,S=NA(0) R=214.49949999999998(4),CORR EUR_JPY=+0.97,,,
2026-09-09T11:13:03.894347+00:00,EUR_USD,WAIT,18,16,18,1.16302,UPPER_25,S=1.1576133333333334(3) R=1.1641(1),CORR USD_JPY=-0.44,,,
2026-09-09T11:18:56.746694+00:00,USD_JPY,WAIT,0,33,33,153.461,UPPER_MID,S=NA(0) R=157.918(1),CORR EUR_JPY=+0.96,,,
2026-09-09T11:18:56.746709+00:00,EUR_JPY,WAIT,0,33,33,178.524,UPPER_MID,S=NA(0) R=185.5115(8),CORR GBP_JPY=+0.97,,,
2026-09-09T11:18:56.746714+00:00,GBP_JPY,WAIT,0,57,57,207.768,UPPER_MID,S=NA(0) R=214.49949999999998(4),CORR EUR_JPY=+0.97,,,
2026-09-09T11:18:56.746719+00:00,EUR_USD,WAIT,18,5,18,1.16328,UPPER_25,S=1.1576133333333334(3) R=1.1641(1),CORR USD_JPY=-0.44,,,
2026-09-09T11:24:50.292291+00:00,USD_JPY,WAIT,0,33,33,153.461,UPPER_MID,S=NA(0) R=157.918(1),CORR EUR_JPY=+0.96,,,
2026-09-09T11:24:50.292329+00:00,EUR_JPY,WAIT,0,33,33,178.524,UPPER_MID,S=NA(0) R=185.5115(8),CORR GBP_JPY=+0.97,,,
2026-09-09T11:24:50.292339+00:00,GBP_JPY,WAIT,0,57,57,207.768,UPPER_MID,S=NA(0) R=214.49949999999998(4),CORR EUR_JPY=+0.97,,,
2026-09-09T11:24:50.292347+00:00,EUR_USD,WAIT,18,5,18,1.16328,UPPER_25,S=1.1576133333333334(3) R=1.1641(1),CORR USD_JPY=-0.44,,,
2026-09-09T11:30:41.652149+00:00,USD_JPY,WAIT,0,33,33,153.461,UPPER_MID,S=NA(0) R=157.918(1),CORR EUR_JPY=+0.96,,,
2026-09-09T11:30:41.652168+00:00,EUR_JPY,WAIT,11,33,33,178.593,UPPER_MID,S=NA(0) R=185.5115(8),CORR GBP_JPY=+0.97,,,
2026-09-09T11:30:41.652175+00:00,GBP_JPY,WAIT,7,46,46,207.978,UPPER_MID,S=NA(0) R=214.49949999999998(4),CORR EUR_JPY=+0.97,,,
2026-09-09T11:30:41.652181+00:00,EUR_USD,WAIT,36,0,36,1.16475,UPPER_25,S=1.1576133333333334(3) R=1.16984(2),CORR USD_JPY=-0.44,,,
2026-09-09T11:36:33.796626+00:00,USD_JPY,WAIT,0,51,51,153.328,UPPER_MID,S=NA(0) R=157.918(1),CORR EUR_JPY=+0.96,,,
2026-09-09T11:36:33.796642+00:00,EUR_JPY,WAIT,11,33,33,178.593,UPPER_MID,S=NA(0) R=185.5115(8),CORR GBP_JPY=+0.97,,,
2026-09-09T11:36:33.796647+00:00,GBP_JPY,WAIT,7,46,46,207.978,UPPER_MID,S=NA(0) R=214.49949999999998(4),CORR EUR_JPY=+0.97,,,
2026-09-09T11:36:33.796652+00:00,EUR_USD,WAIT,36,0,36,1.16475,UPPER_25,S=1.1576133333333334(3) R=1.16984(2),CORR USD_JPY=-0.44,,,
2026-09-09T11:42:26.725073+00:00,USD_JPY,WAIT,0,51,51,153.328,UPPER_MID,S=NA(0) R=157.918(1),CORR EUR_JPY=+0.96,,,
2026-09-09T11:42:26.725089+00:00,EUR_JPY,WAIT,11,33,33,178.593,UPPER_MID,S=NA(0) R=185.5115(8),CORR GBP_JPY=+0.97,,,
2026-09-09T11:42:26.725094+00:00,GBP_JPY,WAIT,7,46,46,207.978,UPPER_MID,S=NA(0) R=214.49949999999998(4),CORR EUR_JPY=+0.97,,,
2026-09-09T11:42:26.725099+00:00,EUR_USD,WAIT,36,0,36,1.16475,UPPER_25,S=1.1576133333333334(3) R=1.16984(2),CORR USD_JPY=-0.44,,,
2026-09-09T11:48:18.498341+00:00,USD_JPY,WAIT,0,51,51,153.37,UPPER_MID,S=NA(0) R=157.918(1),CORR EUR_JPY=+0.96,,,
2026-09-09T11:48:18.498360+00:00,EUR_JPY,WAIT,11,40,40,178.58,UPPER_MID,S=NA(0) R=185.5115(8),CORR GBP_JPY=+0.97,,,
2026-09-09T11:48:18.498368+00:00,GBP_JPY,WAIT,11,53,53,207.944,UPPER_MID,S=NA(0) R=214.49949999999998(4),CORR EUR_JPY=+0.97,,,
2026-09-09T11:48:18.498375+00:00,EUR_USD,WAIT,36,0,36,1.16436,UPPER_25,S=1.1576133333333334(3) R=1.16984(2),CORR USD_JPY=-0.44,,,
2026-09-09T11:54:15.824253+00:00,USD_JPY,WAIT,0,51,51,153.37,UPPER_MID,S=NA(0) R=157.918(1),CORR EUR_JPY=+0.96,,,
2026-09-09T11:54:15.824273+00:00,EUR_JPY,WAIT,11,40,40,178.58,UPPER_MID,S=NA(0) R=185.5115(8),CORR GBP_JPY=+0.97,,,
2026-09-09T11:54:15.824280+00:00,GBP_JPY,WAIT,11,53,53,207.944,UPPER_MID,S=NA(0) R=214.49949999999998(4),CORR EUR_JPY=+0.97,,,
2026-09-09T11:54:15.824285+00:00,EUR_USD,WAIT,36,0,36,1.16436,UPPER_25,S=1.1576133333333334(3) R=1.16984(2),CORR USD_JPY=-0.44,,,
2026-09-09T12:00:07.896198+00:00,USD_JPY,WAIT,0,51,51,153.37,UPPER_MID,S=NA(0) R=157.918(1),CORR EUR_JPY=+0.96,,,
2026-09-09T12:00:07.896214+00:00,EUR_JPY,WAIT,11,40,40,178.58,UPPER_MID,S=NA(0) R=185.5115(8),CORR GBP_JPY=+0.97,,,
2026-09-09T12:00:07.896219+00:00,GBP_JPY,WAIT,11,53,53,207.944,UPPER_MID,S=NA(0) R=214.49949999999998(4),CORR EUR_JPY=+0.97,,,
2026-09-09T12:00:07.896223+00:00,EUR_USD,WAIT,36,0,36,1.16436,UPPER_25,S=1.1576133333333334(3) R=1.16984(2),CORR USD_JPY=-0.44,,,
2026-09-09T12:06:14.733800+00:00,USD_JPY,WAIT,0,64,64,153.231,UPPER_MID,S=NA(0) R=157.918(1),CORR EUR_JPY=+0.95,0.6499999999999981,1.0,RR_LOW=0.65
2026-09-09T12:06:14.733839+00:00,EUR_JPY,WAIT,0,64,64,178.448,UPPER_MID,S=NA(0) R=185.5115(8),CORR GBP_JPY=+0.97,0.6499999999999982,1.0,RR_LOW=0.65
2026-09-09T12:06:14.733848+00:00,GBP_JPY,WAIT,0,64,64,207.795,UPPER_MID,S=NA(0) R=214.49949999999998(4),CORR EUR_JPY=+0.97,0.6500000000000007,1.0,RR_LOW=0.65
2026-09-09T12:06:14.733854+00:00,EUR_USD,WAIT,42,0,42,1.16456,UPPER_25,S=1.1576133333333334(3) R=1.16984(2),CORR USD_JPY=-0.45,,,
2026-09-09T12:12:09.931361+00:00,USD_JPY,WAIT,0,64,64,153.231,UPPER_MID,S=NA(0) R=157.918(1),CORR EUR_JPY=+0.95,0.6499999999999981,1.0,RR_LOW=0.65
2026-09-09T12:12:09.931408+00:00,EUR_JPY,WAIT,0,64,64,178.448,UPPER_MID,S=NA(0) R=185.5115(8),CORR GBP_JPY=+0.97,0.6499999999999982,1.0,RR_LOW=0.65
2026-09-09T12:12:09.931416+00:00,GBP_JPY,WAIT,0,64,64,207.795,UPPER_MID,S=NA(0) R=214.49949999999998(4),CORR EUR_JPY=+0.97,0.6500000000000007,1.0,RR_LOW=0.65
2026-09-09T12:12:09.931422+00:00,EUR_USD,WAIT,42,0,42,1.16456,UPPER_25,S=1.1576133333333334(3) R=1.16984(2),CORR USD_JPY=-0.45,,,
2026-09-09T12:18:07.547646+00:00,USD_JPY,WAIT,0,57,57,153.287,UPPER_MID,S=NA(0) R=157.918(1),CORR EUR_JPY=+0.95,,,
2026-09-09T12:18:07.547660+00:00,EUR_JPY,WAIT,0,46,46,178.615,UPPER_MID,S=NA(0) R=185.5115(8),CORR GBP_JPY=+0.97,,,
2026-09-09T12:18:07.547665+00:00,GBP_JPY,WAIT,0,57,57,207.875,UPPER_MID,S=NA(0) R=214.49949999999998(4),CORR EUR_JPY=+0.97,,,
2026-09-09T12:18:07.547670+00:00,EUR_USD,WAIT,42,7,42,1.16522,UPPER_25,S=1.1576133333333334(3) R=1.16984(2),CORR USD_JPY=-0.45,,,
2026-09-09T12:19:13.614252+00:00,USD_JPY,WAIT,0,57,57,153.287,UPPER_MID,S=NA(0) R=157.918(1),CORR EUR_JPY=+0.95,,,
2026-09-09T12:19:13.614274+00:00,EUR_JPY,WAIT,0,46,46,178.615,UPPER_MID,S=NA(0) R=185.5115(8),CORR GBP_JPY=+0.97,,,
2026-09-09T12:19:13.614283+00:00,GBP_JPY,WAIT,0,57,57,207.875,UPPER_MID,S=NA(0) R=214.49949999999998(4),CORR EUR_JPY=+0.97,,,
2026-09-09T12:19:13.614292+00:00,EUR_USD,WAIT,42,7,42,1.16522,UPPER_25,S=1.1576133333333334(3) R=1.16984(2),CORR USD_JPY=-0.45,,,
2026-09-09T12:24:59.320526+00:00,USD_JPY,WAIT,0,57,57,153.287,UPPER_MID,S=NA(0) R=157.918(1),CORR EUR_JPY=+0.95,,,
2026-09-09T12:24:59.320546+00:00,EUR_JPY,WAIT,0,46,46,178.615,UPPER_MID,S=NA(0) R=185.5115(8),CORR GBP_JPY=+0.97,,,
2026-09-09T12:24:59.320552+00:00,GBP_JPY,WAIT,0,57,57,207.875,UPPER_MID,S=NA(0) R=214.49949999999998(4),CORR EUR_JPY=+0.97,,,
2026-09-09T12:24:59.320560+00:00,EUR_USD,WAIT,42,7,42,1.16522,UPPER_25,S=1.1576133333333334(3) R=1.16984(2),CORR USD_JPY=-0.45,,,
2026-09-09T12:30:46.469704+00:00,USD_JPY,WAIT,0,46,46,153.437,UPPER_MID,S=NA(0) R=157.918(1),CORR EUR_JPY=+0.95,,,
2026-09-09T12:30:46.469741+00:00,EUR_JPY,WAIT,11,46,46,178.7,UPPER_MID,S=NA(0) R=185.5115(8),CORR GBP_JPY=+0.97,,,
2026-09-09T12:30:46.469751+00:00,GBP_JPY,WAIT,11,46,46,207.983,UPPER_MID,S=NA(0) R=214.49949999999998(4),CORR EUR_JPY=+0.97,,,
2026-09-09T12:30:46.469759+00:00,EUR_USD,WAIT,42,0,42,1.16466,UPPER_25,S=1.1576133333333334(3) R=1.16984(2),CORR USD_JPY=-0.45,,,
2026-09-09T12:36:33.760523+00:00,USD_JPY,WAIT,0,46,46,153.437,UPPER_MID,S=NA(0) R=157.918(1),CORR EUR_JPY=+0.95,,,
2026-09-09T12:36:33.760546+00:00,EUR_JPY,WAIT,11,46,46,178.7,UPPER_MID,S=NA(0) R=185.5115(8),CORR GBP_JPY=+0.97,,,
2026-09-09T12:36:33.760556+00:00,GBP_JPY,WAIT,11,46,46,207.983,UPPER_MID,S=NA(0) R=214.49949999999998(4),CORR EUR_JPY=+0.97,,,
2026-09-09T12:36:33.760565+00:00,EUR_USD,WAIT,42,0,42,1.16466,UPPER_25,S=1.1576133333333334(3) R=1.16984(2),CORR USD_JPY=-0.45,,,
2026-09-09T12:42:19.957192+00:00,USD_JPY,WAIT,0,53,53,153.437,UPPER_MID,S=NA(0) R=157.918(1),CORR EUR_JPY=+0.95,,,
2026-09-09T12:42:19.957217+00:00,EUR_JPY,WAIT,11,53,53,178.7,UPPER_MID,S=NA(0) R=185.5115(8),CORR GBP_JPY=+0.97,,,
2026-09-09T12:42:19.957226+00:00,GBP_JPY,WAIT,11,53,53,207.983,UPPER_MID,S=NA(0) R=214.49949999999998(4),CORR EUR_JPY=+0.97,,,
2026-09-09T12:42:19.957235+00:00,EUR_USD,WAIT,42,0,42,1.16466,UPPER_25,S=1.1576133333333334(3) R=1.16984(2),CORR USD_JPY=-0.45,,,
2026-09-09T12:48:06.455305+00:00,USD_JPY,WAIT,0,64,64,153.38,UPPER_MID,S=NA(0) R=157.918(1),CORR EUR_JPY=+0.95,0.6500000000000006,1.0,RR_LOW=0.65
2026-09-09T12:48:06.455344+00:00,EUR_JPY,WAIT,11,53,53,178.632,UPPER_MID,S=NA(0) R=185.5115(8),CORR GBP_JPY=+0.97,,,
2026-09-09T12:48:06.455353+00:00,GBP_JPY,WAIT,0,71,71,207.855,UPPER_MID,S=NA(0) R=214.49949999999998(4),CORR EUR_JPY=+0.97,0.6499999999999985,1.0,RR_LOW=0.65
2026-09-09T12:48:06.455364+00:00,EUR_USD,WAIT,42,0,42,1.16462,UPPER_25,S=1.1576133333333334(3) R=1.16984(2),CORR USD_JPY=-0.45,,,
2026-09-09T12:53:52.989596+00:00,USD_JPY,WAIT,0,64,64,153.38,UPPER_MID,S=NA(0) R=157.918(1),CORR EUR_JPY=+0.95,0.6500000000000006,1.0,RR_LOW=0.65
2026-09-09T12:53:52.989636+00:00,EUR_JPY,WAIT,11,53,53,178.632,UPPER_MID,S=NA(0) R=185.5115(8),CORR GBP_JPY=+0.97,,,
2026-09-09T12:53:52.989646+00:00,GBP_JPY,WAIT,0,71,71,207.855,UPPER_MID,S=NA(0) R=214.49949999999998(4),CORR EUR_JPY=+0.97,0.6499999999999985,1.0,RR_LOW=0.65
2026-09-09T12:53:52.989656+00:00,EUR_USD,WAIT,42,0,42,1.16462,UPPER_25,S=1.1576133333333334(3) R=1.16984(2),CORR USD_JPY=-0.45,,,
2026-09-09T12:59:38.812531+00:00,USD_JPY,WAIT,0,64,64,153.38,UPPER_MID,S=NA(0) R=157.918(1),CORR EUR_JPY=+0.95,0.6500000000000006,1.0,RR_LOW=0.65
2026-09-09T12:59:38.812568+00:00,EUR_JPY,WAIT,11,53,53,178.632,UPPER_MID,S=NA(0) R=185.5115(8),CORR GBP_JPY=+0.97,,,
2026-09-09T12:59:38.812577+00:00,GBP_JPY,WAIT,0,64,64,207.855,UPPER_MID,S=NA(0) R=214.49949999999998(4),CORR EUR_JPY=+0.97,0.6499999999999985,1.0,RR_LOW=0.65
2026-09-09T12:59:38.812588+00:00,EUR_USD,WAIT,42,0,42,1.16462,UPPER_25,S=1.1576133333333334(3) R=1.16984(2),CORR USD_JPY=-0.45,,,
2026-09-09T13:05:25.748810+00:00,USD_JPY,WAIT,0,64,64,153.337,UPPER_MID,S=NA(0) R=157.918(1),CORR EUR_JPY=+0.95,0.6499999999999997,1.0,RR_LOW=0.65
2026-09-09T13:05:25.748850+00:00,EUR_JPY,WAIT,0,40,40,178.578,UPPER_MID,S=NA(0) R=185.5115(8),CORR GBP_JPY=+0.97,,,
2026-09-09T13:05:25.748860+00:00,GBP_JPY,WAIT,0,64,64,207.777,UPPER_MID,S=NA(0) R=214.49949999999998(4),CORR EUR_JPY=+0.97,0.6499999999999984,1.0,RR_LOW=0.65
2026-09-09T13:05:25.748871+00:00,EUR_USD,WAIT,42,0,42,1.1646,UPPER_25,S=1.1576133333333334(3) R=1.16984(2),CORR USD_JPY=-0.45,,,
2026-09-09T13:09:32.488649+00:00,USD_JPY,WAIT,0,57,57,153.337,UPPER_MID,S=NA(0) R=157.918(1),CORR EUR_JPY=+0.95,,,
2026-09-09T13:09:32.488669+00:00,EUR_JPY,WAIT,0,40,40,178.578,UPPER_MID,S=NA(0) R=185.5115(8),CORR GBP_JPY=+0.97,,,
2026-09-09T13:09:32.488675+00:00,GBP_JPY,WAIT,0,64,64,207.777,UPPER_MID,S=NA(0) R=214.49949999999998(4),CORR EUR_JPY=+0.97,0.6499999999999984,1.0,RR_LOW=0.65
2026-09-09T13:09:32.488683+00:00,EUR_USD,WAIT,42,0,42,1.1646,UPPER_25,S=1.1576133333333334(3) R=1.16984(2),CORR USD_JPY=-0.45,,,
2026-09-09T13:15:15.210060+00:00,USD_JPY,WAIT,0,57,57,153.337,UPPER_MID,S=NA(0) R=157.918(1),CORR EUR_JPY=+0.95,,,
2026-09-09T13:15:15.210075+00:00,EUR_JPY,WAIT,0,40,40,178.578,UPPER_MID,S=NA(0) R=185.5115(8),CORR GBP_JPY=+0.97,,,
2026-09-09T13:15:15.210080+00:00,GBP_JPY,WAIT,0,64,64,207.777,UPPER_MID,S=NA(0) R=214.49949999999998(4),CORR EUR_JPY=+0.97,0.6499999999999984,1.0,RR_LOW=0.65
2026-09-09T13:15:15.210087+00:00,EUR_USD,WAIT,42,0,42,1.1648,UPPER_25,S=1.1576133333333334(3) R=1.16984(2),CORR USD_JPY=-0.45,,,
2026-09-09T13:20:56.553979+00:00,USD_JPY,WAIT,0,57,57,153.261,UPPER_MID,S=NA(0) R=157.918(1),CORR EUR_JPY=+0.95,,,
2026-09-09T13:20:56.553998+00:00,EUR_JPY,WAIT,0,40,40,178.522,UPPER_MID,S=NA(0) R=185.5115(8),CORR GBP_JPY=+0.97,,,
2026-09-09T13:20:56.554006+00:00,GBP_JPY,WAIT,0,64,64,207.773,UPPER_MID,S=NA(0) R=214.49949999999998(4),CORR EUR_JPY=+0.97,0.6499999999999994,1.0,RR_LOW=0.65
2026-09-09T13:20:56.554015+00:00,EUR_USD,WAIT,42,0,42,1.1648,UPPER_25,S=1.1576133333333334(3) R=1.16984(2),CORR USD_JPY=-0.45,,,
2026-09-09T13:26:38.607116+00:00,USD_JPY,WAIT,0,57,57,153.261,UPPER_MID,S=NA(0) R=157.918(1),CORR EUR_JPY=+0.95,,,
2026-09-09T13:26:38.607132+00:00,EUR_JPY,WAIT,0,40,40,178.522,UPPER_MID,S=NA(0) R=185.5115(8),CORR GBP_JPY=+0.97,,,
2026-09-09T13:26:38.607138+00:00,GBP_JPY,WAIT,0,64,64,207.773,UPPER_MID,S=NA(0) R=214.49949999999998(4),CORR EUR_JPY=+0.97,0.6499999999999994,1.0,RR_LOW=0.65
2026-09-09T13:26:38.607145+00:00,EUR_USD,WAIT,42,0,42,1.1648,UPPER_25,S=1.1576133333333334(3) R=1.16984(2),CORR USD_JPY=-0.45,,,
2026-09-09T13:32:19.236533+00:00,USD_JPY,WAIT,0,64,64,153.329,UPPER_MID,S=NA(0) R=157.918(1),CORR EUR_JPY=+0.95,0.6500000000000028,1.0,RR_LOW=0.65
2026-09-09T13:32:19.236578+00:00,EUR_JPY,WAIT,11,33,33,178.592,UPPER_MID,S=NA(0) R=185.5115(8),CORR GBP_JPY=+0.97,,,
2026-09-09T13:32:19.236584+00:00,GBP_JPY,WAIT,0,64,64,207.791,UPPER_MID,S=NA(0) R=214.49949999999998(4),CORR EUR_JPY=+0.97,0.6500000000000008,1.0,RR_LOW=0.65
2026-09-09T13:32:19.236590+00:00,EUR_USD,WAIT,49,0,49,1.16474,UPPER_25,S=1.1576133333333334(3) R=1.16984(2),CORR USD_JPY=-0.45,,,
2026-09-09T13:38:01.071970+00:00,USD_JPY,WAIT,0,64,64,153.329,UPPER_MID,S=NA(0) R=157.918(1),CORR EUR_JPY=+0.95,0.6500000000000028,1.0,RR_LOW=0.65
2026-09-09T13:38:01.071998+00:00,EUR_JPY,WAIT,11,33,33,178.592,UPPER_MID,S=NA(0) R=185.5115(8),CORR GBP_JPY=+0.97,,,
2026-09-09T13:38:01.072003+00:00,GBP_JPY,WAIT,0,64,64,207.791,UPPER_MID,S=NA(0) R=214.49949999999998(4),CORR EUR_JPY=+0.97,0.6500000000000008,1.0,RR_LOW=0.65
2026-09-09T13:38:01.072010+00:00,EUR_USD,WAIT,49,0,49,1.16474,UPPER_25,S=1.1576133333333334(3) R=1.16984(2),CORR USD_JPY=-0.45,,,
2026-09-09T13:43:42.389461+00:00,USD_JPY,WAIT,0,64,64,153.329,UPPER_MID,S=NA(0) R=157.918(1),CORR EUR_JPY=+0.95,0.6500000000000028,1.0,RR_LOW=0.65
2026-09-09T13:43:42.389491+00:00,EUR_JPY,WAIT,11,33,33,178.592,UPPER_MID,S=NA(0) R=185.5115(8),CORR GBP_JPY=+0.97,,,
2026-09-09T13:43:42.389496+00:00,GBP_JPY,WAIT,0,64,64,207.791,UPPER_MID,S=NA(0) R=214.49949999999998(4),CORR EUR_JPY=+0.97,0.6500000000000008,1.0,RR_LOW=0.65
2026-09-09T13:43:42.389503+00:00,EUR_USD,WAIT,49,0,49,1.16474,UPPER_25,S=1.1576133333333334(3) R=1.16984(2),CORR USD_JPY=-0.45,,,
2026-09-09T13:49:23.762605+00:00,USD_JPY,WAIT,0,57,57,153.358,UPPER_MID,S=NA(0) R=157.918(1),CORR EUR_JPY=+0.95,,,
2026-09-09T13:49:23.762630+00:00,EUR_JPY,WAIT,11,33,33,178.643,UPPER_MID,S=NA(0) R=185.5115(8),CORR GBP_JPY=+0.97,,,
2026-09-09T13:49:23.762635+00:00,GBP_JPY,WAIT,7,46,46,207.943,UPPER_MID,S=NA(0) R=214.49949999999998(4),CORR EUR_JPY=+0.97,,,
2026-09-09T13:49:23.762641+00:00,EUR_USD,WAIT,42,0,42,1.16484,UPPER_25,S=1.1576133333333334(3) R=1.16984(2),CORR USD_JPY=-0.45,,,
2026-09-09T13:55:06.489681+00:00,USD_JPY,WAIT,0,64,64,153.358,UPPER_MID,S=NA(0) R=157.918(1),CORR EUR_JPY=+0.95,0.649999999999999,1.0,RR_LOW=0.65
2026-09-09T13:55:06.489710+00:00,EUR_JPY,WAIT,11,40,40,178.643,UPPER_MID,S=NA(0) R=185.5115(8),CORR GBP_JPY=+0.97,,,
2026-09-09T13:55:06.489715+00:00,GBP_JPY,WAIT,7,53,53,207.943,UPPER_MID,S=NA(0) R=214.49949999999998(4),CORR EUR_JPY=+0.97,,,
2026-09-09T13:55:06.489720+00:00,EUR_USD,WAIT,42,0,42,1.16484,UPPER_25,S=1.1576133333333334(3) R=1.16984(2),CORR USD_JPY=-0.45,,,
2026-09-09T14:00:48.641320+00:00,USD_JPY,WAIT,0,71,71,153.284,UPPER_MID,S=NA(0) R=157.918(1),CORR EUR_JPY=+0.95,0.6499999999999997,1.0,RR_LOW=0.65
2026-09-09T14:00:48.641355+00:00,EUR_JPY,WAIT,0,71,71,178.54,UPPER_MID,S=NA(0) R=185.5115(8),CORR GBP_JPY=+0.97,0.6500000000000012,1.0,RR_LOW=0.65
2026-09-09T14:00:48.641366+00:00,GBP_JPY,WAIT,0,71,71,207.825,UPPER_MID,S=NA(0) R=214.49949999999998(4),CORR EUR_JPY=+0.97,0.6499999999999982,1.0,RR_LOW=0.65
2026-09-09T14:00:48.641375+00:00,EUR_USD,WAIT,42,0,42,1.16473,UPPER_25,S=1.1576133333333334(3) R=1.16984(2),CORR USD_JPY=-0.45,,,
2026-09-09T14:06:30.260171+00:00,USD_JPY,WAIT,0,64,64,153.284,UPPER_MID,S=NA(0) R=157.918(1),CORR EUR_JPY=+0.95,0.6499999999999997,1.0,RR_LOW=0.65
2026-09-09T14:06:30.260201+00:00,EUR_JPY,WAIT,0,64,64,178.54,UPPER_MID,S=NA(0) R=185.5115(8),CORR GBP_JPY=+0.97,0.6500000000000012,1.0,RR_LOW=0.65
2026-09-09T14:06:30.260208+00:00,GBP_JPY,WAIT,0,71,71,207.825,UPPER_MID,S=NA(0) R=214.49949999999998(4),CORR EUR_JPY=+0.97,0.6499999999999982,1.0,RR_LOW=0.65
2026-09-09T14:06:30.260214+00:00,EUR_USD,WAIT,42,0,42,1.16473,UPPER_25,S=1.1576133333333334(3) R=1.16984(2),CORR USD_JPY=-0.45,,,
2026-09-09T14:12:12.565230+00:00,USD_JPY,WAIT,0,64,64,153.284,UPPER_MID,S=NA(0) R=157.918(1),CORR EUR_JPY=+0.95,0.6499999999999997,1.0,RR_LOW=0.65
2026-09-09T14:12:12.565258+00:00,EUR_JPY,WAIT,0,64,64,178.54,UPPER_MID,S=NA(0) R=185.5115(8),CORR GBP_JPY=+0.97,0.6500000000000012,1.0,RR_LOW=0.65
2026-09-09T14:12:12.565266+00:00,GBP_JPY,WAIT,0,64,64,207.825,UPPER_MID,S=NA(0) R=214.49949999999998(4),CORR EUR_JPY=+0.97,0.6499999999999982,1.0,RR_LOW=0.65
2026-09-09T14:12:12.565273+00:00,EUR_USD,WAIT,42,0,42,1.16473,UPPER_25,S=1.1576133333333334(3) R=1.16984(2),CORR USD_JPY=-0.45,,,
2026-09-09T14:13:43.487728+00:00,USD_JPY,WAIT,0,64,64,153.284,UPPER_MID,S=NA(0) R=157.918(1),CORR EUR_JPY=+0.95,0.6499999999999997,1.0,RR_LOW=0.65
2026-09-09T14:13:43.487758+00:00,EUR_JPY,WAIT,0,64,64,178.54,UPPER_MID,S=NA(0) R=185.5115(8),CORR GBP_JPY=+0.97,0.6500000000000012,1.0,RR_LOW=0.65
2026-09-09T14:13:43.487765+00:00,GBP_JPY,WAIT,0,64,64,207.825,UPPER_MID,S=NA(0) R=214.49949999999998(4),CORR EUR_JPY=+0.97,0.6499999999999982,1.0,RR_LOW=0.65
2026-09-09T14:13:43.487770+00:00,EUR_USD,WAIT,42,0,42,1.16473,UPPER_25,S=1.1576133333333334(3) R=1.16984(2),CORR USD_JPY=-0.45,,,
2026-09-09T14:19:38.676197+00:00,USD_JPY,WAIT,0,64,64,153.104,UPPER_MID,S=NA(0) R=157.918(1),CORR EUR_JPY=+0.95,0.6500000000000006,1.0,RR_LOW=0.65
2026-09-09T14:19:38.676233+00:00,EUR_JPY,WAIT,0,64,64,178.403,UPPER_MID,S=NA(0) R=185.5115(8),CORR GBP_JPY=+0.97,0.6499999999999992,1.0,RR_LOW=0.65
2026-09-09T14:19:38.676241+00:00,GBP_JPY,WAIT,0,64,64,207.647,UPPER_MID,S=NA(0) R=214.49949999999998(4),CORR EUR_JPY=+0.97,0.6499999999999991,1.0,RR_LOW=0.65
2026-09-09T14:19:38.676246+00:00,EUR_USD,WAIT,49,7,49,1.16522,UPPER_25,S=1.1576133333333334(3) R=1.16984(2),CORR USD_JPY=-0.45,,,
2026-09-09T14:25:29.929884+00:00,USD_JPY,WAIT,0,64,64,153.104,UPPER_MID,S=NA(0) R=157.918(1),CORR EUR_JPY=+0.95,0.6500000000000006,1.0,RR_LOW=0.65
2026-09-09T14:25:29.929913+00:00,EUR_JPY,WAIT,0,64,64,178.403,UPPER_MID,S=NA(0) R=185.5115(8),CORR GBP_JPY=+0.97,0.6499999999999992,1.0,RR_LOW=0.65
2026-09-09T14:25:29.929920+00:00,GBP_JPY,WAIT,0,64,64,207.647,UPPER_MID,S=NA(0) R=214.49949999999998(4),CORR EUR_JPY=+0.97,0.6499999999999991,1.0,RR_LOW=0.65
2026-09-09T14:25:29.929925+00:00,EUR_USD,WAIT,49,7,49,1.16522,UPPER_25,S=1.1576133333333334(3) R=1.16984(2),CORR USD_JPY=-0.45,,,
2026-09-09T14:31:19.081603+00:00,USD_JPY,WAIT,0,57,57,153.233,UPPER_MID,S=NA(0) R=157.918(1),CORR EUR_JPY=+0.95,,,
2026-09-09T14:31:19.081622+00:00,EUR_JPY,WAIT,0,57,57,178.47,UPPER_MID,S=NA(0) R=185.5115(8),CORR GBP_JPY=+0.97,,,
2026-09-09T14:31:19.081627+00:00,GBP_JPY,WAIT,0,57,57,207.822,UPPER_MID,S=NA(0) R=214.49949999999998(4),CORR EUR_JPY=+0.97,,,
2026-09-09T14:31:19.081632+00:00,EUR_USD,WAIT,42,0,42,1.16468,UPPER_25,S=1.1576133333333334(3) R=1.16984(2),CORR USD_JPY=-0.45,,,
2026-09-09T14:37:10.730264+00:00,USD_JPY,WAIT,0,57,57,153.233,UPPER_MID,S=NA(0) R=157.918(1),CORR EUR_JPY=+0.95,,,
2026-09-09T14:37:10.730280+00:00,EUR_JPY,WAIT,0,57,57,178.47,UPPER_MID,S=NA(0) R=185.5115(8),CORR GBP_JPY=+0.97,,,
2026-09-09T14:37:10.730285+00:00,GBP_JPY,WAIT,0,57,57,207.822,UPPER_MID,S=NA(0) R=214.49949999999998(4),CORR EUR_JPY=+0.97,,,
2026-09-09T14:37:10.730289+00:00,EUR_USD,WAIT,42,0,42,1.16468,UPPER_25,S=1.1576133333333334(3) R=1.16984(2),CORR USD_JPY=-0.45,,,
2026-09-09T14:43:00.070534+00:00,USD_JPY,WAIT,0,57,57,153.233,UPPER_MID,S=NA(0) R=157.918(1),CORR EUR_JPY=+0.95,,,
2026-09-09T14:43:00.070550+00:00,EUR_JPY,WAIT,0,57,57,178.47,UPPER_MID,S=NA(0) R=185.5115(8),CORR GBP_JPY=+0.97,,,
2026-09-09T14:43:00.070554+00:00,GBP_JPY,WAIT,0,57,57,207.822,UPPER_MID,S=NA(0) R=214.49949999999998(4),CORR EUR_JPY=+0.97,,,
2026-09-09T14:43:00.070558+00:00,EUR_USD,WAIT,42,0,42,1.16468,UPPER_25,S=1.1576133333333334(3) R=1.16984(2),CORR USD_JPY=-0.45,,,
2026-09-09T14:48:50.643816+00:00,USD_JPY,WAIT,0,46,46,153.313,UPPER_MID,S=NA(0) R=157.918(1),CORR EUR_JPY=+0.95,,,
2026-09-09T14:48:50.643831+00:00,EUR_JPY,WAIT,7,57,57,178.539,UPPER_MID,S=NA(0) R=185.5115(8),CORR GBP_JPY=+0.97,,,
2026-09-09T14:48:50.643836+00:00,GBP_JPY,WAIT,7,46,46,207.878,UPPER_MID,S=NA(0) R=214.49949999999998(4),CORR EUR_JPY=+0.97,,,
2026-09-09T14:48:50.643839+00:00,EUR_USD,WAIT,31,7,31,1.16453,UPPER_25,S=1.1576133333333334(3) R=1.16984(2),CORR USD_JPY=-0.45,,,
2026-09-09T14:54:42.630284+00:00,USD_JPY,WAIT,0,53,53,153.313,UPPER_MID,S=NA(0) R=157.918(1),CORR EUR_JPY=+0.95,,,
2026-09-09T14:54:42.630300+00:00,EUR_JPY,WAIT,7,57,57,178.539,UPPER_MID,S=NA(0) R=185.5115(8),CORR GBP_JPY=+0.97,,,
2026-09-09T14:54:42.630304+00:00,GBP_JPY,WAIT,7,46,46,207.878,UPPER_MID,S=NA(0) R=214.49949999999998(4),CORR EUR_JPY=+0.97,,,
2026-09-09T14:54:42.630308+00:00,EUR_USD,WAIT,31,7,31,1.16453,UPPER_25,S=1.1576133333333334(3) R=1.16984(2),CORR USD_JPY=-0.45,,,
2026-09-09T15:00:34.693046+00:00,USD_JPY,WAIT,0,53,53,153.313,UPPER_MID,S=NA(0) R=157.918(1),CORR EUR_JPY=+0.95,,,
2026-09-09T15:00:34.693065+00:00,EUR_JPY,WAIT,7,57,57,178.539,UPPER_MID,S=NA(0) R=185.5115(8),CORR GBP_JPY=+0.97,,,
2026-09-09T15:00:34.693071+00:00,GBP_JPY,WAIT,0,57,57,207.783,UPPER_MID,S=NA(0) R=214.49949999999998(4),CORR EUR_JPY=+0.97,,,
2026-09-09T15:00:34.693077+00:00,EUR_USD,WAIT,42,0,42,1.16479,UPPER_25,S=1.1576133333333334(3) R=1.16984(2),CORR USD_JPY=-0.45,,,
2026-09-09T15:06:26.128717+00:00,USD_JPY,WAIT,0,57,57,153.206,UPPER_MID,S=NA(0) R=157.918(1),CORR EUR_JPY=+0.96,,,
2026-09-09T15:06:26.128732+00:00,EUR_JPY,WAIT,0,57,57,178.456,UPPER_MID,S=NA(0) R=185.5115(8),CORR GBP_JPY=+0.97,,,
2026-09-09T15:06:26.128737+00:00,GBP_JPY,WAIT,0,57,57,207.783,UPPER_MID,S=NA(0) R=214.49949999999998(4),CORR EUR_JPY=+0.97,,,
2026-09-09T15:06:26.128740+00:00,EUR_USD,WAIT,42,0,42,1.16479,UPPER_25,S=1.1576133333333334(3) R=1.16984(2),CORR USD_JPY=-0.36,,,
2026-09-09T15:12:17.506410+00:00,USD_JPY,WAIT,0,57,57,153.206,UPPER_MID,S=NA(0) R=157.918(1),CORR EUR_JPY=+0.96,,,
2026-09-09T15:12:17.506430+00:00,EUR_JPY,WAIT,0,57,57,178.456,UPPER_MID,S=NA(0) R=185.5115(8),CORR GBP_JPY=+0.97,,,
2026-09-09T15:12:17.506437+00:00,GBP_JPY,WAIT,0,57,57,207.783,UPPER_MID,S=NA(0) R=214.49949999999998(4),CORR EUR_JPY=+0.97,,,
2026-09-09T15:12:17.506442+00:00,EUR_USD,WAIT,42,0,42,1.16479,UPPER_25,S=1.1576133333333334(3) R=1.16984(2),CORR USD_JPY=-0.36,,,
2026-09-09T15:18:06.664729+00:00,USD_JPY,WAIT,18,46,46,153.769,UPPER_MID,S=NA(0) R=157.918(1),CORR EUR_JPY=+0.96,,,
2026-09-09T15:18:06.664745+00:00,EUR_JPY,WAIT,7,46,46,178.732,UPPER_MID,S=NA(0) R=185.5115(8),CORR GBP_JPY=+0.97,,,
2026-09-09T15:18:06.664749+00:00,GBP_JPY,WAIT,18,46,46,208.217,UPPER_MID,S=NA(0) R=214.49949999999998(4),CORR EUR_JPY=+0.97,,,
2026-09-09T15:18:06.664753+00:00,EUR_USD,WAIT,31,23,31,1.16234,UPPER_25,S=1.1576133333333334(3) R=1.1641(1),CORR USD_JPY=-0.36,,,
2026-09-09T15:19:28.546372+00:00,USD_JPY,WAIT,18,46,46,153.769,UPPER_MID,S=NA(0) R=157.918(1),CORR EUR_JPY=+0.96,,,
2026-09-09T15:19:28.546393+00:00,EUR_JPY,WAIT,7,46,46,178.732,UPPER_MID,S=NA(0) R=185.5115(8),CORR GBP_JPY=+0.97,,,
2026-09-09T15:19:28.546402+00:00,GBP_JPY,WAIT,18,46,46,208.217,UPPER_MID,S=NA(0) R=214.49949999999998(4),CORR EUR_JPY=+0.97,,,
2026-09-09T15:19:28.546411+00:00,EUR_USD,WAIT,31,23,31,1.16234,UPPER_25,S=1.1576133333333334(3) R=1.1641(1),CORR USD_JPY=-0.36,,,
2026-09-09T15:25:21.335159+00:00,USD_JPY,WAIT,18,53,53,153.769,UPPER_MID,S=NA(0) R=157.918(1),CORR EUR_JPY=+0.96,,,
2026-09-09T15:25:21.335184+00:00,EUR_JPY,WAIT,7,53,53,178.732,UPPER_MID,S=NA(0) R=185.5115(8),CORR GBP_JPY=+0.97,,,
2026-09-09T15:25:21.335195+00:00,GBP_JPY,WAIT,18,53,53,208.217,UPPER_MID,S=NA(0) R=214.49949999999998(4),CORR EUR_JPY=+0.97,,,
2026-09-09T15:25:21.335204+00:00,EUR_USD,WAIT,31,23,31,1.16234,UPPER_25,S=1.1576133333333334(3) R=1.1641(1),CORR USD_JPY=-0.36,,,
2026-09-09T15:31:15.784911+00:00,USD_JPY,WAIT,18,53,53,153.574,UPPER_MID,S=NA(0) R=157.918(1),CORR EUR_JPY=+0.96,,,
2026-09-09T15:31:15.784937+00:00,EUR_JPY,WAIT,0,53,53,178.532,UPPER_MID,S=NA(0) R=185.5115(8),CORR GBP_JPY=+0.97,,,
2026-09-09T15:31:15.784946+00:00,GBP_JPY,WAIT,18,53,53,208.024,UPPER_MID,S=NA(0) R=214.49949999999998(4),CORR EUR_JPY=+0.97,,,
2026-09-09T15:31:15.784956+00:00,EUR_USD,WAIT,31,23,31,1.16249,UPPER_25,S=1.1576133333333334(3) R=1.1641(1),CORR USD_JPY=-0.36,,,
2026-09-09T15:37:10.848631+00:00,USD_JPY,WAIT,18,53,53,153.574,UPPER_MID,S=NA(0) R=157.918(1),CORR EUR_JPY=+0.96,,,
2026-09-09T15:37:10.848649+00:00,EUR_JPY,WAIT,0,53,53,178.532,UPPER_MID,S=NA(0) R=185.5115(8),CORR GBP_JPY=+0.97,,,
2026-09-09T15:37:10.848656+00:00,GBP_JPY,WAIT,18,53,53,208.024,UPPER_MID,S=NA(0) R=214.49949999999998(4),CORR EUR_JPY=+0.97,,,
2026-09-09T15:37:10.848662+00:00,EUR_USD,WAIT,31,23,31,1.16249,UPPER_25,S=1.1576133333333334(3) R=1.1641(1),CORR USD_JPY=-0.36,,,
2026-09-09T15:43:02.415232+00:00,USD_JPY,WAIT,18,53,53,153.574,UPPER_MID,S=NA(0) R=157.918(1),CORR EUR_JPY=+0.96,,,
2026-09-09T15:43:02.415256+00:00,EUR_JPY,WAIT,0,46,46,178.532,UPPER_MID,S=NA(0) R=185.5115(8),CORR GBP_JPY=+0.97,,,
2026-09-09T15:43:02.415268+00:00,GBP_JPY,WAIT,18,53,53,208.024,UPPER_MID,S=NA(0) R=214.49949999999998(4),CORR EUR_JPY=+0.97,,,
2026-09-09T15:43:02.415276+00:00,EUR_USD,WAIT,31,23,31,1.16249,UPPER_25,S=1.1576133333333334(3) R=1.1641(1),CORR USD_JPY=-0.36,,,
2026-09-09T15:48:55.943803+00:00,USD_JPY,WAIT,18,46,46,153.448,UPPER_MID,S=NA(0) R=157.918(1),CORR EUR_JPY=+0.96,,,
2026-09-09T15:48:55.943824+00:00,EUR_JPY,WAIT,0,46,46,178.48,UPPER_MID,S=NA(0) R=185.5115(8),CORR GBP_JPY=+0.97,,,
2026-09-09T15:48:55.943833+00:00,GBP_JPY,WAIT,18,46,46,207.917,UPPER_MID,S=NA(0) R=214.49949999999998(4),CORR EUR_JPY=+0.97,,,
2026-09-09T15:48:55.943860+00:00,EUR_USD,WAIT,31,16,31,1.16312,UPPER_25,S=1.1576133333333334(3) R=1.1641(1),CORR USD_JPY=-0.36,,,
2026-09-09T15:54:50.385445+00:00,USD_JPY,WAIT,18,46,46,153.448,UPPER_MID,S=NA(0) R=157.918(1),CORR EUR_JPY=+0.96,,,
2026-09-09T15:54:50.385468+00:00,EUR_JPY,WAIT,0,46,46,178.48,UPPER_MID,S=NA(0) R=185.5115(8),CORR GBP_JPY=+0.97,,,
2026-09-09T15:54:50.385479+00:00,GBP_JPY,WAIT,18,46,46,207.917,UPPER_MID,S=NA(0) R=214.49949999999998(4),CORR EUR_JPY=+0.97,,,
2026-09-09T15:54:50.385489+00:00,EUR_USD,WAIT,31,16,31,1.16312,UPPER_25,S=1.1576133333333334(3) R=1.1641(1),CORR USD_JPY=-0.36,,,
2026-09-09T16:00:43.154055+00:00,USD_JPY,WAIT,18,46,46,153.448,UPPER_MID,S=NA(0) R=157.918(1),CORR EUR_JPY=+0.96,,,
2026-09-09T16:00:43.154076+00:00,EUR_JPY,WAIT,0,57,57,178.52,UPPER_MID,S=NA(0) R=185.5115(8),CORR GBP_JPY=+0.97,,,
2026-09-09T16:00:43.154086+00:00,GBP_JPY,WAIT,18,33,33,207.996,UPPER_MID,S=NA(0) R=214.49949999999998(4),CORR EUR_JPY=+0.97,,,
2026-09-09T16:00:43.154096+00:00,EUR_USD,WAIT,0,16,16,1.16269,UPPER_25,S=1.1576133333333334(3) R=1.1641(1),CORR USD_JPY=-0.36,,,
2026-09-09T16:06:38.699737+00:00,USD_JPY,WAIT,18,33,33,153.539,UPPER_MID,S=NA(0) R=157.918(1),CORR EUR_JPY=+0.95,,,
2026-09-09T16:06:38.699755+00:00,EUR_JPY,WAIT,0,57,57,178.52,UPPER_MID,S=NA(0) R=185.5115(8),CORR GBP_JPY=+0.97,,,
2026-09-09T16:06:38.699764+00:00,GBP_JPY,WAIT,18,33,33,207.996,UPPER_MID,S=NA(0) R=214.49949999999998(4),CORR EUR_JPY=+0.97,,,
2026-09-09T16:06:38.699777+00:00,EUR_USD,WAIT,0,16,16,1.16269,UPPER_25,S=1.1576133333333334(3) R=1.1641(1),CORR USD_JPY=-0.37,,,
2026-09-09T16:12:31.699859+00:00,USD_JPY,WAIT,18,33,33,153.539,UPPER_MID,S=NA(0) R=157.918(1),CORR EUR_JPY=+0.95,,,
2026-09-09T16:12:31.699885+00:00,EUR_JPY,WAIT,0,57,57,178.52,UPPER_MID,S=NA(0) R=185.5115(8),CORR GBP_JPY=+0.97,,,
2026-09-09T16:12:31.699895+00:00,GBP_JPY,WAIT,18,33,33,207.996,UPPER_MID,S=NA(0) R=214.49949999999998(4),CORR EUR_JPY=+0.97,,,
2026-09-09T16:12:31.699903+00:00,EUR_USD,WAIT,0,16,16,1.16269,UPPER_25,S=1.1576133333333334(3) R=1.1641(1),CORR USD_JPY=-0.37,,,
2026-09-09T16:18:25.887742+00:00,USD_JPY,WAIT,11,33,33,153.523,UPPER_MID,S=NA(0) R=157.918(1),CORR EUR_JPY=+0.95,,,
2026-09-09T16:18:25.887758+00:00,EUR_JPY,WAIT,11,46,46,178.548,UPPER_MID,S=NA(0) R=185.5115(8),CORR GBP_JPY=+0.97,,,
2026-09-09T16:18:25.887765+00:00,GBP_JPY,WAIT,11,33,33,208.001,UPPER_MID,S=NA(0) R=214.49949999999998(4),CORR EUR_JPY=+0.97,,,
2026-09-09T16:18:25.887770+00:00,EUR_USD,WAIT,0,16,16,1.16298,UPPER_25,S=1.1576133333333334(3) R=1.1641(1),CORR USD_JPY=-0.37,,,
2026-09-09T16:24:19.157695+00:00,USD_JPY,WAIT,11,33,33,153.523,UPPER_MID,S=NA(0) R=157.918(1),CORR EUR_JPY=+0.95,,,
2026-09-09T16:24:19.157713+00:00,EUR_JPY,WAIT,11,46,46,178.548,UPPER_MID,S=NA(0) R=185.5115(8),CORR GBP_JPY=+0.97,,,
2026-09-09T16:24:19.157720+00:00,GBP_JPY,WAIT,11,33,33,208.001,UPPER_MID,S=NA(0) R=214.49949999999998(4),CORR EUR_JPY=+0.97,,,
2026-09-09T16:24:19.157725+00:00,EUR_USD,WAIT,0,16,16,1.16298,UPPER_25,S=1.1576133333333334(3) R=1.1641(1),CORR USD_JPY=-0.37,,,
2026-09-09T16:25:35.008700+00:00,USD_JPY,WAIT,11,33,33,153.523,UPPER_MID,S=NA(0) R=157.918(1),CORR EUR_JPY=+0.95,,,
2026-09-09T16:25:35.008726+00:00,EUR_JPY,WAIT,11,46,46,178.548,UPPER_MID,S=NA(0) R=185.5115(8),CORR GBP_JPY=+0.97,,,
2026-09-09T16:25:35.008736+00:00,GBP_JPY,WAIT,11,40,40,208.001,UPPER_MID,S=NA(0) R=214.49949999999998(4),CORR EUR_JPY=+0.97,,,
2026-09-09T16:25:35.008746+00:00,EUR_USD,WAIT,0,16,16,1.16298,UPPER_25,S=1.1576133333333334(3) R=1.1641(1),CORR USD_JPY=-0.37,,,
2026-09-09T16:31:29.869285+00:00,USD_JPY,WAIT,11,33,33,153.615,UPPER_MID,S=NA(0) R=157.918(1),CORR EUR_JPY=+0.95,,,
2026-09-09T16:31:29.869307+00:00,EUR_JPY,WAIT,0,46,46,178.647,UPPER_MID,S=NA(0) R=185.5115(8),CORR GBP_JPY=+0.97,,,
2026-09-09T16:31:29.869317+00:00,GBP_JPY,WAIT,11,40,40,208.097,UPPER_MID,S=NA(0) R=214.49949999999998(4),CORR EUR_JPY=+0.97,,,
2026-09-09T16:31:29.869327+00:00,EUR_USD,WAIT,0,16,16,1.16292,UPPER_25,S=1.1576133333333334(3) R=1.1641(1),CORR USD_JPY=-0.37,,,
2026-09-09T16:37:21.992639+00:00,USD_JPY,WAIT,11,33,33,153.615,UPPER_MID,S=NA(0) R=157.918(1),CORR EUR_JPY=+0.95,,,
2026-09-09T16:37:21.992655+00:00,EUR_JPY,WAIT,0,53,53,178.647,UPPER_MID,S=NA(0) R=185.5115(8),CORR GBP_JPY=+0.97,,,
2026-09-09T16:37:21.992670+00:00,GBP_JPY,WAIT,11,40,40,208.097,UPPER_MID,S=NA(0) R=214.49949999999998(4),CORR EUR_JPY=+0.97,,,
2026-09-09T16:37:21.992680+00:00,EUR_USD,WAIT,0,16,16,1.16292,UPPER_25,S=1.1576133333333334(3) R=1.1641(1),CORR USD_JPY=-0.37,,,
2026-09-09T16:43:15.302658+00:00,USD_JPY,WAIT,11,33,33,153.615,UPPER_MID,S=NA(0) R=157.918(1),CORR EUR_JPY=+0.95,,,
2026-09-09T16:43:15.302684+00:00,EUR_JPY,WAIT,0,53,53,178.647,UPPER_MID,S=NA(0) R=185.5115(8),CORR GBP_JPY=+0.97,,,
2026-09-09T16:43:15.302695+00:00,GBP_JPY,WAIT,11,40,40,208.097,UPPER_MID,S=NA(0) R=214.49949999999998(4),CORR EUR_JPY=+0.97,,,
2026-09-09T16:43:15.302703+00:00,EUR_USD,WAIT,0,16,16,1.16292,UPPER_25,S=1.1576133333333334(3) R=1.1641(1),CORR USD_JPY=-0.37,,,
2026-09-09T16:49:08.389629+00:00,USD_JPY,WAIT,11,33,33,153.531,UPPER_MID,S=NA(0) R=157.918(1),CORR EUR_JPY=+0.95,,,
2026-09-09T16:49:08.389652+00:00,EUR_JPY,WAIT,18,53,53,178.633,UPPER_MID,S=NA(0) R=185.5115(8),CORR GBP_JPY=+0.97,,,
2026-09-09T16:49:08.389662+00:00,GBP_JPY,WAIT,11,40,40,208.039,UPPER_MID,S=NA(0) R=214.49949999999998(4),CORR EUR_JPY=+0.97,,,
2026-09-09T16:49:08.389671+00:00,EUR_USD,WAIT,0,5,5,1.16349,UPPER_25,S=1.1576133333333334(3) R=1.1641(1),CORR USD_JPY=-0.37,,,
2026-09-09T16:55:03.650503+00:00,USD_JPY,WAIT,11,33,33,153.531,UPPER_MID,S=NA(0) R=157.918(1),CORR EUR_JPY=+0.95,,,
2026-09-09T16:55:03.650529+00:00,EUR_JPY,WAIT,18,53,53,178.633,UPPER_MID,S=NA(0) R=185.5115(8),CORR GBP_JPY=+0.97,,,
2026-09-09T16:55:03.650540+00:00,GBP_JPY,WAIT,11,33,33,208.039,UPPER_MID,S=NA(0) R=214.49949999999998(4),CORR EUR_JPY=+0.97,,,
2026-09-09T16:55:03.650549+00:00,EUR_USD,WAIT,0,5,5,1.16349,UPPER_25,S=1.1576133333333334(3) R=1.1641(1),CORR USD_JPY=-0.37,,,
2026-09-09T17:00:55.624511+00:00,USD_JPY,WAIT,11,33,33,153.575,UPPER_MID,S=NA(0) R=157.918(1),CORR EUR_JPY=+0.95,,,
2026-09-09T17:00:55.624532+00:00,EUR_JPY,WAIT,11,33,33,178.699,UPPER_MID,S=NA(0) R=185.5115(8),CORR GBP_JPY=+0.97,,,
2026-09-09T17:00:55.624542+00:00,GBP_JPY,WAIT,11,33,33,208.12,UPPER_MID,S=NA(0) R=214.49949999999998(4),CORR EUR_JPY=+0.97,,,
2026-09-09T17:00:55.624552+00:00,EUR_USD,WAIT,0,5,5,1.16358,UPPER_25,S=1.1576133333333334(3) R=1.1641(1),CORR USD_JPY=-0.37,,,
2026-09-09T17:06:51.160364+00:00,USD_JPY,WAIT,11,33,33,153.575,UPPER_MID,S=NA(0) R=157.918(1),CORR EUR_JPY=+0.95,,,
2026-09-09T17:06:51.160386+00:00,EUR_JPY,WAIT,11,33,33,178.699,UPPER_MID,S=NA(0) R=185.5115(8),CORR GBP_JPY=+0.97,,,
2026-09-09T17:06:51.160396+00:00,GBP_JPY,WAIT,11,33,33,208.12,UPPER_MID,S=NA(0) R=214.49949999999998(4),CORR EUR_JPY=+0.97,,,
2026-09-09T17:06:51.160405+00:00,EUR_USD,WAIT,0,5,5,1.16358,UPPER_25,S=1.1576133333333334(3) R=1.1641(1),CORR USD_JPY=-0.37,,,
2026-09-09T17:12:46.254107+00:00,USD_JPY,WAIT,11,33,33,153.575,UPPER_MID,S=NA(0) R=157.918(1),CORR EUR_JPY=+0.95,,,
2026-09-09T17:12:46.254126+00:00,EUR_JPY,WAIT,11,33,33,178.699,UPPER_MID,S=NA(0) R=185.5115(8),CORR GBP_JPY=+0.97,,,
2026-09-09T17:12:46.254134+00:00,GBP_JPY,WAIT,11,33,33,208.12,UPPER_MID,S=NA(0) R=214.49949999999998(4),CORR EUR_JPY=+0.97,,,
2026-09-09T17:12:46.254146+00:00,EUR_USD,WAIT,0,5,5,1.16358,UPPER_25,S=1.1576133333333334(3) R=1.1641(1),CORR USD_JPY=-0.37,,,
2026-09-09T17:18:37.994835+00:00,USD_JPY,WAIT,18,33,33,153.494,UPPER_MID,S=NA(0) R=157.918(1),CORR EUR_JPY=+0.95,,,
2026-09-09T17:18:37.994852+00:00,EUR_JPY,WAIT,18,40,40,178.638,UPPER_MID,S=NA(0) R=185.5115(8),CORR GBP_JPY=+0.97,,,
2026-09-09T17:18:37.994859+00:00,GBP_JPY,WAIT,18,40,40,208.085,UPPER_MID,S=NA(0) R=214.49949999999998(4),CORR EUR_JPY=+0.97,,,
2026-09-09T17:18:37.994865+00:00,EUR_USD,WAIT,0,5,5,1.1638,UPPER_25,S=1.1576133333333334(3) R=1.1641(1),CORR USD_JPY=-0.37,,,
2026-09-09T17:24:30.038006+00:00,USD_JPY,WAIT,18,33,33,153.494,UPPER_MID,S=NA(0) R=157.918(1),CORR EUR_JPY=+0.95,,,
2026-09-09T17:24:30.038028+00:00,EUR_JPY,WAIT,18,40,40,178.638,UPPER_MID,S=NA(0) R=185.5115(8),CORR GBP_JPY=+0.97,,,
2026-09-09T17:24:30.038038+00:00,GBP_JPY,WAIT,18,33,33,208.085,UPPER_MID,S=NA(0) R=214.49949999999998(4),CORR EUR_JPY=+0.97,,,
2026-09-09T17:24:30.038047+00:00,EUR_USD,WAIT,0,5,5,1.1638,UPPER_25,S=1.1576133333333334(3) R=1.1641(1),CORR USD_JPY=-0.37,,,
2026-09-09T17:30:24.715411+00:00,USD_JPY,WAIT,18,33,33,153.494,UPPER_MID,S=NA(0) R=157.918(1),CORR EUR_JPY=+0.95,,,
2026-09-09T17:30:24.715435+00:00,EUR_JPY,WAIT,18,40,40,178.638,UPPER_MID,S=NA(0) R=185.5115(8),CORR GBP_JPY=+0.97,,,
2026-09-09T17:30:24.715445+00:00,GBP_JPY,WAIT,18,33,33,208.085,UPPER_MID,S=NA(0) R=214.49949999999998(4),CORR EUR_JPY=+0.97,,,
2026-09-09T17:30:24.715455+00:00,EUR_USD,WAIT,11,5,11,1.16403,UPPER_25,S=1.1576133333333334(3) R=1.1641(1),CORR USD_JPY=-0.37,,,
2026-09-09T17:32:13.952924+00:00,USD_JPY,WAIT,11,33,33,153.51,UPPER_MID,S=NA(0) R=157.918(1),CORR EUR_JPY=+0.95,,,
2026-09-09T17:32:13.952947+00:00,EUR_JPY,WAIT,18,33,33,178.693,UPPER_MID,S=NA(0) R=185.5115(8),CORR GBP_JPY=+0.97,,,
2026-09-09T17:32:13.952958+00:00,GBP_JPY,WAIT,18,33,33,208.156,UPPER_MID,S=NA(0) R=214.49949999999998(4),CORR EUR_JPY=+0.97,,,
2026-09-09T17:32:13.952968+00:00,EUR_USD,WAIT,11,5,11,1.16403,UPPER_25,S=1.1576133333333334(3) R=1.1641(1),CORR USD_JPY=-0.37,,,
2026-09-09T17:38:08.063636+00:00,USD_JPY,WAIT,11,33,33,153.51,UPPER_MID,S=NA(0) R=157.918(1),CORR EUR_JPY=+0.95,,,
2026-09-09T17:38:08.063653+00:00,EUR_JPY,WAIT,18,33,33,178.693,UPPER_MID,S=NA(0) R=185.5115(8),CORR GBP_JPY=+0.97,,,
2026-09-09T17:38:08.063666+00:00,GBP_JPY,WAIT,18,33,33,208.156,UPPER_MID,S=NA(0) R=214.49949999999998(4),CORR EUR_JPY=+0.97,,,
2026-09-09T17:38:08.063678+00:00,EUR_USD,WAIT,11,5,11,1.16403,UPPER_25,S=1.1576133333333334(3) R=1.1641(1),CORR USD_JPY=-0.37,,,
2026-09-09T17:44:02.702619+00:00,USD_JPY,WAIT,11,33,33,153.51,UPPER_MID,S=NA(0) R=157.918(1),CORR EUR_JPY=+0.95,,,
2026-09-09T17:44:02.702635+00:00,EUR_JPY,WAIT,18,33,33,178.693,UPPER_MID,S=NA(0) R=185.5115(8),CORR GBP_JPY=+0.97,,,
2026-09-09T17:44:02.702642+00:00,GBP_JPY,WAIT,18,33,33,208.156,UPPER_MID,S=NA(0) R=214.49949999999998(4),CORR EUR_JPY=+0.97,,,
2026-09-09T17:44:02.702650+00:00,EUR_USD,WAIT,11,5,11,1.16403,UPPER_25,S=1.1576133333333334(3) R=1.1641(1),CORR USD_JPY=-0.37,,,
2026-09-09T17:49:57.356482+00:00,USD_JPY,WAIT,0,33,33,153.476,UPPER_MID,S=NA(0) R=157.918(1),CORR EUR_JPY=+0.95,,,
2026-09-09T17:49:57.356504+00:00,EUR_JPY,WAIT,11,43,43,178.621,UPPER_MID,S=NA(0) R=185.5115(8),CORR GBP_JPY=+0.97,,,
2026-09-09T17:49:57.356516+00:00,GBP_JPY,WAIT,11,54,54,208.104,UPPER_MID,S=NA(0) R=214.49949999999998(4),CORR EUR_JPY=+0.97,,,
2026-09-09T17:49:57.356528+00:00,EUR_USD,WAIT,18,5,18,1.16382,UPPER_25,S=1.1576133333333334(3) R=1.1641(1),CORR USD_JPY=-0.37,,,
2026-09-09T17:55:52.263942+00:00,USD_JPY,WAIT,0,33,33,153.476,UPPER_MID,S=NA(0) R=157.918(1),CORR EUR_JPY=+0.95,,,
2026-09-09T17:55:52.263963+00:00,EUR_JPY,WAIT,11,43,43,178.621,UPPER_MID,S=NA(0) R=185.5115(8),CORR GBP_JPY=+0.97,,,
2026-09-09T17:55:52.263974+00:00,GBP_JPY,WAIT,11,54,54,208.104,UPPER_MID,S=NA(0) R=214.49949999999998(4),CORR EUR_JPY=+0.97,,,
2026-09-09T17:55:52.263982+00:00,EUR_USD,WAIT,18,5,18,1.16382,UPPER_25,S=1.1576133333333334(3) R=1.1641(1),CORR USD_JPY=-0.37,,,
2026-09-09T18:01:48.549175+00:00,USD_JPY,WAIT,0,33,33,153.469,UPPER_MID,S=NA(0) R=157.918(1),CORR EUR_JPY=+0.95,,,
2026-09-09T18:01:48.549192+00:00,EUR_JPY,WAIT,0,43,43,178.61,UPPER_MID,S=NA(0) R=185.5115(8),CORR GBP_JPY=+0.97,,,
2026-09-09T18:01:48.549199+00:00,GBP_JPY,WAIT,11,47,47,208.08,UPPER_MID,S=NA(0) R=214.49949999999998(4),CORR EUR_JPY=+0.97,,,
2026-09-09T18:01:48.549205+00:00,EUR_USD,WAIT,24,12,24,1.1638,UPPER_25,S=1.1576133333333334(3) R=1.1641(1),CORR USD_JPY=-0.36,,,
2026-09-09T18:07:45.165435+00:00,USD_JPY,WAIT,0,33,33,153.469,UPPER_MID,S=NA(0) R=157.918(1),CORR EUR_JPY=+0.95,,,
2026-09-09T18:07:45.165457+00:00,EUR_JPY,WAIT,0,43,43,178.61,UPPER_MID,S=NA(0) R=185.5115(8),CORR GBP_JPY=+0.97,,,
2026-09-09T18:07:45.165469+00:00,GBP_JPY,WAIT,11,47,47,208.08,UPPER_MID,S=NA(0) R=214.49949999999998(4),CORR EUR_JPY=+0.97,,,
2026-09-09T18:07:45.165479+00:00,EUR_USD,WAIT,24,12,24,1.1638,UPPER_25,S=1.1576133333333334(3) R=1.1641(1),CORR USD_JPY=-0.36,,,
2026-09-09T18:13:41.844692+00:00,USD_JPY,WAIT,0,33,33,153.469,UPPER_MID,S=NA(0) R=157.918(1),CORR EUR_JPY=+0.95,,,
2026-09-09T18:13:41.844707+00:00,EUR_JPY,WAIT,0,43,43,178.61,UPPER_MID,S=NA(0) R=185.5115(8),CORR GBP_JPY=+0.97,,,
2026-09-09T18:13:41.844741+00:00,GBP_JPY,WAIT,11,47,47,208.08,UPPER_MID,S=NA(0) R=214.49949999999998(4),CORR EUR_JPY=+0.97,,,
2026-09-09T18:13:41.844754+00:00,EUR_USD,WAIT,24,12,24,1.1638,UPPER_25,S=1.1576133333333334(3) R=1.1641(1),CORR USD_JPY=-0.36,,,
2026-09-09T18:19:35.582526+00:00,USD_JPY,WAIT,0,51,51,153.475,UPPER_MID,S=NA(0) R=157.918(1),CORR EUR_JPY=+0.95,,,
2026-09-09T18:19:35.582541+00:00,EUR_JPY,WAIT,11,50,50,178.616,UPPER_MID,S=NA(0) R=185.5115(8),CORR GBP_JPY=+0.97,,,
2026-09-09T18:19:35.582554+00:00,GBP_JPY,WAIT,11,47,47,208.082,UPPER_MID,S=NA(0) R=214.49949999999998(4),CORR EUR_JPY=+0.97,,,
2026-09-09T18:19:35.582565+00:00,EUR_USD,WAIT,24,5,24,1.1638,UPPER_25,S=1.1576133333333334(3) R=1.1641(1),CORR USD_JPY=-0.36,,,
2026-09-09T18:25:36.636885+00:00,USD_JPY,WAIT,0,51,51,153.475,UPPER_MID,S=NA(0) R=157.918(1),CORR EUR_JPY=+0.95,,,
2026-09-09T18:25:36.636907+00:00,EUR_JPY,WAIT,11,50,50,178.616,UPPER_MID,S=NA(0) R=185.5115(8),CORR GBP_JPY=+0.97,,,
2026-09-09T18:25:36.636919+00:00,GBP_JPY,WAIT,11,47,47,208.082,UPPER_MID,S=NA(0) R=214.49949999999998(4),CORR EUR_JPY=+0.97,,,
2026-09-09T18:25:36.636931+00:00,EUR_USD,WAIT,24,5,24,1.1638,UPPER_25,S=1.1576133333333334(3) R=1.1641(1),CORR USD_JPY=-0.36,,,
2026-09-09T18:31:33.634528+00:00,USD_JPY,WAIT,0,44,44,153.485,UPPER_MID,S=NA(0) R=157.918(1),CORR EUR_JPY=+0.95,,,
2026-09-09T18:31:33.634552+00:00,EUR_JPY,WAIT,0,33,33,178.591,UPPER_MID,S=NA(0) R=185.5115(8),CORR GBP_JPY=+0.97,,,
2026-09-09T18:31:33.634565+00:00,GBP_JPY,WAIT,0,43,43,208.047,UPPER_MID,S=NA(0) R=214.49949999999998(4),CORR EUR_JPY=+0.97,,,
2026-09-09T18:31:33.634575+00:00,EUR_USD,WAIT,13,5,13,1.16356,UPPER_25,S=1.1576133333333334(3) R=1.1641(1),CORR USD_JPY=-0.36,,,
2026-09-09T18:37:30.162140+00:00,USD_JPY,WAIT,0,44,44,153.485,UPPER_MID,S=NA(0) R=157.918(1),CORR EUR_JPY=+0.95,,,
2026-09-09T18:37:30.162163+00:00,EUR_JPY,WAIT,0,33,33,178.591,UPPER_MID,S=NA(0) R=185.5115(8),CORR GBP_JPY=+0.97,,,
2026-09-09T18:37:30.162175+00:00,GBP_JPY,WAIT,0,43,43,208.047,UPPER_MID,S=NA(0) R=214.49949999999998(4),CORR EUR_JPY=+0.97,,,
2026-09-09T18:37:30.162186+00:00,EUR_USD,WAIT,13,5,13,1.16356,UPPER_25,S=1.1576133333333334(3) R=1.1641(1),CORR USD_JPY=-0.36,,,
2026-09-09T18:38:48.148368+00:00,USD_JPY,WAIT,0,44,44,153.485,UPPER_MID,S=NA(0) R=157.918(1),CORR EUR_JPY=+0.95,,,
2026-09-09T18:38:48.148390+00:00,EUR_JPY,WAIT,0,33,33,178.591,UPPER_MID,S=NA(0) R=185.5115(8),CORR GBP_JPY=+0.97,,,
2026-09-09T18:38:48.148404+00:00,GBP_JPY,WAIT,0,43,43,208.047,UPPER_MID,S=NA(0) R=214.49949999999998(4),CORR EUR_JPY=+0.97,,,
2026-09-09T18:38:48.148414+00:00,EUR_USD,WAIT,13,5,13,1.16356,UPPER_25,S=1.1576133333333334(3) R=1.1641(1),CORR USD_JPY=-0.36,,,
2026-09-09T18:44:47.902453+00:00,USD_JPY,WAIT,0,44,44,153.485,UPPER_MID,S=NA(0) R=157.918(1),CORR EUR_JPY=+0.95,,,
2026-09-09T18:44:47.902474+00:00,EUR_JPY,WAIT,0,33,33,178.591,UPPER_MID,S=NA(0) R=185.5115(8),CORR GBP_JPY=+0.97,,,
2026-09-09T18:44:47.902485+00:00,GBP_JPY,WAIT,0,43,43,208.047,UPPER_MID,S=NA(0) R=214.49949999999998(4),CORR EUR_JPY=+0.97,,,
2026-09-09T18:44:47.902495+00:00,EUR_USD,WAIT,13,5,13,1.16356,UPPER_25,S=1.1576133333333334(3) R=1.1641(1),CORR USD_JPY=-0.36,,,
2026-09-09T18:50:43.114640+00:00,USD_JPY,WAIT,18,33,33,153.591,UPPER_MID,S=NA(0) R=157.918(1),CORR EUR_JPY=+0.95,,,
2026-09-09T18:50:43.114663+00:00,EUR_JPY,WAIT,18,33,33,178.64,UPPER_MID,S=NA(0) R=185.5115(8),CORR GBP_JPY=+0.97,,,
2026-09-09T18:50:43.114676+00:00,GBP_JPY,WAIT,11,33,33,208.117,UPPER_MID,S=NA(0) R=214.49949999999998(4),CORR EUR_JPY=+0.97,,,
2026-09-09T18:50:43.114686+00:00,EUR_USD,WAIT,13,16,16,1.16307,UPPER_25,S=1.1576133333333334(3) R=1.1641(1),CORR USD_JPY=-0.36,,,
2026-09-09T18:56:49.469117+00:00,USD_JPY,WAIT,18,33,33,153.591,UPPER_MID,S=NA(0) R=157.918(1),CORR EUR_JPY=+0.95,,,
2026-09-09T18:56:49.469140+00:00,EUR_JPY,WAIT,18,33,33,178.64,UPPER_MID,S=NA(0) R=185.5115(8),CORR GBP_JPY=+0.97,,,
2026-09-09T18:56:49.469153+00:00,GBP_JPY,WAIT,11,33,33,208.117,UPPER_MID,S=NA(0) R=214.49949999999998(4),CORR EUR_JPY=+0.97,,,
2026-09-09T18:56:49.469163+00:00,EUR_USD,WAIT,13,16,16,1.16307,UPPER_25,S=1.1576133333333334(3) R=1.1641(1),CORR USD_JPY=-0.36,,,
2026-09-09T19:02:45.302093+00:00,USD_JPY,WAIT,18,33,33,153.595,UPPER_MID,S=NA(0) R=157.918(1),CORR EUR_JPY=+0.95,,,
2026-09-09T19:02:45.302116+00:00,EUR_JPY,WAIT,18,33,33,178.624,UPPER_MID,S=NA(0) R=185.5115(8),CORR GBP_JPY=+0.97,,,
2026-09-09T19:02:45.302127+00:00,GBP_JPY,WAIT,0,33,33,208.054,UPPER_MID,S=NA(0) R=214.49949999999998(4),CORR EUR_JPY=+0.97,,,
2026-09-09T19:02:45.302137+00:00,EUR_USD,WAIT,0,16,16,1.16292,UPPER_25,S=1.1576133333333334(3) R=1.1641(1),CORR USD_JPY=-0.37,,,
2026-09-09T19:08:41.392657+00:00,USD_JPY,WAIT,18,33,33,153.595,UPPER_MID,S=NA(0) R=157.918(1),CORR EUR_JPY=+0.95,,,
2026-09-09T19:08:41.392680+00:00,EUR_JPY,WAIT,18,40,40,178.624,UPPER_MID,S=NA(0) R=185.5115(8),CORR GBP_JPY=+0.97,,,
2026-09-09T19:08:41.392690+00:00,GBP_JPY,WAIT,0,40,40,208.054,UPPER_MID,S=NA(0) R=214.49949999999998(4),CORR EUR_JPY=+0.97,,,
2026-09-09T19:08:41.392696+00:00,EUR_USD,WAIT,0,16,16,1.16292,UPPER_25,S=1.1576133333333334(3) R=1.1641(1),CORR USD_JPY=-0.37,,,
2026-09-09T19:14:35.366574+00:00,USD_JPY,WAIT,18,33,33,153.595,UPPER_MID,S=NA(0) R=157.918(1),CORR EUR_JPY=+0.95,,,
2026-09-09T19:14:35.366596+00:00,EUR_JPY,WAIT,18,33,33,178.624,UPPER_MID,S=NA(0) R=185.5115(8),CORR GBP_JPY=+0.97,,,
2026-09-09T19:14:35.366607+00:00,GBP_JPY,WAIT,0,40,40,208.054,UPPER_MID,S=NA(0) R=214.49949999999998(4),CORR EUR_JPY=+0.97,,,
2026-09-09T19:14:35.366616+00:00,EUR_USD,WAIT,0,16,16,1.16292,UPPER_25,S=1.1576133333333334(3) R=1.1641(1),CORR USD_JPY=-0.37,,,
2026-09-09T19:20:28.509763+00:00,USD_JPY,WAIT,18,33,33,153.726,UPPER_MID,S=NA(0) R=157.918(1),CORR EUR_JPY=+0.95,,,
2026-09-09T19:20:28.509791+00:00,EUR_JPY,WAIT,18,33,33,178.733,UPPER_MID,S=NA(0) R=185.5115(8),CORR GBP_JPY=+0.97,,,
2026-09-09T19:20:28.509803+00:00,GBP_JPY,WAIT,11,33,33,208.185,UPPER_MID,S=NA(0) R=214.49949999999998(4),CORR EUR_JPY=+0.97,,,
2026-09-09T19:20:28.509813+00:00,EUR_USD,WAIT,0,16,16,1.16266,UPPER_25,S=1.1576133333333334(3) R=1.1641(1),CORR USD_JPY=-0.37,,,
2026-09-09T19:26:24.536150+00:00,USD_JPY,WAIT,18,40,40,153.726,UPPER_MID,S=NA(0) R=157.918(1),CORR EUR_JPY=+0.95,,,
2026-09-09T19:26:24.536175+00:00,EUR_JPY,WAIT,18,40,40,178.733,UPPER_MID,S=NA(0) R=185.5115(8),CORR GBP_JPY=+0.97,,,
2026-09-09T19:26:24.536189+00:00,GBP_JPY,WAIT,11,33,33,208.185,UPPER_MID,S=NA(0) R=214.49949999999998(4),CORR EUR_JPY=+0.97,,,
2026-09-09T19:26:24.536200+00:00,EUR_USD,WAIT,0,16,16,1.16266,UPPER_25,S=1.1576133333333334(3) R=1.1641(1),CORR USD_JPY=-0.37,,,
2026-09-09T19:32:22.567694+00:00,USD_JPY,WAIT,11,40,40,153.65,UPPER_MID,S=NA(0) R=157.918(1),CORR EUR_JPY=+0.95,,,
2026-09-09T19:32:22.567718+00:00,EUR_JPY,WAIT,18,40,40,178.657,UPPER_MID,S=NA(0) R=185.5115(8),CORR GBP_JPY=+0.97,,,
2026-09-09T19:32:22.567732+00:00,GBP_JPY,WAIT,0,40,40,208.078,UPPER_MID,S=NA(0) R=214.49949999999998(4),CORR EUR_JPY=+0.97,,,
2026-09-09T19:32:22.567743+00:00,EUR_USD,WAIT,7,16,16,1.16273,UPPER_25,S=1.1576133333333334(3) R=1.1641(1),CORR USD_JPY=-0.37,,,
2026-09-09T19:38:17.046923+00:00,USD_JPY,WAIT,11,40,40,153.65,UPPER_MID,S=NA(0) R=157.918(1),CORR EUR_JPY=+0.95,,,
2026-09-09T19:38:17.046939+00:00,EUR_JPY,WAIT,18,40,40,178.657,UPPER_MID,S=NA(0) R=185.5115(8),CORR GBP_JPY=+0.97,,,
2026-09-09T19:38:17.046946+00:00,GBP_JPY,WAIT,0,40,40,208.078,UPPER_MID,S=NA(0) R=214.49949999999998(4),CORR EUR_JPY=+0.97,,,
2026-09-09T19:38:17.046952+00:00,EUR_USD,WAIT,7,16,16,1.16273,UPPER_25,S=1.1576133333333334(3) R=1.1641(1),CORR USD_JPY=-0.37,,,
2026-09-09T19:44:17.296708+00:00,USD_JPY,WAIT,11,33,33,153.65,UPPER_MID,S=NA(0) R=157.918(1),CORR EUR_JPY=+0.95,,,
2026-09-09T19:44:17.296731+00:00,EUR_JPY,WAIT,18,33,33,178.657,UPPER_MID,S=NA(0) R=185.5115(8),CORR GBP_JPY=+0.97,,,
2026-09-09T19:44:17.296744+00:00,GBP_JPY,WAIT,0,40,40,208.078,UPPER_MID,S=NA(0) R=214.49949999999998(4),CORR EUR_JPY=+0.97,,,
2026-09-09T19:44:17.296755+00:00,EUR_USD,WAIT,7,16,16,1.16273,UPPER_25,S=1.1576133333333334(3) R=1.1641(1),CORR USD_JPY=-0.37,,,
2026-09-09T19:45:22.900832+00:00,USD_JPY,WAIT,11,33,33,153.65,UPPER_MID,S=NA(0) R=157.918(1),CORR EUR_JPY=+0.95,,,
2026-09-09T19:45:22.900853+00:00,EUR_JPY,WAIT,18,33,33,178.657,UPPER_MID,S=NA(0) R=185.5115(8),CORR GBP_JPY=+0.97,,,
2026-09-09T19:45:22.900865+00:00,GBP_JPY,WAIT,0,40,40,208.078,UPPER_MID,S=NA(0) R=214.49949999999998(4),CORR EUR_JPY=+0.97,,,
2026-09-09T19:45:22.900875+00:00,EUR_USD,WAIT,7,16,16,1.16296,UPPER_25,S=1.1576133333333334(3) R=1.1641(1),CORR USD_JPY=-0.37,,,
2026-09-09T19:51:04.795930+00:00,USD_JPY,WAIT,11,33,33,153.621,UPPER_MID,S=NA(0) R=157.918(1),CORR EUR_JPY=+0.95,,,
2026-09-09T19:51:04.795952+00:00,EUR_JPY,WAIT,18,33,33,178.658,UPPER_MID,S=NA(0) R=185.5115(8),CORR GBP_JPY=+0.97,,,
2026-09-09T19:51:04.795963+00:00,GBP_JPY,WAIT,0,40,40,208.077,UPPER_MID,S=NA(0) R=214.49949999999998(4),CORR EUR_JPY=+0.97,,,
2026-09-09T19:51:04.795969+00:00,EUR_USD,WAIT,7,16,16,1.16296,UPPER_25,S=1.1576133333333334(3) R=1.1641(1),CORR USD_JPY=-0.37,,,
2026-09-09T19:56:47.768909+00:00,USD_JPY,WAIT,11,33,33,153.621,UPPER_MID,S=NA(0) R=157.918(1),CORR EUR_JPY=+0.95,,,
2026-09-09T19:56:47.768945+00:00,EUR_JPY,WAIT,18,33,33,178.658,UPPER_MID,S=NA(0) R=185.5115(8),CORR GBP_JPY=+0.97,,,
2026-09-09T19:56:47.768956+00:00,GBP_JPY,WAIT,0,40,40,208.077,UPPER_MID,S=NA(0) R=214.49949999999998(4),CORR EUR_JPY=+0.97,,,
2026-09-09T19:56:47.768966+00:00,EUR_USD,WAIT,7,16,16,1.16296,UPPER_25,S=1.1576133333333334(3) R=1.1641(1),CORR USD_JPY=-0.37,,,
2026-09-09T20:02:30.013426+00:00,USD_JPY,WAIT,11,54,54,153.636,UPPER_MID,S=NA(0) R=157.918(1),CORR EUR_JPY=+0.95,,,
2026-09-09T20:02:30.013447+00:00,EUR_JPY,WAIT,11,43,43,178.698,UPPER_MID,S=NA(0) R=185.5115(8),CORR GBP_JPY=+0.97,,,
2026-09-09T20:02:30.013457+00:00,GBP_JPY,WAIT,11,33,33,208.112,UPPER_MID,S=NA(0) R=214.49949999999998(4),CORR EUR_JPY=+0.97,,,
2026-09-09T20:02:30.013467+00:00,EUR_USD,WAIT,25,16,25,1.16309,UPPER_25,S=1.1576133333333334(3) R=1.1641(1),CORR USD_JPY=-0.37,,,
2026-09-09T20:08:12.479809+00:00,USD_JPY,WAIT,11,54,54,153.636,UPPER_MID,S=NA(0) R=157.918(1),CORR EUR_JPY=+0.95,,,
2026-09-09T20:08:12.479831+00:00,EUR_JPY,WAIT,11,43,43,178.698,UPPER_MID,S=NA(0) R=185.5115(8),CORR GBP_JPY=+0.97,,,
2026-09-09T20:08:12.479841+00:00,GBP_JPY,WAIT,11,33,33,208.112,UPPER_MID,S=NA(0) R=214.49949999999998(4),CORR EUR_JPY=+0.97,,,
2026-09-09T20:08:12.479850+00:00,EUR_USD,WAIT,25,16,25,1.16309,UPPER_25,S=1.1576133333333334(3) R=1.1641(1),CORR USD_JPY=-0.37,,,
2026-09-09T20:13:54.560522+00:00,USD_JPY,WAIT,11,54,54,153.636,UPPER_MID,S=NA(0) R=157.918(1),CORR EUR_JPY=+0.95,,,
2026-09-09T20:13:54.560539+00:00,EUR_JPY,WAIT,11,43,43,178.698,UPPER_MID,S=NA(0) R=185.5115(8),CORR GBP_JPY=+0.97,,,
2026-09-09T20:13:54.560555+00:00,GBP_JPY,WAIT,11,33,33,208.112,UPPER_MID,S=NA(0) R=214.49949999999998(4),CORR EUR_JPY=+0.97,,,
2026-09-09T20:13:54.560565+00:00,EUR_USD,WAIT,25,16,25,1.16309,UPPER_25,S=1.1576133333333334(3) R=1.1641(1),CORR USD_JPY=-0.37,,,
2026-09-09T20:19:37.086666+00:00,USD_JPY,WAIT,11,54,54,153.648,UPPER_MID,S=NA(0) R=157.918(1),CORR EUR_JPY=+0.95,,,
2026-09-09T20:19:37.086689+00:00,EUR_JPY,WAIT,11,57,57,178.68,UPPER_MID,S=NA(0) R=185.5115(8),CORR GBP_JPY=+0.97,,,
2026-09-09T20:19:37.086701+00:00,GBP_JPY,WAIT,11,40,40,208.093,UPPER_MID,S=NA(0) R=214.49949999999998(4),CORR EUR_JPY=+0.97,,,
2026-09-09T20:19:37.086713+00:00,EUR_USD,WAIT,25,16,25,1.16289,UPPER_25,S=1.1576133333333334(3) R=1.1641(1),CORR USD_JPY=-0.37,,,
2026-09-09T20:25:19.495400+00:00,USD_JPY,WAIT,11,54,54,153.648,UPPER_MID,S=NA(0) R=157.918(1),CORR EUR_JPY=+0.95,,,
2026-09-09T20:25:19.495424+00:00,EUR_JPY,WAIT,11,57,57,178.68,UPPER_MID,S=NA(0) R=185.5115(8),CORR GBP_JPY=+0.97,,,
2026-09-09T20:25:19.495435+00:00,GBP_JPY,WAIT,11,40,40,208.093,UPPER_MID,S=NA(0) R=214.49949999999998(4),CORR EUR_JPY=+0.97,,,
2026-09-09T20:25:19.495444+00:00,EUR_USD,WAIT,25,16,25,1.16289,UPPER_25,S=1.1576133333333334(3) R=1.1641(1),CORR USD_JPY=-0.37,,,
2026-09-09T20:31:01.854585+00:00,USD_JPY,WAIT,11,54,54,153.615,UPPER_MID,S=NA(0) R=157.918(1),CORR EUR_JPY=+0.95,,,
2026-09-09T20:31:01.854611+00:00,EUR_JPY,WAIT,0,50,50,178.647,UPPER_MID,S=NA(0) R=185.5115(8),CORR GBP_JPY=+0.97,,,
2026-09-09T20:31:01.854623+00:00,GBP_JPY,WAIT,0,47,47,208.065,UPPER_MID,S=NA(0) R=214.49949999999998(4),CORR EUR_JPY=+0.97,,,
2026-09-09T20:31:01.854632+00:00,EUR_USD,WAIT,25,16,25,1.16292,UPPER_25,S=1.1576133333333334(3) R=1.1641(1),CORR USD_JPY=-0.37,,,
2026-09-09T20:36:43.947568+00:00,USD_JPY,WAIT,11,54,54,153.615,UPPER_MID,S=NA(0) R=157.918(1),CORR EUR_JPY=+0.95,,,
2026-09-09T20:36:43.947589+00:00,EUR_JPY,WAIT,0,50,50,178.647,UPPER_MID,S=NA(0) R=185.5115(8),CORR GBP_JPY=+0.97,,,
2026-09-09T20:36:43.947599+00:00,GBP_JPY,WAIT,0,40,40,208.065,UPPER_MID,S=NA(0) R=214.49949999999998(4),CORR EUR_JPY=+0.97,,,
2026-09-09T20:36:43.947609+00:00,EUR_USD,WAIT,25,16,25,1.16292,UPPER_25,S=1.1576133333333334(3) R=1.1641(1),CORR USD_JPY=-0.37,,,
2026-09-09T20:42:26.780196+00:00,USD_JPY,WAIT,11,54,54,153.615,UPPER_MID,S=NA(0) R=157.918(1),CORR EUR_JPY=+0.95,,,
2026-09-09T20:42:26.780222+00:00,EUR_JPY,WAIT,0,50,50,178.647,UPPER_MID,S=NA(0) R=185.5115(8),CORR GBP_JPY=+0.97,,,
2026-09-09T20:42:26.780232+00:00,GBP_JPY,WAIT,0,40,40,208.065,UPPER_MID,S=NA(0) R=214.49949999999998(4),CORR EUR_JPY=+0.97,,,
2026-09-09T20:42:26.780241+00:00,EUR_USD,WAIT,25,16,25,1.16292,UPPER_25,S=1.1576133333333334(3) R=1.1641(1),CORR USD_JPY=-0.37,,,
2026-09-09T20:48:09.316500+00:00,USD_JPY,WAIT,0,50,50,153.554,UPPER_MID,S=NA(0) R=157.918(1),CORR EUR_JPY=+0.95,,,
2026-09-09T20:48:09.316522+00:00,EUR_JPY,WAIT,0,50,50,178.604,UPPER_MID,S=NA(0) R=185.5115(8),CORR GBP_JPY=+0.97,,,
2026-09-09T20:48:09.316532+00:00,GBP_JPY,WAIT,0,51,51,208.006,UPPER_MID,S=NA(0) R=214.49949999999998(4),CORR EUR_JPY=+0.97,,,
2026-09-09T20:48:09.316542+00:00,EUR_USD,WAIT,25,16,25,1.16311,UPPER_25,S=1.1576133333333334(3) R=1.1641(1),CORR USD_JPY=-0.37,,,
2026-09-09T20:49:14.977376+00:00,USD_JPY,WAIT,0,50,50,153.554,UPPER_MID,S=NA(0) R=157.918(1),CORR EUR_JPY=+0.95,,,
2026-09-09T20:49:14.977398+00:00,EUR_JPY,WAIT,0,50,50,178.604,UPPER_MID,S=NA(0) R=185.5115(8),CORR GBP_JPY=+0.97,,,
2026-09-09T20:49:14.977406+00:00,GBP_JPY,WAIT,0,51,51,208.006,UPPER_MID,S=NA(0) R=214.49949999999998(4),CORR EUR_JPY=+0.97,,,
2026-09-09T20:49:14.977412+00:00,EUR_USD,WAIT,25,16,25,1.16311,UPPER_25,S=1.1576133333333334(3) R=1.1641(1),CORR USD_JPY=-0.37,,,
2026-09-09T20:55:00.146841+00:00,USD_JPY,WAIT,0,50,50,153.554,UPPER_MID,S=NA(0) R=157.918(1),CORR EUR_JPY=+0.95,,,
2026-09-09T20:55:00.146863+00:00,EUR_JPY,WAIT,0,50,50,178.604,UPPER_MID,S=NA(0) R=185.5115(8),CORR GBP_JPY=+0.97,,,
2026-09-09T20:55:00.146871+00:00,GBP_JPY,WAIT,0,51,51,208.006,UPPER_MID,S=NA(0) R=214.49949999999998(4),CORR EUR_JPY=+0.97,,,
2026-09-09T20:55:00.146879+00:00,EUR_USD,WAIT,25,16,25,1.16311,UPPER_25,S=1.1576133333333334(3) R=1.1641(1),CORR USD_JPY=-0.37,,,
2026-09-09T21:00:43.690250+00:00,USD_JPY,WAIT,0,51,51,153.507,UPPER_MID,S=NA(0) R=157.918(1),CORR EUR_JPY=+0.95,,,
2026-09-09T21:00:43.690267+00:00,EUR_JPY,WAIT,0,51,51,178.576,UPPER_MID,S=NA(0) R=185.5115(8),CORR GBP_JPY=+0.97,,,
2026-09-09T21:00:43.690274+00:00,GBP_JPY,WAIT,0,62,62,207.947,UPPER_MID,S=NA(0) R=214.49949999999998(4),CORR EUR_JPY=+0.97,0.6499999999999991,1.0,RR_LOW=0.65
2026-09-09T21:00:43.690282+00:00,EUR_USD,WAIT,25,16,25,1.163,UPPER_25,S=1.1576133333333334(3) R=1.1641(1),CORR USD_JPY=-0.37,,,
2026-09-09T21:06:27.851647+00:00,USD_JPY,WAIT,0,51,51,153.507,UPPER_MID,S=NA(0) R=157.918(1),CORR EUR_JPY=+0.95,,,
2026-09-09T21:06:27.851663+00:00,EUR_JPY,WAIT,0,51,51,178.576,UPPER_MID,S=NA(0) R=185.5115(8),CORR GBP_JPY=+0.97,,,
2026-09-09T21:06:27.851669+00:00,GBP_JPY,WAIT,0,62,62,207.947,UPPER_MID,S=NA(0) R=214.49949999999998(4),CORR EUR_JPY=+0.97,0.6499999999999991,1.0,RR_LOW=0.65
2026-09-09T21:06:27.851677+00:00,EUR_USD,WAIT,25,16,25,1.163,UPPER_25,S=1.1576133333333334(3) R=1.1641(1),CORR USD_JPY=-0.37,,,
2026-09-09T21:12:11.948468+00:00,USD_JPY,WAIT,0,51,51,153.507,UPPER_MID,S=NA(0) R=157.918(1),CORR EUR_JPY=+0.95,,,
2026-09-09T21:12:11.948484+00:00,EUR_JPY,WAIT,0,51,51,178.576,UPPER_MID,S=NA(0) R=185.5115(8),CORR GBP_JPY=+0.97,,,
2026-09-09T21:12:11.948493+00:00,GBP_JPY,WAIT,0,62,62,207.947,UPPER_MID,S=NA(0) R=214.49949999999998(4),CORR EUR_JPY=+0.97,0.6499999999999991,1.0,RR_LOW=0.65
2026-09-09T21:12:11.948509+00:00,EUR_USD,WAIT,25,16,25,1.163,UPPER_25,S=1.1576133333333334(3) R=1.1641(1),CORR USD_JPY=-0.37,,,
2026-09-09T21:17:56.332865+00:00,USD_JPY,WAIT,0,55,55,153.501,UPPER_MID,S=NA(0) R=157.918(1),CORR EUR_JPY=+0.95,,,
2026-09-09T21:17:56.332886+00:00,EUR_JPY,WAIT,0,33,33,178.657,UPPER_MID,S=NA(0) R=185.5115(8),CORR GBP_JPY=+0.97,,,
2026-09-09T21:17:56.332894+00:00,GBP_JPY,WAIT,0,55,55,207.992,UPPER_MID,S=NA(0) R=214.49949999999998(4),CORR EUR_JPY=+0.97,,,
2026-09-09T21:17:56.332902+00:00,EUR_USD,WAIT,18,5,18,1.16332,UPPER_25,S=1.1576133333333334(3) R=1.1641(1),CORR USD_JPY=-0.37,,,
2026-09-09T21:23:40.414548+00:00,USD_JPY,WAIT,0,55,55,153.501,UPPER_MID,S=NA(0) R=157.918(1),CORR EUR_JPY=+0.95,,,
2026-09-09T21:23:40.414570+00:00,EUR_JPY,WAIT,0,33,33,178.657,UPPER_MID,S=NA(0) R=185.5115(8),CORR GBP_JPY=+0.97,,,
2026-09-09T21:23:40.414579+00:00,GBP_JPY,WAIT,0,55,55,207.992,UPPER_MID,S=NA(0) R=214.49949999999998(4),CORR EUR_JPY=+0.97,,,
2026-09-09T21:23:40.414588+00:00,EUR_USD,WAIT,18,5,18,1.16332,UPPER_25,S=1.1576133333333334(3) R=1.1641(1),CORR USD_JPY=-0.37,,,
2026-09-09T21:29:22.961372+00:00,USD_JPY,WAIT,0,55,55,153.501,UPPER_MID,S=NA(0) R=157.918(1),CORR EUR_JPY=+0.95,,,
2026-09-09T21:29:22.961394+00:00,EUR_JPY,WAIT,0,33,33,178.657,UPPER_MID,S=NA(0) R=185.5115(8),CORR GBP_JPY=+0.97,,,
2026-09-09T21:29:22.961402+00:00,GBP_JPY,WAIT,0,55,55,207.992,UPPER_MID,S=NA(0) R=214.49949999999998(4),CORR EUR_JPY=+0.97,,,
2026-09-09T21:29:22.961408+00:00,EUR_USD,WAIT,18,5,18,1.16332,UPPER_25,S=1.1576133333333334(3) R=1.1641(1),CORR USD_JPY=-0.37,,,
2026-09-09T21:35:06.960289+00:00,USD_JPY,WAIT,7,55,55,153.512,UPPER_MID,S=NA(0) R=157.918(1),CORR EUR_JPY=+0.95,,,
2026-09-09T21:35:06.960307+00:00,EUR_JPY,WAIT,0,33,33,178.651,UPPER_MID,S=NA(0) R=185.5115(8),CORR GBP_JPY=+0.97,,,
2026-09-09T21:35:06.960313+00:00,GBP_JPY,WAIT,0,55,55,207.994,UPPER_MID,S=NA(0) R=214.49949999999998(4),CORR EUR_JPY=+0.97,,,
2026-09-09T21:35:06.960318+00:00,EUR_USD,WAIT,29,12,29,1.1633,UPPER_25,S=1.1576133333333334(3) R=1.1641(1),CORR USD_JPY=-0.37,,,
2026-09-09T21:40:51.718959+00:00,USD_JPY,WAIT,7,55,55,153.512,UPPER_MID,S=NA(0) R=157.918(1),CORR EUR_JPY=+0.95,,,
2026-09-09T21:40:51.718981+00:00,EUR_JPY,WAIT,0,40,40,178.651,UPPER_MID,S=NA(0) R=185.5115(8),CORR GBP_JPY=+0.97,,,
2026-09-09T21:40:51.718990+00:00,GBP_JPY,WAIT,0,55,55,207.994,UPPER_MID,S=NA(0) R=214.49949999999998(4),CORR EUR_JPY=+0.97,,,
2026-09-09T21:40:51.718998+00:00,EUR_USD,WAIT,29,12,29,1.1633,UPPER_25,S=1.1576133333333334(3) R=1.1641(1),CORR USD_JPY=-0.37,,,
2026-09-09T21:46:35.353212+00:00,USD_JPY,WAIT,0,55,55,153.523,UPPER_MID,S=NA(0) R=157.918(1),CORR EUR_JPY=+0.95,,,
2026-09-09T21:46:35.353234+00:00,EUR_JPY,WAIT,0,51,51,178.615,UPPER_MID,S=NA(0) R=185.5115(8),CORR GBP_JPY=+0.97,,,
2026-09-09T21:46:35.353243+00:00,GBP_JPY,WAIT,0,55,55,207.962,UPPER_MID,S=NA(0) R=214.49949999999998(4),CORR EUR_JPY=+0.97,,,
2026-09-09T21:46:35.353248+00:00,EUR_USD,WAIT,29,5,29,1.1633,UPPER_25,S=1.1576133333333334(3) R=1.1641(1),CORR USD_JPY=-0.37,,,
2026-09-09T21:52:20.993636+00:00,USD_JPY,WAIT,0,55,55,153.523,UPPER_MID,S=NA(0) R=157.918(1),CORR EUR_JPY=+0.95,,,
2026-09-09T21:52:20.993656+00:00,EUR_JPY,WAIT,0,44,44,178.615,UPPER_MID,S=NA(0) R=185.5115(8),CORR GBP_JPY=+0.97,,,
2026-09-09T21:52:20.993665+00:00,GBP_JPY,WAIT,0,55,55,207.962,UPPER_MID,S=NA(0) R=214.49949999999998(4),CORR EUR_JPY=+0.97,,,
2026-09-09T21:52:20.993672+00:00,EUR_USD,WAIT,29,5,29,1.1633,UPPER_25,S=1.1576133333333334(3) R=1.1641(1),CORR USD_JPY=-0.37,,,
2026-09-09T21:53:35.637508+00:00,USD_JPY,WAIT,0,55,55,153.523,UPPER_MID,S=NA(0) R=157.918(1),CORR EUR_JPY=+0.95,,,
2026-09-09T21:53:35.637534+00:00,EUR_JPY,WAIT,0,44,44,178.615,UPPER_MID,S=NA(0) R=185.5115(8),CORR GBP_JPY=+0.97,,,
2026-09-09T21:53:35.637547+00:00,GBP_JPY,WAIT,0,55,55,207.962,UPPER_MID,S=NA(0) R=214.49949999999998(4),CORR EUR_JPY=+0.97,,,
2026-09-09T21:53:35.637557+00:00,EUR_USD,WAIT,29,5,29,1.1633,UPPER_25,S=1.1576133333333334(3) R=1.1641(1),CORR USD_JPY=-0.37,,,
2026-09-09T21:59:32.068647+00:00,USD_JPY,WAIT,0,55,55,153.523,UPPER_MID,S=NA(0) R=157.918(1),CORR EUR_JPY=+0.95,,,
2026-09-09T21:59:32.068669+00:00,EUR_JPY,WAIT,0,44,44,178.615,UPPER_MID,S=NA(0) R=185.5115(8),CORR GBP_JPY=+0.97,,,
2026-09-09T21:59:32.068680+00:00,GBP_JPY,WAIT,0,55,55,207.962,UPPER_MID,S=NA(0) R=214.49949999999998(4),CORR EUR_JPY=+0.97,,,
2026-09-09T21:59:32.068690+00:00,EUR_USD,WAIT,29,5,29,1.1633,UPPER_25,S=1.1576133333333334(3) R=1.1641(1),CORR USD_JPY=-0.37,,,
2026-09-09T22:05:27.628122+00:00,USD_JPY,WAIT,0,55,55,153.514,UPPER_MID,S=NA(0) R=157.918(1),CORR EUR_JPY=+0.95,,,
2026-09-09T22:05:27.628144+00:00,EUR_JPY,WAIT,13,44,44,178.63,UPPER_MID,S=NA(0) R=185.5115(8),CORR GBP_JPY=+0.97,,,
2026-09-09T22:05:27.628156+00:00,GBP_JPY,WAIT,0,55,55,207.973,UPPER_MID,S=NA(0) R=214.49949999999998(4),CORR EUR_JPY=+0.97,,,
2026-09-09T22:05:27.628168+00:00,EUR_USD,WAIT,25,5,25,1.16317,UPPER_25,S=1.1576133333333334(3) R=1.1641(1),CORR USD_JPY=-0.37,,,
2026-09-09T22:11:23.495516+00:00,USD_JPY,WAIT,0,55,55,153.514,UPPER_MID,S=NA(0) R=157.918(1),CORR EUR_JPY=+0.95,,,
2026-09-09T22:11:23.495537+00:00,EUR_JPY,WAIT,13,44,44,178.63,UPPER_MID,S=NA(0) R=185.5115(8),CORR GBP_JPY=+0.97,,,
2026-09-09T22:11:23.495547+00:00,GBP_JPY,WAIT,0,55,55,207.973,UPPER_MID,S=NA(0) R=214.49949999999998(4),CORR EUR_JPY=+0.97,,,
2026-09-09T22:11:23.495557+00:00,EUR_USD,WAIT,25,5,25,1.16317,UPPER_25,S=1.1576133333333334(3) R=1.1641(1),CORR USD_JPY=-0.37,,,
2026-09-09T22:17:18.408402+00:00,USD_JPY,WAIT,0,55,55,153.495,UPPER_MID,S=NA(0) R=157.918(1),CORR EUR_JPY=+0.95,,,
2026-09-09T22:17:18.408453+00:00,EUR_JPY,WAIT,13,44,44,178.596,UPPER_MID,S=NA(0) R=185.5115(8),CORR GBP_JPY=+0.97,,,
2026-09-09T22:17:18.408465+00:00,GBP_JPY,WAIT,0,55,55,207.968,UPPER_MID,S=NA(0) R=214.49949999999998(4),CORR EUR_JPY=+0.97,,,
2026-09-09T22:17:18.408475+00:00,EUR_USD,WAIT,29,5,29,1.16345,UPPER_25,S=1.1576133333333334(3) R=1.1641(1),CORR USD_JPY=-0.37,,,
2026-09-09T22:23:14.832265+00:00,USD_JPY,WAIT,0,55,55,153.495,UPPER_MID,S=NA(0) R=157.918(1),CORR EUR_JPY=+0.95,,,
2026-09-09T22:23:14.832287+00:00,EUR_JPY,WAIT,13,44,44,178.596,UPPER_MID,S=NA(0) R=185.5115(8),CORR GBP_JPY=+0.97,,,
2026-09-09T22:23:14.832300+00:00,GBP_JPY,WAIT,0,55,55,207.968,UPPER_MID,S=NA(0) R=214.49949999999998(4),CORR EUR_JPY=+0.97,,,
2026-09-09T22:23:14.832307+00:00,EUR_USD,WAIT,29,5,29,1.16345,UPPER_25,S=1.1576133333333334(3) R=1.1641(1),CORR USD_JPY=-0.37,,,
2026-09-09T22:29:08.755898+00:00,USD_JPY,WAIT,0,55,55,153.495,UPPER_MID,S=NA(0) R=157.918(1),CORR EUR_JPY=+0.95,,,
2026-09-09T22:29:08.755914+00:00,EUR_JPY,WAIT,13,44,44,178.596,UPPER_MID,S=NA(0) R=185.5115(8),CORR GBP_JPY=+0.97,,,
2026-09-09T22:29:08.755921+00:00,GBP_JPY,WAIT,0,55,55,207.968,UPPER_MID,S=NA(0) R=214.49949999999998(4),CORR EUR_JPY=+0.97,,,
2026-09-09T22:29:08.755927+00:00,EUR_USD,WAIT,29,5,29,1.16345,UPPER_25,S=1.1576133333333334(3) R=1.1641(1),CORR USD_JPY=-0.37,,,
2026-09-09T22:35:04.632045+00:00,USD_JPY,WAIT,0,55,55,153.382,UPPER_MID,S=NA(0) R=157.918(1),CORR EUR_JPY=+0.95,,,
2026-09-09T22:35:04.632069+00:00,EUR_JPY,WAIT,13,51,51,178.501,UPPER_MID,S=NA(0) R=185.5115(8),CORR GBP_JPY=+0.97,,,
2026-09-09T22:35:04.632080+00:00,GBP_JPY,WAIT,0,55,55,207.845,UPPER_MID,S=NA(0) R=214.49949999999998(4),CORR EUR_JPY=+0.97,,,
2026-09-09T22:35:04.632085+00:00,EUR_USD,WAIT,29,5,29,1.16367,UPPER_25,S=1.1576133333333334(3) R=1.1641(1),CORR USD_JPY=-0.37,,,
2026-09-09T22:41:00.061228+00:00,USD_JPY,WAIT,0,55,55,153.382,UPPER_MID,S=NA(0) R=157.918(1),CORR EUR_JPY=+0.95,,,
2026-09-09T22:41:00.061246+00:00,EUR_JPY,WAIT,13,51,51,178.501,UPPER_MID,S=NA(0) R=185.5115(8),CORR GBP_JPY=+0.97,,,
2026-09-09T22:41:00.061253+00:00,GBP_JPY,WAIT,0,55,55,207.845,UPPER_MID,S=NA(0) R=214.49949999999998(4),CORR EUR_JPY=+0.97,,,
2026-09-09T22:41:00.061258+00:00,EUR_USD,WAIT,29,5,29,1.16367,UPPER_25,S=1.1576133333333334(3) R=1.1641(1),CORR USD_JPY=-0.37,,,
2026-09-09T22:46:54.704971+00:00,USD_JPY,WAIT,0,55,55,153.318,UPPER_MID,S=NA(0) R=157.918(1),CORR EUR_JPY=+0.95,,,
2026-09-09T22:46:54.704994+00:00,EUR_JPY,WAIT,13,51,51,178.418,UPPER_MID,S=NA(0) R=185.5115(8),CORR GBP_JPY=+0.97,,,
2026-09-09T22:46:54.705006+00:00,GBP_JPY,WAIT,0,55,55,207.76,UPPER_MID,S=NA(0) R=214.49949999999998(4),CORR EUR_JPY=+0.97,,,
2026-09-09T22:46:54.705015+00:00,EUR_USD,WAIT,29,5,29,1.16363,UPPER_25,S=1.1576133333333334(3) R=1.1641(1),CORR USD_JPY=-0.37,,,
2026-09-09T22:52:50.731744+00:00,USD_JPY,WAIT,0,55,55,153.318,UPPER_MID,S=NA(0) R=157.918(1),CORR EUR_JPY=+0.95,,,
2026-09-09T22:52:50.731759+00:00,EUR_JPY,WAIT,13,51,51,178.418,UPPER_MID,S=NA(0) R=185.5115(8),CORR GBP_JPY=+0.97,,,
2026-09-09T22:52:50.731774+00:00,GBP_JPY,WAIT,0,55,55,207.76,UPPER_MID,S=NA(0) R=214.49949999999998(4),CORR EUR_JPY=+0.97,,,
2026-09-09T22:52:50.731786+00:00,EUR_USD,WAIT,29,5,29,1.16363,UPPER_25,S=1.1576133333333334(3) R=1.1641(1),CORR USD_JPY=-0.37,,,
2026-09-09T22:58:46.191538+00:00,USD_JPY,WAIT,0,55,55,153.318,UPPER_MID,S=NA(0) R=157.918(1),CORR EUR_JPY=+0.95,,,
2026-09-09T22:58:46.191558+00:00,EUR_JPY,WAIT,13,51,51,178.418,UPPER_MID,S=NA(0) R=185.5115(8),CORR GBP_JPY=+0.97,,,
2026-09-09T22:58:46.191565+00:00,GBP_JPY,WAIT,0,55,55,207.76,UPPER_MID,S=NA(0) R=214.49949999999998(4),CORR EUR_JPY=+0.97,,,
2026-09-09T22:58:46.191571+00:00,EUR_USD,WAIT,29,5,29,1.16363,UPPER_25,S=1.1576133333333334(3) R=1.1641(1),CORR USD_JPY=-0.37,,,
2026-09-09T22:59:57.396859+00:00,USD_JPY,WAIT,0,55,55,153.318,UPPER_MID,S=NA(0) R=157.918(1),CORR EUR_JPY=+0.95,,,
2026-09-09T22:59:57.396874+00:00,EUR_JPY,WAIT,13,51,51,178.418,UPPER_MID,S=NA(0) R=185.5115(8),CORR GBP_JPY=+0.97,,,
2026-09-09T22:59:57.396885+00:00,GBP_JPY,WAIT,0,55,55,207.76,UPPER_MID,S=NA(0) R=214.49949999999998(4),CORR EUR_JPY=+0.97,,,
2026-09-09T22:59:57.396898+00:00,EUR_USD,WAIT,29,5,29,1.16363,UPPER_25,S=1.1576133333333334(3) R=1.1641(1),CORR USD_JPY=-0.37,,,
2026-09-09T23:05:50.427219+00:00,USD_JPY,WAIT,0,62,62,153.332,UPPER_MID,S=NA(0) R=157.918(1),CORR EUR_JPY=+0.95,0.6499999999999997,1.0,RR_LOW=0.65
2026-09-09T23:05:50.427248+00:00,EUR_JPY,WAIT,0,51,51,178.439,UPPER_MID,S=NA(0) R=185.5115(8),CORR GBP_JPY=+0.97,,,
2026-09-09T23:05:50.427261+00:00,GBP_JPY,WAIT,0,62,62,207.783,UPPER_MID,S=NA(0) R=214.49949999999998(4),CORR EUR_JPY=+0.97,0.65,1.0,RR_LOW=0.65
2026-09-09T23:05:50.427275+00:00,EUR_USD,WAIT,29,5,29,1.16363,UPPER_25,S=1.1576133333333334(3) R=1.1641(1),CORR USD_JPY=-0.37,,,
2026-09-09T23:12:05.827112+00:00,USD_JPY,WAIT,0,62,62,153.332,UPPER_MID,S=NA(0) R=157.918(1),CORR EUR_JPY=+0.95,0.6499999999999997,1.0,RR_LOW=0.65
2026-09-09T23:12:05.827146+00:00,EUR_JPY,WAIT,0,51,51,178.439,UPPER_MID,S=NA(0) R=185.5115(8),CORR GBP_JPY=+0.97,,,
2026-09-09T23:12:05.827158+00:00,GBP_JPY,WAIT,0,62,62,207.783,UPPER_MID,S=NA(0) R=214.49949999999998(4),CORR EUR_JPY=+0.97,0.65,1.0,RR_LOW=0.65
2026-09-09T23:12:05.827170+00:00,EUR_USD,WAIT,29,5,29,1.16363,UPPER_25,S=1.1576133333333334(3) R=1.1641(1),CORR USD_JPY=-0.37,,,
2026-09-09T23:17:59.690748+00:00,USD_JPY,WAIT,0,62,62,153.33,UPPER_MID,S=NA(0) R=157.918(1),CORR EUR_JPY=+0.95,0.6499999999999994,1.0,RR_LOW=0.65
2026-09-09T23:17:59.690783+00:00,EUR_JPY,WAIT,0,44,44,178.441,UPPER_MID,S=NA(0) R=185.5115(8),CORR GBP_JPY=+0.97,,,
2026-09-09T23:17:59.690795+00:00,GBP_JPY,WAIT,0,55,55,207.792,UPPER_MID,S=NA(0) R=214.49949999999998(4),CORR EUR_JPY=+0.97,,,
2026-09-09T23:17:59.690804+00:00,EUR_USD,WAIT,36,5,36,1.1637,UPPER_25,S=1.1576133333333334(3) R=1.1641(1),CORR USD_JPY=-0.37,,,
2026-09-09T23:23:54.643632+00:00,USD_JPY,WAIT,0,62,62,153.33,UPPER_MID,S=NA(0) R=157.918(1),CORR EUR_JPY=+0.95,0.6499999999999994,1.0,RR_LOW=0.65
2026-09-09T23:23:54.643666+00:00,EUR_JPY,WAIT,0,44,44,178.441,UPPER_MID,S=NA(0) R=185.5115(8),CORR GBP_JPY=+0.97,,,
2026-09-09T23:23:54.643684+00:00,GBP_JPY,WAIT,0,55,55,207.792,UPPER_MID,S=NA(0) R=214.49949999999998(4),CORR EUR_JPY=+0.97,,,
2026-09-09T23:23:54.643694+00:00,EUR_USD,WAIT,36,5,36,1.1637,UPPER_25,S=1.1576133333333334(3) R=1.1641(1),CORR USD_JPY=-0.37,,,
2026-09-09T23:29:49.992968+00:00,USD_JPY,WAIT,0,62,62,153.33,UPPER_MID,S=NA(0) R=157.918(1),CORR EUR_JPY=+0.95,0.6499999999999994,1.0,RR_LOW=0.65
2026-09-09T23:29:49.993003+00:00,EUR_JPY,WAIT,0,44,44,178.441,UPPER_MID,S=NA(0) R=185.5115(8),CORR GBP_JPY=+0.97,,,
2026-09-09T23:29:49.993015+00:00,GBP_JPY,WAIT,0,55,55,207.792,UPPER_MID,S=NA(0) R=214.49949999999998(4),CORR EUR_JPY=+0.97,,,
2026-09-09T23:29:49.993024+00:00,EUR_USD,WAIT,36,5,36,1.1637,UPPER_25,S=1.1576133333333334(3) R=1.1641(1),CORR USD_JPY=-0.37,,,
2026-09-09T23:35:43.814695+00:00,USD_JPY,WAIT,0,55,55,153.377,UPPER_MID,S=NA(0) R=157.918(1),CORR EUR_JPY=+0.95,,,
2026-09-09T23:35:43.814717+00:00,EUR_JPY,WAIT,0,44,44,178.477,UPPER_MID,S=NA(0) R=185.5115(8),CORR GBP_JPY=+0.97,,,
2026-09-09T23:35:43.814729+00:00,GBP_JPY,WAIT,0,55,55,207.845,UPPER_MID,S=NA(0) R=214.49949999999998(4),CORR EUR_JPY=+0.97,,,
2026-09-09T23:35:43.814738+00:00,EUR_USD,WAIT,29,5,29,1.1636,UPPER_25,S=1.1576133333333334(3) R=1.1641(1),CORR USD_JPY=-0.37,,,
2026-09-09T23:41:39.410560+00:00,USD_JPY,WAIT,0,55,55,153.377,UPPER_MID,S=NA(0) R=157.918(1),CORR EUR_JPY=+0.95,,,
2026-09-09T23:41:39.410582+00:00,EUR_JPY,WAIT,0,44,44,178.477,UPPER_MID,S=NA(0) R=185.5115(8),CORR GBP_JPY=+0.97,,,
2026-09-09T23:41:39.410593+00:00,GBP_JPY,WAIT,0,55,55,207.845,UPPER_MID,S=NA(0) R=214.49949999999998(4),CORR EUR_JPY=+0.97,,,
2026-09-09T23:41:39.410602+00:00,EUR_USD,WAIT,29,5,29,1.1636,UPPER_25,S=1.1576133333333334(3) R=1.1641(1),CORR USD_JPY=-0.37,,,
2026-09-09T23:47:33.204531+00:00,USD_JPY,WAIT,0,44,44,153.437,UPPER_MID,S=NA(0) R=157.918(1),CORR EUR_JPY=+0.95,,,
2026-09-09T23:47:33.204554+00:00,EUR_JPY,WAIT,0,33,33,178.538,UPPER_MID,S=NA(0) R=185.5115(8),CORR GBP_JPY=+0.97,,,
2026-09-09T23:47:33.204567+00:00,GBP_JPY,WAIT,7,44,44,207.924,UPPER_MID,S=NA(0) R=214.49949999999998(4),CORR EUR_JPY=+0.97,,,
2026-09-09T23:47:33.204576+00:00,EUR_USD,WAIT,29,5,29,1.16353,UPPER_25,S=1.1576133333333334(3) R=1.1641(1),CORR USD_JPY=-0.37,,,
2026-09-09T23:53:31.308033+00:00,USD_JPY,WAIT,0,44,44,153.437,UPPER_MID,S=NA(0) R=157.918(1),CORR EUR_JPY=+0.95,,,
2026-09-09T23:53:31.308054+00:00,EUR_JPY,WAIT,0,33,33,178.538,UPPER_MID,S=NA(0) R=185.5115(8),CORR GBP_JPY=+0.97,,,
2026-09-09T23:53:31.308066+00:00,GBP_JPY,WAIT,7,44,44,207.924,UPPER_MID,S=NA(0) R=214.49949999999998(4),CORR EUR_JPY=+0.97,,,
2026-09-09T23:53:31.308075+00:00,EUR_USD,WAIT,29,5,29,1.16353,UPPER_25,S=1.1576133333333334(3) R=1.1641(1),CORR USD_JPY=-0.37,,,
2026-09-09T23:59:25.954653+00:00,USD_JPY,WAIT,0,44,44,153.437,UPPER_MID,S=NA(0) R=157.918(1),CORR EUR_JPY=+0.95,,,
2026-09-09T23:59:25.954677+00:00,EUR_JPY,WAIT,0,33,33,178.538,UPPER_MID,S=NA(0) R=185.5115(8),CORR GBP_JPY=+0.97,,,
2026-09-09T23:59:25.954688+00:00,GBP_JPY,WAIT,7,44,44,207.924,UPPER_MID,S=NA(0) R=214.49949999999998(4),CORR EUR_JPY=+0.97,,,
2026-09-09T23:59:25.954698+00:00,EUR_USD,WAIT,29,5,29,1.16353,UPPER_25,S=1.1576133333333334(3) R=1.1641(1),CORR USD_JPY=-0.37,,,
2026-09-10T00:05:21.673096+00:00,USD_JPY,WAIT,13,40,40,153.531,UPPER_MID,S=NA(0) R=157.918(1),CORR EUR_JPY=+0.95,,,
2026-09-10T00:05:21.673118+00:00,EUR_JPY,WAIT,13,40,40,178.614,UPPER_MID,S=NA(0) R=185.5115(8),CORR GBP_JPY=+0.97,,,
2026-09-10T00:05:21.673129+00:00,GBP_JPY,WAIT,7,40,40,208.016,UPPER_MID,S=NA(0) R=214.49949999999998(4),CORR EUR_JPY=+0.97,,,
2026-09-10T00:05:21.673138+00:00,EUR_USD,WAIT,18,5,18,1.16331,UPPER_25,S=1.1576133333333334(3) R=1.1641(1),CORR USD_JPY=-0.38,,,
2026-09-10T00:06:28.585081+00:00,USD_JPY,WAIT,13,33,33,153.531,UPPER_MID,S=NA(0) R=157.918(1),CORR EUR_JPY=+0.95,,,
2026-09-10T00:06:28.585103+00:00,EUR_JPY,WAIT,13,33,33,178.614,UPPER_MID,S=NA(0) R=185.5115(8),CORR GBP_JPY=+0.97,,,
2026-09-10T00:06:28.585113+00:00,GBP_JPY,WAIT,7,33,33,208.016,UPPER_MID,S=NA(0) R=214.49949999999998(4),CORR EUR_JPY=+0.97,,,
2026-09-10T00:06:28.585122+00:00,EUR_USD,WAIT,18,5,18,1.16331,UPPER_25,S=1.1576133333333334(3) R=1.1641(1),CORR USD_JPY=-0.38,,,
2026-09-10T00:12:17.887901+00:00,USD_JPY,WAIT,13,33,33,153.531,UPPER_MID,S=NA(0) R=157.918(1),CORR EUR_JPY=+0.95,,,
2026-09-10T00:12:17.887923+00:00,EUR_JPY,WAIT,13,33,33,178.614,UPPER_MID,S=NA(0) R=185.5115(8),CORR GBP_JPY=+0.97,,,
2026-09-10T00:12:17.887934+00:00,GBP_JPY,WAIT,7,33,33,208.016,UPPER_MID,S=NA(0) R=214.49949999999998(4),CORR EUR_JPY=+0.97,,,
2026-09-10T00:12:17.887942+00:00,EUR_USD,WAIT,18,5,18,1.16331,UPPER_25,S=1.1576133333333334(3) R=1.1641(1),CORR USD_JPY=-0.38,,,
2026-09-10T00:18:07.894459+00:00,USD_JPY,WAIT,13,40,40,153.525,UPPER_MID,S=NA(0) R=157.918(1),CORR EUR_JPY=+0.95,,,
2026-09-10T00:18:07.894480+00:00,EUR_JPY,WAIT,13,40,40,178.605,UPPER_MID,S=NA(0) R=185.5115(8),CORR GBP_JPY=+0.97,,,
2026-09-10T00:18:07.894490+00:00,GBP_JPY,WAIT,18,40,40,207.996,UPPER_MID,S=NA(0) R=214.49949999999998(4),CORR EUR_JPY=+0.97,,,
2026-09-10T00:18:07.894499+00:00,EUR_USD,WAIT,18,5,18,1.16334,UPPER_25,S=1.1576133333333334(3) R=1.1641(1),CORR USD_JPY=-0.38,,,
2026-09-10T00:23:54.468495+00:00,USD_JPY,WAIT,13,40,40,153.525,UPPER_MID,S=NA(0) R=157.918(1),CORR EUR_JPY=+0.95,,,
2026-09-10T00:23:54.468511+00:00,EUR_JPY,WAIT,13,40,40,178.605,UPPER_MID,S=NA(0) R=185.5115(8),CORR GBP_JPY=+0.97,,,
2026-09-10T00:23:54.468518+00:00,GBP_JPY,WAIT,18,40,40,207.996,UPPER_MID,S=NA(0) R=214.49949999999998(4),CORR EUR_JPY=+0.97,,,
2026-09-10T00:23:54.468525+00:00,EUR_USD,WAIT,18,5,18,1.16334,UPPER_25,S=1.1576133333333334(3) R=1.1641(1),CORR USD_JPY=-0.38,,,
2026-09-10T00:29:40.806901+00:00,USD_JPY,WAIT,13,33,33,153.525,UPPER_MID,S=NA(0) R=157.918(1),CORR EUR_JPY=+0.95,,,
2026-09-10T00:29:40.806922+00:00,EUR_JPY,WAIT,13,33,33,178.605,UPPER_MID,S=NA(0) R=185.5115(8),CORR GBP_JPY=+0.97,,,
2026-09-10T00:29:40.806932+00:00,GBP_JPY,WAIT,18,33,33,207.996,UPPER_MID,S=NA(0) R=214.49949999999998(4),CORR EUR_JPY=+0.97,,,
2026-09-10T00:29:40.806940+00:00,EUR_USD,WAIT,18,5,18,1.16334,UPPER_25,S=1.1576133333333334(3) R=1.1641(1),CORR USD_JPY=-0.38,,,
2026-09-10T00:35:28.998544+00:00,USD_JPY,WAIT,31,33,33,153.643,UPPER_MID,S=NA(0) R=157.918(1),CORR EUR_JPY=+0.95,,,
2026-09-10T00:35:28.998566+00:00,EUR_JPY,WAIT,31,33,33,178.697,UPPER_MID,S=NA(0) R=185.5115(8),CORR GBP_JPY=+0.97,,,
2026-09-10T00:35:28.998576+00:00,GBP_JPY,WAIT,18,33,33,208.114,UPPER_MID,S=NA(0) R=214.49949999999998(4),CORR EUR_JPY=+0.97,,,
2026-09-10T00:35:28.998584+00:00,EUR_USD,WAIT,18,16,18,1.16305,UPPER_25,S=1.1576133333333334(3) R=1.1641(1),CORR USD_JPY=-0.38,,,
2026-09-10T00:41:17.166552+00:00,USD_JPY,WAIT,31,33,33,153.643,UPPER_MID,S=NA(0) R=157.918(1),CORR EUR_JPY=+0.95,,,
2026-09-10T00:41:17.166575+00:00,EUR_JPY,WAIT,31,33,33,178.697,UPPER_MID,S=NA(0) R=185.5115(8),CORR GBP_JPY=+0.97,,,
2026-09-10T00:41:17.166586+00:00,GBP_JPY,WAIT,18,33,33,208.114,UPPER_MID,S=NA(0) R=214.49949999999998(4),CORR EUR_JPY=+0.97,,,
2026-09-10T00:41:17.166596+00:00,EUR_USD,WAIT,18,16,18,1.16305,UPPER_25,S=1.1576133333333334(3) R=1.1641(1),CORR USD_JPY=-0.38,,,
2026-09-10T00:47:07.881162+00:00,USD_JPY,WAIT,24,33,33,153.652,UPPER_MID,S=NA(0) R=157.918(1),CORR EUR_JPY=+0.95,,,
2026-09-10T00:47:07.881183+00:00,EUR_JPY,WAIT,24,33,33,178.732,UPPER_MID,S=NA(0) R=185.5115(8),CORR GBP_JPY=+0.97,,,
2026-09-10T00:47:07.881193+00:00,GBP_JPY,WAIT,11,33,33,208.163,UPPER_MID,S=NA(0) R=214.49949999999998(4),CORR EUR_JPY=+0.97,,,
2026-09-10T00:47:07.881202+00:00,EUR_USD,WAIT,18,16,18,1.16319,UPPER_25,S=1.1576133333333334(3) R=1.1641(1),CORR USD_JPY=-0.38,,,
2026-09-10T00:52:55.189246+00:00,USD_JPY,WAIT,24,40,40,153.652,UPPER_MID,S=NA(0) R=157.918(1),CORR EUR_JPY=+0.95,,,
2026-09-10T00:52:55.189262+00:00,EUR_JPY,WAIT,24,33,33,178.732,UPPER_MID,S=NA(0) R=185.5115(8),CORR GBP_JPY=+0.97,,,
2026-09-10T00:52:55.189269+00:00,GBP_JPY,WAIT,11,40,40,208.163,UPPER_MID,S=NA(0) R=214.49949999999998(4),CORR EUR_JPY=+0.97,,,
2026-09-10T00:52:55.189276+00:00,EUR_USD,WAIT,18,16,18,1.16319,UPPER_25,S=1.1576133333333334(3) R=1.1641(1),CORR USD_JPY=-0.38,,,
2026-09-10T00:58:43.839653+00:00,USD_JPY,WAIT,24,33,33,153.652,UPPER_MID,S=NA(0) R=157.918(1),CORR EUR_JPY=+0.95,,,
2026-09-10T00:58:43.839675+00:00,EUR_JPY,WAIT,24,33,33,178.732,UPPER_MID,S=NA(0) R=185.5115(8),CORR GBP_JPY=+0.97,,,
2026-09-10T00:58:43.839684+00:00,GBP_JPY,WAIT,11,33,33,208.163,UPPER_MID,S=NA(0) R=214.49949999999998(4),CORR EUR_JPY=+0.97,,,
2026-09-10T00:58:43.839694+00:00,EUR_USD,WAIT,18,16,18,1.16319,UPPER_25,S=1.1576133333333334(3) R=1.1641(1),CORR USD_JPY=-0.38,,,
2026-09-10T01:04:31.896738+00:00,USD_JPY,WAIT,31,33,33,153.705,UPPER_MID,S=NA(0) R=157.918(1),CORR EUR_JPY=+0.95,,,
2026-09-10T01:04:31.896759+00:00,EUR_JPY,WAIT,24,33,33,178.776,UPPER_MID,S=NA(0) R=185.5115(8),CORR GBP_JPY=+0.97,,,
2026-09-10T01:04:31.896770+00:00,GBP_JPY,WAIT,24,33,33,208.2,UPPER_MID,S=NA(0) R=214.49949999999998(4),CORR EUR_JPY=+0.97,,,
2026-09-10T01:04:31.896783+00:00,EUR_USD,WAIT,18,16,18,1.16309,UPPER_25,S=1.1576133333333334(3) R=1.1641(1),CORR USD_JPY=-0.38,,,
2026-09-10T01:10:20.421089+00:00,USD_JPY,WAIT,31,33,33,153.705,UPPER_MID,S=NA(0) R=157.918(1),CORR EUR_JPY=+0.95,,,
2026-09-10T01:10:20.421116+00:00,EUR_JPY,WAIT,24,33,33,178.776,UPPER_MID,S=NA(0) R=185.5115(8),CORR GBP_JPY=+0.97,,,
2026-09-10T01:10:20.421126+00:00,GBP_JPY,WAIT,24,33,33,208.2,UPPER_MID,S=NA(0) R=214.49949999999998(4),CORR EUR_JPY=+0.97,,,
2026-09-10T01:10:20.421136+00:00,EUR_USD,WAIT,18,16,18,1.16309,UPPER_25,S=1.1576133333333334(3) R=1.1641(1),CORR USD_JPY=-0.38,,,
2026-09-10T01:11:45.401288+00:00,USD_JPY,WAIT,31,33,33,153.705,UPPER_MID,S=NA(0) R=157.918(1),CORR EUR_JPY=+0.95,,,
2026-09-10T01:11:45.401303+00:00,EUR_JPY,WAIT,24,33,33,178.776,UPPER_MID,S=NA(0) R=185.5115(8),CORR GBP_JPY=+0.97,,,
2026-09-10T01:11:45.401319+00:00,GBP_JPY,WAIT,24,33,33,208.2,UPPER_MID,S=NA(0) R=214.49949999999998(4),CORR EUR_JPY=+0.97,,,
2026-09-10T01:11:45.401331+00:00,EUR_USD,WAIT,18,16,18,1.16309,UPPER_25,S=1.1576133333333334(3) R=1.1641(1),CORR USD_JPY=-0.38,,,
2026-09-10T01:17:50.235205+00:00,USD_JPY,WAIT,24,47,47,153.594,UPPER_MID,S=NA(0) R=157.918(1),CORR EUR_JPY=+0.95,,,
2026-09-10T01:17:50.235220+00:00,EUR_JPY,WAIT,24,47,47,178.713,UPPER_MID,S=NA(0) R=185.5115(8),CORR GBP_JPY=+0.97,,,
2026-09-10T01:17:50.235227+00:00,GBP_JPY,WAIT,24,47,47,208.116,UPPER_MID,S=NA(0) R=214.49949999999998(4),CORR EUR_JPY=+0.97,,,
2026-09-10T01:17:50.235232+00:00,EUR_USD,WAIT,18,5,18,1.16351,UPPER_25,S=1.1576133333333334(3) R=1.1641(1),CORR USD_JPY=-0.38,,,
2026-09-10T01:23:55.020690+00:00,USD_JPY,WAIT,24,47,47,153.594,UPPER_MID,S=NA(0) R=157.918(1),CORR EUR_JPY=+0.95,,,
2026-09-10T01:23:55.020706+00:00,EUR_JPY,WAIT,24,47,47,178.713,UPPER_MID,S=NA(0) R=185.5115(8),CORR GBP_JPY=+0.97,,,
2026-09-10T01:23:55.020712+00:00,GBP_JPY,WAIT,24,47,47,208.116,UPPER_MID,S=NA(0) R=214.49949999999998(4),CORR EUR_JPY=+0.97,,,
2026-09-10T01:23:55.020717+00:00,EUR_USD,WAIT,18,5,18,1.16351,UPPER_25,S=1.1576133333333334(3) R=1.1641(1),CORR USD_JPY=-0.38,,,
2026-09-10T01:29:59.727992+00:00,USD_JPY,WAIT,24,47,47,153.594,UPPER_MID,S=NA(0) R=157.918(1),CORR EUR_JPY=+0.95,,,
2026-09-10T01:29:59.728017+00:00,EUR_JPY,WAIT,24,47,47,178.713,UPPER_MID,S=NA(0) R=185.5115(8),CORR GBP_JPY=+0.97,,,
2026-09-10T01:29:59.728030+00:00,GBP_JPY,WAIT,24,47,47,208.116,UPPER_MID,S=NA(0) R=214.49949999999998(4),CORR EUR_JPY=+0.97,,,
2026-09-10T01:29:59.728040+00:00,EUR_USD,WAIT,18,5,18,1.16351,UPPER_25,S=1.1576133333333334(3) R=1.1641(1),CORR USD_JPY=-0.38,,,
2026-09-10T01:36:04.390365+00:00,USD_JPY,WAIT,24,47,47,153.694,UPPER_MID,S=NA(0) R=157.918(1),CORR EUR_JPY=+0.95,,,
2026-09-10T01:36:04.390389+00:00,EUR_JPY,WAIT,24,33,33,178.783,UPPER_MID,S=NA(0) R=185.5115(8),CORR GBP_JPY=+0.97,,,
2026-09-10T01:36:04.390402+00:00,GBP_JPY,WAIT,24,33,33,208.21,UPPER_MID,S=NA(0) R=214.49949999999998(4),CORR EUR_JPY=+0.97,,,
2026-09-10T01:36:04.390413+00:00,EUR_USD,WAIT,18,16,18,1.16322,UPPER_25,S=1.1576133333333334(3) R=1.1641(1),CORR USD_JPY=-0.38,,,
2026-09-10T01:42:10.233748+00:00,USD_JPY,WAIT,24,47,47,153.694,UPPER_MID,S=NA(0) R=157.918(1),CORR EUR_JPY=+0.95,,,
2026-09-10T01:42:10.233771+00:00,EUR_JPY,WAIT,24,33,33,178.783,UPPER_MID,S=NA(0) R=185.5115(8),CORR GBP_JPY=+0.97,,,
2026-09-10T01:42:10.233782+00:00,GBP_JPY,WAIT,24,33,33,208.21,UPPER_MID,S=NA(0) R=214.49949999999998(4),CORR EUR_JPY=+0.97,,,
2026-09-10T01:42:10.233791+00:00,EUR_USD,WAIT,18,16,18,1.16322,UPPER_25,S=1.1576133333333334(3) R=1.1641(1),CORR USD_JPY=-0.38,,,
2026-09-10T01:48:12.430635+00:00,USD_JPY,WAIT,24,33,33,153.709,UPPER_MID,S=NA(0) R=157.918(1),CORR EUR_JPY=+0.95,,,
2026-09-10T01:48:12.430662+00:00,EUR_JPY,WAIT,24,33,33,178.827,UPPER_MID,S=NA(0) R=185.5115(8),CORR GBP_JPY=+0.97,,,
2026-09-10T01:48:12.430675+00:00,GBP_JPY,WAIT,24,33,33,208.265,UPPER_MID,S=NA(0) R=214.49949999999998(4),CORR EUR_JPY=+0.97,,,
2026-09-10T01:48:12.430684+00:00,EUR_USD,WAIT,18,5,18,1.16338,UPPER_25,S=1.1576133333333334(3) R=1.1641(1),CORR USD_JPY=-0.38,,,
2026-09-10T01:54:14.438087+00:00,USD_JPY,WAIT,24,40,40,153.709,UPPER_MID,S=NA(0) R=157.918(1),CORR EUR_JPY=+0.95,,,
2026-09-10T01:54:14.438109+00:00,EUR_JPY,WAIT,24,40,40,178.827,UPPER_MID,S=NA(0) R=185.5115(8),CORR GBP_JPY=+0.97,,,
2026-09-10T01:54:14.438122+00:00,GBP_JPY,WAIT,24,40,40,208.265,UPPER_MID,S=NA(0) R=214.49949999999998(4),CORR EUR_JPY=+0.97,,,
2026-09-10T01:54:14.438129+00:00,EUR_USD,WAIT,18,5,18,1.16338,UPPER_25,S=1.1576133333333334(3) R=1.1641(1),CORR USD_JPY=-0.38,,,
2026-09-10T02:00:21.028504+00:00,USD_JPY,WAIT,24,40,40,153.709,UPPER_MID,S=NA(0) R=157.918(1),CORR EUR_JPY=+0.95,,,
2026-09-10T02:00:21.028527+00:00,EUR_JPY,WAIT,24,40,40,178.827,UPPER_MID,S=NA(0) R=185.5115(8),CORR GBP_JPY=+0.97,,,
2026-09-10T02:00:21.028538+00:00,GBP_JPY,WAIT,24,40,40,208.265,UPPER_MID,S=NA(0) R=214.49949999999998(4),CORR EUR_JPY=+0.97,,,
2026-09-10T02:00:21.028547+00:00,EUR_USD,WAIT,31,5,31,1.16338,UPPER_25,S=1.1576133333333334(3) R=1.1641(1),CORR USD_JPY=-0.38,,,
2026-09-10T02:06:25.814630+00:00,USD_JPY,WAIT,0,57,57,153.43,UPPER_MID,S=NA(0) R=157.918(1),CORR EUR_JPY=+0.95,,,
2026-09-10T02:06:25.814652+00:00,EUR_JPY,WAIT,0,61,61,178.59,UPPER_MID,S=NA(0) R=185.5115(8),CORR GBP_JPY=+0.97,,,
2026-09-10T02:06:25.814663+00:00,GBP_JPY,WAIT,13,54,54,208.014,UPPER_MID,S=NA(0) R=214.49949999999998(4),CORR EUR_JPY=+0.97,,,
2026-09-10T02:06:25.814675+00:00,EUR_USD,WAIT,49,5,49,1.16395,UPPER_25,S=1.1576133333333334(3) R=1.1641(1),CORR USD_JPY=-0.38,,,
2026-09-10T02:12:28.294279+00:00,USD_JPY,WAIT,0,50,50,153.43,UPPER_MID,S=NA(0) R=157.918(1),CORR EUR_JPY=+0.95,,,
2026-09-10T02:12:28.294296+00:00,EUR_JPY,WAIT,0,54,54,178.59,UPPER_MID,S=NA(0) R=185.5115(8),CORR GBP_JPY=+0.97,,,
2026-09-10T02:12:28.294304+00:00,GBP_JPY,WAIT,13,47,47,208.014,UPPER_MID,S=NA(0) R=214.49949999999998(4),CORR EUR_JPY=+0.97,,,
2026-09-10T02:12:28.294320+00:00,EUR_USD,WAIT,49,5,49,1.16395,UPPER_25,S=1.1576133333333334(3) R=1.1641(1),CORR USD_JPY=-0.38,,,
2026-09-10T02:18:33.384166+00:00,USD_JPY,WAIT,0,50,50,153.442,UPPER_MID,S=NA(0) R=157.918(1),CORR EUR_JPY=+0.95,,,
2026-09-10T02:18:33.384194+00:00,EUR_JPY,WAIT,0,54,54,178.579,UPPER_MID,S=NA(0) R=185.5115(8),CORR GBP_JPY=+0.97,,,
2026-09-10T02:18:33.384207+00:00,GBP_JPY,WAIT,13,47,47,208.015,UPPER_MID,S=NA(0) R=214.49949999999998(4),CORR EUR_JPY=+0.97,,,
2026-09-10T02:18:33.384217+00:00,EUR_USD,WAIT,49,5,49,1.16382,UPPER_25,S=1.1576133333333334(3) R=1.1641(1),CORR USD_JPY=-0.38,,,
2026-09-10T02:19:53.754597+00:00,USD_JPY,WAIT,0,50,50,153.442,UPPER_MID,S=NA(0) R=157.918(1),CORR EUR_JPY=+0.95,,,
2026-09-10T02:19:53.754618+00:00,EUR_JPY,WAIT,0,54,54,178.579,UPPER_MID,S=NA(0) R=185.5115(8),CORR GBP_JPY=+0.97,,,
2026-09-10T02:19:53.754628+00:00,GBP_JPY,WAIT,13,47,47,208.015,UPPER_MID,S=NA(0) R=214.49949999999998(4),CORR EUR_JPY=+0.97,,,
2026-09-10T02:19:53.754637+00:00,EUR_USD,WAIT,49,5,49,1.16382,UPPER_25,S=1.1576133333333334(3) R=1.1641(1),CORR USD_JPY=-0.38,,,
2026-09-10T02:25:54.909079+00:00,USD_JPY,WAIT,0,50,50,153.442,UPPER_MID,S=NA(0) R=157.918(1),CORR EUR_JPY=+0.95,,,
2026-09-10T02:25:54.909100+00:00,EUR_JPY,WAIT,0,54,54,178.579,UPPER_MID,S=NA(0) R=185.5115(8),CORR GBP_JPY=+0.97,,,
2026-09-10T02:25:54.909110+00:00,GBP_JPY,WAIT,13,47,47,208.015,UPPER_MID,S=NA(0) R=214.49949999999998(4),CORR EUR_JPY=+0.97,,,
2026-09-10T02:25:54.909118+00:00,EUR_USD,WAIT,49,5,49,1.16382,UPPER_25,S=1.1576133333333334(3) R=1.1641(1),CORR USD_JPY=-0.38,,,
2026-09-10T02:31:55.913997+00:00,USD_JPY,WAIT,0,54,54,153.533,UPPER_MID,S=NA(0) R=157.918(1),CORR EUR_JPY=+0.95,,,
2026-09-10T02:31:55.914017+00:00,EUR_JPY,WAIT,0,47,47,178.658,UPPER_MID,S=NA(0) R=185.5115(8),CORR GBP_JPY=+0.97,,,
2026-09-10T02:31:55.914028+00:00,GBP_JPY,WAIT,24,47,47,208.109,UPPER_MID,S=NA(0) R=214.49949999999998(4),CORR EUR_JPY=+0.97,,,
2026-09-10T02:31:55.914039+00:00,EUR_USD,WAIT,42,12,42,1.16362,UPPER_25,S=1.1576133333333334(3) R=1.1641(1),CORR USD_JPY=-0.38,,,
2026-09-10T02:37:55.475338+00:00,USD_JPY,WAIT,0,54,54,153.533,UPPER_MID,S=NA(0) R=157.918(1),CORR EUR_JPY=+0.95,,,
2026-09-10T02:37:55.475354+00:00,EUR_JPY,WAIT,0,47,47,178.658,UPPER_MID,S=NA(0) R=185.5115(8),CORR GBP_JPY=+0.97,,,
2026-09-10T02:37:55.475361+00:00,GBP_JPY,WAIT,24,47,47,208.109,UPPER_MID,S=NA(0) R=214.49949999999998(4),CORR EUR_JPY=+0.97,,,
2026-09-10T02:37:55.475367+00:00,EUR_USD,WAIT,42,12,42,1.16362,UPPER_25,S=1.1576133333333334(3) R=1.1641(1),CORR USD_JPY=-0.38,,,
2026-09-10T02:43:55.972829+00:00,USD_JPY,WAIT,0,61,61,153.533,UPPER_MID,S=NA(0) R=157.918(1),CORR EUR_JPY=+0.95,,,
2026-09-10T02:43:55.972852+00:00,EUR_JPY,WAIT,0,47,47,178.658,UPPER_MID,S=NA(0) R=185.5115(8),CORR GBP_JPY=+0.97,,,
2026-09-10T02:43:55.972861+00:00,GBP_JPY,WAIT,24,54,54,208.109,UPPER_MID,S=NA(0) R=214.49949999999998(4),CORR EUR_JPY=+0.97,,,
2026-09-10T02:43:55.972870+00:00,EUR_USD,WAIT,42,12,42,1.16362,UPPER_25,S=1.1576133333333334(3) R=1.1641(1),CORR USD_JPY=-0.38,,,
2026-09-10T02:49:53.284583+00:00,USD_JPY,WAIT,0,51,51,153.535,UPPER_MID,S=NA(0) R=157.918(1),CORR EUR_JPY=+0.95,,,
2026-09-10T02:49:53.284607+00:00,EUR_JPY,WAIT,0,33,33,178.659,UPPER_MID,S=NA(0) R=185.5115(8),CORR GBP_JPY=+0.97,,,
2026-09-10T02:49:53.284617+00:00,GBP_JPY,WAIT,31,33,33,208.12,UPPER_MID,S=NA(0) R=214.49949999999998(4),CORR EUR_JPY=+0.97,,,
2026-09-10T02:49:53.284626+00:00,EUR_USD,WAIT,42,12,42,1.16361,UPPER_25,S=1.1576133333333334(3) R=1.1641(1),CORR USD_JPY=-0.38,,,
2026-09-10T02:55:52.466719+00:00,USD_JPY,WAIT,0,51,51,153.535,UPPER_MID,S=NA(0) R=157.918(1),CORR EUR_JPY=+0.95,,,
2026-09-10T02:55:52.466743+00:00,EUR_JPY,WAIT,0,40,40,178.659,UPPER_MID,S=NA(0) R=185.5115(8),CORR GBP_JPY=+0.97,,,
2026-09-10T02:55:52.466754+00:00,GBP_JPY,WAIT,31,40,40,208.12,UPPER_MID,S=NA(0) R=214.49949999999998(4),CORR EUR_JPY=+0.97,,,
2026-09-10T02:55:52.466763+00:00,EUR_USD,WAIT,42,12,42,1.16361,UPPER_25,S=1.1576133333333334(3) R=1.1641(1),CORR USD_JPY=-0.38,,,
2026-09-10T03:01:51.718322+00:00,USD_JPY,WAIT,0,64,64,153.413,UPPER_MID,S=NA(0) R=157.918(1),CORR EUR_JPY=+0.95,0.6500000000000009,1.0,RR_LOW=0.65
2026-09-10T03:01:51.718363+00:00,EUR_JPY,WAIT,0,58,58,178.574,UPPER_MID,S=NA(0) R=185.5115(8),CORR GBP_JPY=+0.97,,,
2026-09-10T03:01:51.718374+00:00,GBP_JPY,WAIT,20,51,51,208.023,UPPER_MID,S=NA(0) R=214.49949999999998(4),CORR EUR_JPY=+0.97,,,
2026-09-10T03:01:51.718384+00:00,EUR_USD,WAIT,42,5,42,1.16398,UPPER_25,S=1.1576133333333334(3) R=1.1641(1),CORR USD_JPY=-0.39,,,
2026-09-10T03:07:51.770105+00:00,USD_JPY,WAIT,0,64,64,153.413,UPPER_MID,S=NA(0) R=157.918(1),CORR EUR_JPY=+0.95,0.6500000000000009,1.0,RR_LOW=0.65
2026-09-10T03:07:51.770132+00:00,EUR_JPY,WAIT,0,51,51,178.574,UPPER_MID,S=NA(0) R=185.5115(8),CORR GBP_JPY=+0.97,,,
2026-09-10T03:07:51.770140+00:00,GBP_JPY,WAIT,20,44,44,208.023,UPPER_MID,S=NA(0) R=214.49949999999998(4),CORR EUR_JPY=+0.97,,,
2026-09-10T03:07:51.770146+00:00,EUR_USD,WAIT,42,5,42,1.16398,UPPER_25,S=1.1576133333333334(3) R=1.1641(1),CORR USD_JPY=-0.39,,,
2026-09-10T03:13:52.414134+00:00,USD_JPY,WAIT,0,64,64,153.413,UPPER_MID,S=NA(0) R=157.918(1),CORR EUR_JPY=+0.95,0.6500000000000009,1.0,RR_LOW=0.65
2026-09-10T03:13:52.414172+00:00,EUR_JPY,WAIT,0,51,51,178.574,UPPER_MID,S=NA(0) R=185.5115(8),CORR GBP_JPY=+0.97,,,
2026-09-10T03:13:52.414182+00:00,GBP_JPY,WAIT,20,44,44,208.023,UPPER_MID,S=NA(0) R=214.49949999999998(4),CORR EUR_JPY=+0.97,,,
2026-09-10T03:13:52.414192+00:00,EUR_USD,WAIT,42,5,42,1.16398,UPPER_25,S=1.1576133333333334(3) R=1.1641(1),CORR USD_JPY=-0.39,,,
2026-09-10T03:19:50.802269+00:00,USD_JPY,WAIT,0,57,57,153.466,UPPER_MID,S=NA(0) R=157.918(1),CORR EUR_JPY=+0.95,,,
2026-09-10T03:19:50.802293+00:00,EUR_JPY,WAIT,0,44,44,178.586,UPPER_MID,S=NA(0) R=185.5115(8),CORR GBP_JPY=+0.97,,,
2026-09-10T03:19:50.802305+00:00,GBP_JPY,WAIT,13,44,44,208.025,UPPER_MID,S=NA(0) R=214.49949999999998(4),CORR EUR_JPY=+0.97,,,
2026-09-10T03:19:50.802313+00:00,EUR_USD,WAIT,42,12,42,1.16366,UPPER_25,S=1.1576133333333334(3) R=1.1641(1),CORR USD_JPY=-0.39,,,
2026-09-10T03:25:49.900233+00:00,USD_JPY,WAIT,0,57,57,153.466,UPPER_MID,S=NA(0) R=157.918(1),CORR EUR_JPY=+0.95,,,
2026-09-10T03:25:49.900256+00:00,EUR_JPY,WAIT,0,44,44,178.586,UPPER_MID,S=NA(0) R=185.5115(8),CORR GBP_JPY=+0.97,,,
2026-09-10T03:25:49.900266+00:00,GBP_JPY,WAIT,13,44,44,208.025,UPPER_MID,S=NA(0) R=214.49949999999998(4),CORR EUR_JPY=+0.97,,,
2026-09-10T03:25:49.900280+00:00,EUR_USD,WAIT,42,12,42,1.16366,UPPER_25,S=1.1576133333333334(3) R=1.1641(1),CORR USD_JPY=-0.39,,,
2026-09-10T03:27:20.101874+00:00,USD_JPY,WAIT,0,57,57,153.466,UPPER_MID,S=NA(0) R=157.918(1),CORR EUR_JPY=+0.95,,,
2026-09-10T03:27:20.101898+00:00,EUR_JPY,WAIT,0,44,44,178.586,UPPER_MID,S=NA(0) R=185.5115(8),CORR GBP_JPY=+0.97,,,
2026-09-10T03:27:20.101911+00:00,GBP_JPY,WAIT,13,44,44,208.025,UPPER_MID,S=NA(0) R=214.49949999999998(4),CORR EUR_JPY=+0.97,,,
2026-09-10T03:27:20.101922+00:00,EUR_USD,WAIT,42,12,42,1.16366,UPPER_25,S=1.1576133333333334(3) R=1.1641(1),CORR USD_JPY=-0.39,,,
2026-09-10T03:33:15.115357+00:00,USD_JPY,WAIT,0,57,57,153.437,UPPER_MID,S=NA(0) R=157.918(1),CORR EUR_JPY=+0.95,,,
2026-09-10T03:33:15.115373+00:00,EUR_JPY,WAIT,0,51,51,178.562,UPPER_MID,S=NA(0) R=185.5115(8),CORR GBP_JPY=+0.97,,,
2026-09-10T03:33:15.115380+00:00,GBP_JPY,WAIT,13,51,51,207.992,UPPER_MID,S=NA(0) R=214.49949999999998(4),CORR EUR_JPY=+0.97,,,
2026-09-10T03:33:15.115386+00:00,EUR_USD,WAIT,42,5,42,1.16372,UPPER_25,S=1.1576133333333334(3) R=1.1641(1),CORR USD_JPY=-0.39,,,
2026-09-10T03:39:10.246043+00:00,USD_JPY,WAIT,0,57,57,153.437,UPPER_MID,S=NA(0) R=157.918(1),CORR EUR_JPY=+0.95,,,
2026-09-10T03:39:10.246069+00:00,EUR_JPY,WAIT,0,51,51,178.562,UPPER_MID,S=NA(0) R=185.5115(8),CORR GBP_JPY=+0.97,,,
2026-09-10T03:39:10.246083+00:00,GBP_JPY,WAIT,13,51,51,207.992,UPPER_MID,S=NA(0) R=214.49949999999998(4),CORR EUR_JPY=+0.97,,,
2026-09-10T03:39:10.246094+00:00,EUR_USD,WAIT,42,5,42,1.16372,UPPER_25,S=1.1576133333333334(3) R=1.1641(1),CORR USD_JPY=-0.39,,,
2026-09-10T03:45:06.922860+00:00,USD_JPY,WAIT,0,57,57,153.437,UPPER_MID,S=NA(0) R=157.918(1),CORR EUR_JPY=+0.95,,,
2026-09-10T03:45:06.922883+00:00,EUR_JPY,WAIT,0,51,51,178.562,UPPER_MID,S=NA(0) R=185.5115(8),CORR GBP_JPY=+0.97,,,
2026-09-10T03:45:06.922896+00:00,GBP_JPY,WAIT,13,51,51,207.992,UPPER_MID,S=NA(0) R=214.49949999999998(4),CORR EUR_JPY=+0.97,,,
2026-09-10T03:45:06.922906+00:00,EUR_USD,WAIT,42,5,42,1.16372,UPPER_25,S=1.1576133333333334(3) R=1.1641(1),CORR USD_JPY=-0.39,,,
2026-09-10T03:51:02.064472+00:00,USD_JPY,WAIT,0,57,57,153.456,UPPER_MID,S=NA(0) R=157.918(1),CORR EUR_JPY=+0.95,,,
2026-09-10T03:51:02.064499+00:00,EUR_JPY,WAIT,0,44,44,178.576,UPPER_MID,S=NA(0) R=185.5115(8),CORR GBP_JPY=+0.97,,,
2026-09-10T03:51:02.064512+00:00,GBP_JPY,WAIT,13,44,44,208.001,UPPER_MID,S=NA(0) R=214.49949999999998(4),CORR EUR_JPY=+0.97,,,
2026-09-10T03:51:02.064521+00:00,EUR_USD,WAIT,42,5,42,1.16367,UPPER_25,S=1.1576133333333334(3) R=1.1641(1),CORR USD_JPY=-0.39,,,
2026-09-10T03:56:55.543931+00:00,USD_JPY,WAIT,0,57,57,153.456,UPPER_MID,S=NA(0) R=157.918(1),CORR EUR_JPY=+0.95,,,
2026-09-10T03:56:55.543946+00:00,EUR_JPY,WAIT,0,44,44,178.576,UPPER_MID,S=NA(0) R=185.5115(8),CORR GBP_JPY=+0.97,,,
2026-09-10T03:56:55.543953+00:00,GBP_JPY,WAIT,13,44,44,208.001,UPPER_MID,S=NA(0) R=214.49949999999998(4),CORR EUR_JPY=+0.97,,,
2026-09-10T03:56:55.543968+00:00,EUR_USD,WAIT,42,5,42,1.16367,UPPER_25,S=1.1576133333333334(3) R=1.1641(1),CORR USD_JPY=-0.39,,,
2026-09-10T04:02:52.084395+00:00,USD_JPY,WAIT,0,64,64,153.382,UPPER_MID,S=NA(0) R=157.918(1),CORR EUR_JPY=+0.95,0.6499999999999978,1.0,RR_LOW=0.65
2026-09-10T04:02:52.084424+00:00,EUR_JPY,WAIT,0,51,51,178.517,UPPER_MID,S=NA(0) R=185.5115(8),CORR GBP_JPY=+0.97,,,
2026-09-10T04:02:52.084432+00:00,GBP_JPY,WAIT,0,51,51,207.934,UPPER_MID,S=NA(0) R=214.49949999999998(4),CORR EUR_JPY=+0.97,,,
2026-09-10T04:02:52.084438+00:00,EUR_USD,WAIT,49,5,49,1.16385,UPPER_25,S=1.1576133333333334(3) R=1.1641(1),CORR USD_JPY=-0.38,,,
2026-09-10T04:08:47.173699+00:00,USD_JPY,WAIT,0,64,64,153.382,UPPER_MID,S=NA(0) R=157.918(1),CORR EUR_JPY=+0.95,0.6499999999999978,1.0,RR_LOW=0.65
2026-09-10T04:08:47.173738+00:00,EUR_JPY,WAIT,0,51,51,178.517,UPPER_MID,S=NA(0) R=185.5115(8),CORR GBP_JPY=+0.97,,,
2026-09-10T04:08:47.173752+00:00,GBP_JPY,WAIT,0,51,51,207.934,UPPER_MID,S=NA(0) R=214.49949999999998(4),CORR EUR_JPY=+0.97,,,
2026-09-10T04:08:47.173763+00:00,EUR_USD,WAIT,49,5,49,1.16385,UPPER_25,S=1.1576133333333334(3) R=1.1641(1),CORR USD_JPY=-0.38,,,
2026-09-10T04:14:41.878869+00:00,USD_JPY,WAIT,0,64,64,153.382,UPPER_MID,S=NA(0) R=157.918(1),CORR EUR_JPY=+0.95,0.6499999999999978,1.0,RR_LOW=0.65
2026-09-10T04:14:41.878908+00:00,EUR_JPY,WAIT,0,51,51,178.517,UPPER_MID,S=NA(0) R=185.5115(8),CORR GBP_JPY=+0.97,,,
2026-09-10T04:14:41.878923+00:00,GBP_JPY,WAIT,0,51,51,207.934,UPPER_MID,S=NA(0) R=214.49949999999998(4),CORR EUR_JPY=+0.97,,,
2026-09-10T04:14:41.878934+00:00,EUR_USD,WAIT,49,5,49,1.16385,UPPER_25,S=1.1576133333333334(3) R=1.1641(1),CORR USD_JPY=-0.38,,,
2026-09-10T04:20:33.772011+00:00,USD_JPY,WAIT,0,64,64,153.33,UPPER_MID,S=NA(0) R=157.918(1),CORR EUR_JPY=+0.95,0.6500000000000019,1.0,RR_LOW=0.65
2026-09-10T04:20:33.772038+00:00,EUR_JPY,WAIT,0,51,51,178.465,UPPER_MID,S=NA(0) R=185.5115(8),CORR GBP_JPY=+0.97,,,
2026-09-10T04:20:33.772046+00:00,GBP_JPY,WAIT,0,51,51,207.861,UPPER_MID,S=NA(0) R=214.49949999999998(4),CORR EUR_JPY=+0.97,,,
2026-09-10T04:20:33.772052+00:00,EUR_USD,WAIT,49,5,49,1.16392,UPPER_25,S=1.1576133333333334(3) R=1.1641(1),CORR USD_JPY=-0.38,,,
2026-09-10T04:26:37.009217+00:00,USD_JPY,WAIT,0,64,64,153.33,UPPER_MID,S=NA(0) R=157.918(1),CORR EUR_JPY=+0.95,0.6500000000000019,1.0,RR_LOW=0.65
2026-09-10T04:26:37.009257+00:00,EUR_JPY,WAIT,0,51,51,178.465,UPPER_MID,S=NA(0) R=185.5115(8),CORR GBP_JPY=+0.97,,,
2026-09-10T04:26:37.009271+00:00,GBP_JPY,WAIT,0,51,51,207.861,UPPER_MID,S=NA(0) R=214.49949999999998(4),CORR EUR_JPY=+0.97,,,
2026-09-10T04:26:37.009284+00:00,EUR_USD,WAIT,49,5,49,1.16392,UPPER_25,S=1.1576133333333334(3) R=1.1641(1),CORR USD_JPY=-0.38,,,
2026-09-10T04:32:33.409081+00:00,USD_JPY,WAIT,7,57,57,153.436,UPPER_MID,S=NA(0) R=157.918(1),CORR EUR_JPY=+0.95,,,
2026-09-10T04:32:33.409102+00:00,EUR_JPY,WAIT,7,44,44,178.564,UPPER_MID,S=NA(0) R=185.5115(8),CORR GBP_JPY=+0.97,,,
2026-09-10T04:32:33.409113+00:00,GBP_JPY,WAIT,0,44,44,207.976,UPPER_MID,S=NA(0) R=214.49949999999998(4),CORR EUR_JPY=+0.97,,,
2026-09-10T04:32:33.409124+00:00,EUR_USD,WAIT,42,5,42,1.16376,UPPER_25,S=1.1576133333333334(3) R=1.1641(1),CORR USD_JPY=-0.38,,,
2026-09-10T04:33:40.006666+00:00,USD_JPY,WAIT,7,57,57,153.436,UPPER_MID,S=NA(0) R=157.918(1),CORR EUR_JPY=+0.95,,,
2026-09-10T04:33:40.006684+00:00,EUR_JPY,WAIT,7,44,44,178.564,UPPER_MID,S=NA(0) R=185.5115(8),CORR GBP_JPY=+0.97,,,
2026-09-10T04:33:40.006699+00:00,GBP_JPY,WAIT,0,44,44,207.976,UPPER_MID,S=NA(0) R=214.49949999999998(4),CORR EUR_JPY=+0.97,,,
2026-09-10T04:33:40.006712+00:00,EUR_USD,WAIT,42,5,42,1.16376,UPPER_25,S=1.1576133333333334(3) R=1.1641(1),CORR USD_JPY=-0.38,,,
2026-09-10T04:39:23.479603+00:00,USD_JPY,WAIT,7,57,57,153.436,UPPER_MID,S=NA(0) R=157.918(1),CORR EUR_JPY=+0.95,,,
2026-09-10T04:39:23.479625+00:00,EUR_JPY,WAIT,7,44,44,178.564,UPPER_MID,S=NA(0) R=185.5115(8),CORR GBP_JPY=+0.97,,,
2026-09-10T04:39:23.479635+00:00,GBP_JPY,WAIT,0,44,44,207.976,UPPER_MID,S=NA(0) R=214.49949999999998(4),CORR EUR_JPY=+0.97,,,
2026-09-10T04:39:23.479644+00:00,EUR_USD,WAIT,42,5,42,1.16376,UPPER_25,S=1.1576133333333334(3) R=1.1641(1),CORR USD_JPY=-0.38,,,
2026-09-10T04:45:06.797860+00:00,USD_JPY,WAIT,7,57,57,153.436,UPPER_MID,S=NA(0) R=157.918(1),CORR EUR_JPY=+0.95,,,
2026-09-10T04:45:06.797876+00:00,EUR_JPY,WAIT,7,44,44,178.564,UPPER_MID,S=NA(0) R=185.5115(8),CORR GBP_JPY=+0.97,,,
2026-09-10T04:45:06.797892+00:00,GBP_JPY,WAIT,0,44,44,207.976,UPPER_MID,S=NA(0) R=214.49949999999998(4),CORR EUR_JPY=+0.97,,,
2026-09-10T04:45:06.797903+00:00,EUR_USD,WAIT,42,5,42,1.16376,UPPER_25,S=1.1576133333333334(3) R=1.1641(1),CORR USD_JPY=-0.38,,,
2026-09-10T04:50:50.168377+00:00,USD_JPY,WAIT,0,57,57,153.418,UPPER_MID,S=NA(0) R=157.918(1),CORR EUR_JPY=+0.95,,,
2026-09-10T04:50:50.168400+00:00,EUR_JPY,WAIT,0,44,44,178.547,UPPER_MID,S=NA(0) R=185.5115(8),CORR GBP_JPY=+0.97,,,
2026-09-10T04:50:50.168411+00:00,GBP_JPY,WAIT,0,44,44,207.952,UPPER_MID,S=NA(0) R=214.49949999999998(4),CORR EUR_JPY=+0.97,,,
2026-09-10T04:50:50.168420+00:00,EUR_USD,WAIT,42,5,42,1.16378,UPPER_25,S=1.1576133333333334(3) R=1.1641(1),CORR USD_JPY=-0.38,,,
2026-09-10T04:56:33.629122+00:00,USD_JPY,WAIT,0,57,57,153.418,UPPER_MID,S=NA(0) R=157.918(1),CORR EUR_JPY=+0.95,,,
2026-09-10T04:56:33.629147+00:00,EUR_JPY,WAIT,0,44,44,178.547,UPPER_MID,S=NA(0) R=185.5115(8),CORR GBP_JPY=+0.97,,,
2026-09-10T04:56:33.629160+00:00,GBP_JPY,WAIT,0,44,44,207.952,UPPER_MID,S=NA(0) R=214.49949999999998(4),CORR EUR_JPY=+0.97,,,
2026-09-10T04:56:33.629170+00:00,EUR_USD,WAIT,42,5,42,1.16378,UPPER_25,S=1.1576133333333334(3) R=1.1641(1),CORR USD_JPY=-0.38,,,
2026-09-10T05:02:19.301720+00:00,USD_JPY,WAIT,0,46,46,153.473,UPPER_MID,S=NA(0) R=157.918(1),CORR EUR_JPY=+0.95,,,
2026-09-10T05:02:19.301736+00:00,EUR_JPY,WAIT,13,33,33,178.593,UPPER_MID,S=NA(0) R=185.5115(8),CORR GBP_JPY=+0.97,,,
2026-09-10T05:02:19.301743+00:00,GBP_JPY,WAIT,13,33,33,208.007,UPPER_MID,S=NA(0) R=214.49949999999998(4),CORR EUR_JPY=+0.97,,,
2026-09-10T05:02:19.301750+00:00,EUR_USD,WAIT,38,5,38,1.16366,UPPER_25,S=1.1576133333333334(3) R=1.1641(1),CORR USD_JPY=-0.38,,,
2026-09-10T05:08:02.746164+00:00,USD_JPY,WAIT,0,46,46,153.473,UPPER_MID,S=NA(0) R=157.918(1),CORR EUR_JPY=+0.95,,,
2026-09-10T05:08:02.746205+00:00,EUR_JPY,WAIT,13,33,33,178.593,UPPER_MID,S=NA(0) R=185.5115(8),CORR GBP_JPY=+0.97,,,
2026-09-10T05:08:02.746218+00:00,GBP_JPY,WAIT,13,33,33,208.007,UPPER_MID,S=NA(0) R=214.49949999999998(4),CORR EUR_JPY=+0.97,,,
2026-09-10T05:08:02.746228+00:00,EUR_USD,WAIT,38,5,38,1.16366,UPPER_25,S=1.1576133333333334(3) R=1.1641(1),CORR USD_JPY=-0.38,,,
2026-09-10T05:13:46.296666+00:00,USD_JPY,WAIT,0,46,46,153.473,UPPER_MID,S=NA(0) R=157.918(1),CORR EUR_JPY=+0.95,,,
2026-09-10T05:13:46.296681+00:00,EUR_JPY,WAIT,13,33,33,178.593,UPPER_MID,S=NA(0) R=185.5115(8),CORR GBP_JPY=+0.97,,,
2026-09-10T05:13:46.296688+00:00,GBP_JPY,WAIT,13,33,33,208.007,UPPER_MID,S=NA(0) R=214.49949999999998(4),CORR EUR_JPY=+0.97,,,
2026-09-10T05:13:46.296693+00:00,EUR_USD,WAIT,38,5,38,1.16366,UPPER_25,S=1.1576133333333334(3) R=1.1641(1),CORR USD_JPY=-0.38,,,
2026-09-10T05:19:31.168098+00:00,USD_JPY,WAIT,0,64,64,153.451,UPPER_MID,S=NA(0) R=157.918(1),CORR EUR_JPY=+0.95,0.6499999999999981,1.0,RR_LOW=0.65
2026-09-10T05:19:31.168136+00:00,EUR_JPY,WAIT,13,33,33,178.59,UPPER_MID,S=NA(0) R=185.5115(8),CORR GBP_JPY=+0.97,,,
2026-09-10T05:19:31.168149+00:00,GBP_JPY,WAIT,13,51,51,207.983,UPPER_MID,S=NA(0) R=214.49949999999998(4),CORR EUR_JPY=+0.97,,,
2026-09-10T05:19:31.168159+00:00,EUR_USD,WAIT,42,5,42,1.1638,UPPER_25,S=1.1576133333333334(3) R=1.1641(1),CORR USD_JPY=-0.38,,,
2026-09-10T05:25:15.402160+00:00,USD_JPY,WAIT,0,64,64,153.451,UPPER_MID,S=NA(0) R=157.918(1),CORR EUR_JPY=+0.95,0.6499999999999981,1.0,RR_LOW=0.65
2026-09-10T05:25:15.402219+00:00,EUR_JPY,WAIT,13,33,33,178.59,UPPER_MID,S=NA(0) R=185.5115(8),CORR GBP_JPY=+0.97,,,
2026-09-10T05:25:15.402233+00:00,GBP_JPY,WAIT,13,44,44,207.983,UPPER_MID,S=NA(0) R=214.49949999999998(4),CORR EUR_JPY=+0.97,,,
2026-09-10T05:25:15.402243+00:00,EUR_USD,WAIT,42,5,42,1.1638,UPPER_25,S=1.1576133333333334(3) R=1.1641(1),CORR USD_JPY=-0.38,,,
2026-09-10T05:30:58.715153+00:00,USD_JPY,WAIT,0,46,46,153.452,UPPER_MID,S=NA(0) R=157.918(1),CORR EUR_JPY=+0.95,,,
2026-09-10T05:30:58.715176+00:00,EUR_JPY,WAIT,24,40,40,178.599,UPPER_MID,S=NA(0) R=185.5115(8),CORR GBP_JPY=+0.97,,,
2026-09-10T05:30:58.715210+00:00,GBP_JPY,WAIT,13,33,33,208.009,UPPER_MID,S=NA(0) R=214.49949999999998(4),CORR EUR_JPY=+0.97,,,
2026-09-10T05:30:58.715220+00:00,EUR_USD,WAIT,42,5,42,1.16385,UPPER_25,S=1.1576133333333334(3) R=1.1641(1),CORR USD_JPY=-0.38,,,
2026-09-10T05:36:42.364603+00:00,USD_JPY,WAIT,0,46,46,153.452,UPPER_MID,S=NA(0) R=157.918(1),CORR EUR_JPY=+0.95,,,
2026-09-10T05:36:42.364630+00:00,EUR_JPY,WAIT,24,40,40,178.599,UPPER_MID,S=NA(0) R=185.5115(8),CORR GBP_JPY=+0.97,,,
2026-09-10T05:36:42.364642+00:00,GBP_JPY,WAIT,13,33,33,208.009,UPPER_MID,S=NA(0) R=214.49949999999998(4),CORR EUR_JPY=+0.97,,,
2026-09-10T05:36:42.364654+00:00,EUR_USD,WAIT,42,5,42,1.16385,UPPER_25,S=1.1576133333333334(3) R=1.1641(1),CORR USD_JPY=-0.38,,,
2026-09-10T05:37:59.154114+00:00,USD_JPY,WAIT,0,46,46,153.452,UPPER_MID,S=NA(0) R=157.918(1),CORR EUR_JPY=+0.95,,,
2026-09-10T05:37:59.154138+00:00,EUR_JPY,WAIT,24,40,40,178.599,UPPER_MID,S=NA(0) R=185.5115(8),CORR GBP_JPY=+0.97,,,
2026-09-10T05:37:59.154149+00:00,GBP_JPY,WAIT,13,33,33,208.009,UPPER_MID,S=NA(0) R=214.49949999999998(4),CORR EUR_JPY=+0.97,,,
2026-09-10T05:37:59.154160+00:00,EUR_USD,WAIT,42,5,42,1.16385,UPPER_25,S=1.1576133333333334(3) R=1.1641(1),CORR USD_JPY=-0.38,,,
2026-09-10T05:43:53.354752+00:00,USD_JPY,WAIT,0,46,46,153.452,UPPER_MID,S=NA(0) R=157.918(1),CORR EUR_JPY=+0.95,,,
2026-09-10T05:43:53.354767+00:00,EUR_JPY,WAIT,24,33,33,178.599,UPPER_MID,S=NA(0) R=185.5115(8),CORR GBP_JPY=+0.97,,,
2026-09-10T05:43:53.354774+00:00,GBP_JPY,WAIT,13,33,33,208.009,UPPER_MID,S=NA(0) R=214.49949999999998(4),CORR EUR_JPY=+0.97,,,
2026-09-10T05:43:53.354788+00:00,EUR_USD,WAIT,42,5,42,1.16385,UPPER_25,S=1.1576133333333334(3) R=1.1641(1),CORR USD_JPY=-0.38,,,
2026-09-10T05:49:51.484228+00:00,USD_JPY,WAIT,11,46,46,153.663,UPPER_MID,S=NA(0) R=157.918(1),CORR EUR_JPY=+0.95,,,
2026-09-10T05:49:51.484250+00:00,EUR_JPY,WAIT,31,33,33,178.824,UPPER_MID,S=NA(0) R=185.5115(8),CORR GBP_JPY=+0.97,,,
2026-09-10T05:49:51.484262+00:00,GBP_JPY,WAIT,24,33,33,208.255,UPPER_MID,S=NA(0) R=214.49949999999998(4),CORR EUR_JPY=+0.97,,,
2026-09-10T05:49:51.484271+00:00,EUR_USD,WAIT,31,12,31,1.16373,UPPER_25,S=1.1576133333333334(3) R=1.1641(1),CORR USD_JPY=-0.38,,,
2026-09-10T05:55:44.324752+00:00,USD_JPY,WAIT,11,46,46,153.663,UPPER_MID,S=NA(0) R=157.918(1),CORR EUR_JPY=+0.95,,,
2026-09-10T05:55:44.324767+00:00,EUR_JPY,WAIT,31,33,33,178.824,UPPER_MID,S=NA(0) R=185.5115(8),CORR GBP_JPY=+0.97,,,
2026-09-10T05:55:44.324783+00:00,GBP_JPY,WAIT,24,40,40,208.255,UPPER_MID,S=NA(0) R=214.49949999999998(4),CORR EUR_JPY=+0.97,,,
2026-09-10T05:55:44.324795+00:00,EUR_USD,WAIT,31,12,31,1.16373,UPPER_25,S=1.1576133333333334(3) R=1.1641(1),CORR USD_JPY=-0.38,,,
2026-09-10T06:01:41.662646+00:00,USD_JPY,WAIT,11,33,33,153.603,UPPER_MID,S=NA(0) R=157.918(1),CORR EUR_JPY=+0.95,,,
2026-09-10T06:01:41.662668+00:00,EUR_JPY,WAIT,24,33,33,178.799,UPPER_MID,S=NA(0) R=185.5115(8),CORR GBP_JPY=+0.97,,,
2026-09-10T06:01:41.662682+00:00,GBP_JPY,WAIT,31,33,33,208.255,UPPER_MID,S=NA(0) R=214.49949999999998(4),CORR EUR_JPY=+0.97,,,
2026-09-10T06:01:41.662693+00:00,EUR_USD,WAIT,49,5,49,1.16401,UPPER_25,S=1.1576133333333334(3) R=1.1641(1),CORR USD_JPY=-0.37,,,
2026-09-10T06:07:37.288567+00:00,USD_JPY,WAIT,11,33,33,153.603,UPPER_MID,S=NA(0) R=157.918(1),CORR EUR_JPY=+0.95,,,
2026-09-10T06:07:37.288590+00:00,EUR_JPY,WAIT,24,33,33,178.799,UPPER_MID,S=NA(0) R=185.5115(8),CORR GBP_JPY=+0.97,,,
2026-09-10T06:07:37.288601+00:00,GBP_JPY,WAIT,31,40,40,208.255,UPPER_MID,S=NA(0) R=214.49949999999998(4),CORR EUR_JPY=+0.97,,,
2026-09-10T06:07:37.288611+00:00,EUR_USD,WAIT,49,5,49,1.16401,UPPER_25,S=1.1576133333333334(3) R=1.1641(1),CORR USD_JPY=-0.37,,,
2026-09-10T06:13:31.904093+00:00,USD_JPY,WAIT,11,33,33,153.603,UPPER_MID,S=NA(0) R=157.918(1),CORR EUR_JPY=+0.95,,,
2026-09-10T06:13:31.904117+00:00,EUR_JPY,WAIT,24,33,33,178.799,UPPER_MID,S=NA(0) R=185.5115(8),CORR GBP_JPY=+0.97,,,
2026-09-10T06:13:31.904128+00:00,GBP_JPY,WAIT,31,40,40,208.255,UPPER_MID,S=NA(0) R=214.49949999999998(4),CORR EUR_JPY=+0.97,,,
2026-09-10T06:13:31.904138+00:00,EUR_USD,WAIT,49,5,49,1.16401,UPPER_25,S=1.1576133333333334(3) R=1.1641(1),CORR USD_JPY=-0.37,,,
2026-09-10T06:19:29.109427+00:00,USD_JPY,WAIT,11,47,47,153.567,UPPER_MID,S=NA(0) R=157.918(1),CORR EUR_JPY=+0.95,,,
2026-09-10T06:19:29.109453+00:00,EUR_JPY,WAIT,24,47,47,178.725,UPPER_MID,S=NA(0) R=185.5115(8),CORR GBP_JPY=+0.97,,,
2026-09-10T06:19:29.109464+00:00,GBP_JPY,WAIT,24,54,54,208.157,UPPER_MID,S=NA(0) R=214.49949999999998(4),CORR EUR_JPY=+0.97,,,
2026-09-10T06:19:29.109476+00:00,EUR_USD,WAIT,42,5,42,1.1638,UPPER_25,S=1.1576133333333334(3) R=1.1641(1),CORR USD_JPY=-0.37,,,
2026-09-10T06:25:26.727208+00:00,USD_JPY,WAIT,11,47,47,153.567,UPPER_MID,S=NA(0) R=157.918(1),CORR EUR_JPY=+0.95,,,
2026-09-10T06:25:26.727230+00:00,EUR_JPY,WAIT,24,47,47,178.725,UPPER_MID,S=NA(0) R=185.5115(8),CORR GBP_JPY=+0.97,,,
2026-09-10T06:25:26.727243+00:00,GBP_JPY,WAIT,24,47,47,208.157,UPPER_MID,S=NA(0) R=214.49949999999998(4),CORR EUR_JPY=+0.97,,,
2026-09-10T06:25:26.727253+00:00,EUR_USD,WAIT,42,5,42,1.1638,UPPER_25,S=1.1576133333333334(3) R=1.1641(1),CORR USD_JPY=-0.37,,,
2026-09-10T06:31:19.459447+00:00,USD_JPY,WAIT,11,47,47,153.53,UPPER_MID,S=NA(0) R=157.918(1),CORR EUR_JPY=+0.95,,,
2026-09-10T06:31:19.459471+00:00,EUR_JPY,WAIT,24,47,47,178.703,UPPER_MID,S=NA(0) R=185.5115(8),CORR GBP_JPY=+0.97,,,
2026-09-10T06:31:19.459481+00:00,GBP_JPY,WAIT,24,47,47,208.128,UPPER_MID,S=NA(0) R=214.49949999999998(4),CORR EUR_JPY=+0.97,,,
2026-09-10T06:31:19.459490+00:00,EUR_USD,WAIT,42,5,42,1.16394,UPPER_25,S=1.1576133333333334(3) R=1.1641(1),CORR USD_JPY=-0.37,,,
2026-09-10T06:37:16.321761+00:00,USD_JPY,WAIT,11,47,47,153.53,UPPER_MID,S=NA(0) R=157.918(1),CORR EUR_JPY=+0.95,,,
2026-09-10T06:37:16.321784+00:00,EUR_JPY,WAIT,24,47,47,178.703,UPPER_MID,S=NA(0) R=185.5115(8),CORR GBP_JPY=+0.97,,,
2026-09-10T06:37:16.321797+00:00,GBP_JPY,WAIT,24,47,47,208.128,UPPER_MID,S=NA(0) R=214.49949999999998(4),CORR EUR_JPY=+0.97,,,
2026-09-10T06:37:16.321803+00:00,EUR_USD,WAIT,42,5,42,1.16394,UPPER_25,S=1.1576133333333334(3) R=1.1641(1),CORR USD_JPY=-0.37,,,
2026-09-10T06:43:12.553354+00:00,USD_JPY,WAIT,11,47,47,153.53,UPPER_MID,S=NA(0) R=157.918(1),CORR EUR_JPY=+0.95,,,
2026-09-10T06:43:12.553376+00:00,EUR_JPY,WAIT,24,47,47,178.703,UPPER_MID,S=NA(0) R=185.5115(8),CORR GBP_JPY=+0.97,,,
2026-09-10T06:43:12.553388+00:00,GBP_JPY,WAIT,24,47,47,208.128,UPPER_MID,S=NA(0) R=214.49949999999998(4),CORR EUR_JPY=+0.97,,,
2026-09-10T06:43:12.553400+00:00,EUR_USD,WAIT,42,5,42,1.16394,UPPER_25,S=1.1576133333333334(3) R=1.1641(1),CORR USD_JPY=-0.37,,,
2026-09-10T06:44:26.670416+00:00,USD_JPY,WAIT,11,47,47,153.53,UPPER_MID,S=NA(0) R=157.918(1),CORR EUR_JPY=+0.95,,,
2026-09-10T06:44:26.670434+00:00,EUR_JPY,WAIT,24,47,47,178.703,UPPER_MID,S=NA(0) R=185.5115(8),CORR GBP_JPY=+0.97,,,
2026-09-10T06:44:26.670447+00:00,GBP_JPY,WAIT,24,47,47,208.128,UPPER_MID,S=NA(0) R=214.49949999999998(4),CORR EUR_JPY=+0.97,,,
2026-09-10T06:44:26.670457+00:00,EUR_USD,WAIT,42,5,42,1.16394,UPPER_25,S=1.1576133333333334(3) R=1.1641(1),CORR USD_JPY=-0.37,,,
2026-09-10T06:50:23.008493+00:00,USD_JPY,WAIT,11,47,47,153.606,UPPER_MID,S=NA(0) R=157.918(1),CORR EUR_JPY=+0.95,,,
2026-09-10T06:50:23.008520+00:00,EUR_JPY,WAIT,24,47,47,178.771,UPPER_MID,S=NA(0) R=185.5115(8),CORR GBP_JPY=+0.97,,,
2026-09-10T06:50:23.008530+00:00,GBP_JPY,WAIT,24,47,47,208.217,UPPER_MID,S=NA(0) R=214.49949999999998(4),CORR EUR_JPY=+0.97,,,
2026-09-10T06:50:23.008539+00:00,EUR_USD,WAIT,31,12,31,1.16379,UPPER_25,S=1.1576133333333334(3) R=1.1641(1),CORR USD_JPY=-0.37,,,
2026-09-10T06:56:17.848170+00:00,USD_JPY,WAIT,11,47,47,153.606,UPPER_MID,S=NA(0) R=157.918(1),CORR EUR_JPY=+0.95,,,
2026-09-10T06:56:17.848190+00:00,EUR_JPY,WAIT,24,47,47,178.771,UPPER_MID,S=NA(0) R=185.5115(8),CORR GBP_JPY=+0.97,,,
2026-09-10T06:56:17.848201+00:00,GBP_JPY,WAIT,24,47,47,208.217,UPPER_MID,S=NA(0) R=214.49949999999998(4),CORR EUR_JPY=+0.97,,,
2026-09-10T06:56:17.848211+00:00,EUR_USD,WAIT,31,12,31,1.16379,UPPER_25,S=1.1576133333333334(3) R=1.1641(1),CORR USD_JPY=-0.37,,,
2026-09-10T07:02:09.033946+00:00,USD_JPY,WAIT,0,56,56,153.421,UPPER_MID,S=NA(0) R=157.918(1),CORR EUR_JPY=+0.95,,,
2026-09-10T07:02:09.033968+00:00,EUR_JPY,WAIT,0,47,47,178.582,UPPER_MID,S=NA(0) R=185.5115(8),CORR GBP_JPY=+0.97,,,
2026-09-10T07:02:09.033978+00:00,GBP_JPY,WAIT,0,54,54,207.997,UPPER_MID,S=NA(0) R=214.49949999999998(4),CORR EUR_JPY=+0.97,,,
2026-09-10T07:02:09.033987+00:00,EUR_USD,WAIT,42,12,42,1.16397,UPPER_25,S=1.1576133333333334(3) R=1.1641(1),CORR USD_JPY=-0.37,,,
2026-09-10T07:08:02.187362+00:00,USD_JPY,WAIT,0,56,56,153.421,UPPER_MID,S=NA(0) R=157.918(1),CORR EUR_JPY=+0.95,,,
2026-09-10T07:08:02.187384+00:00,EUR_JPY,WAIT,0,47,47,178.582,UPPER_MID,S=NA(0) R=185.5115(8),CORR GBP_JPY=+0.97,,,
2026-09-10T07:08:02.187395+00:00,GBP_JPY,WAIT,0,54,54,207.997,UPPER_MID,S=NA(0) R=214.49949999999998(4),CORR EUR_JPY=+0.97,,,
2026-09-10T07:08:02.187404+00:00,EUR_USD,WAIT,42,12,42,1.16397,UPPER_25,S=1.1576133333333334(3) R=1.1641(1),CORR USD_JPY=-0.37,,,
2026-09-10T07:13:53.886048+00:00,USD_JPY,WAIT,0,56,56,153.421,UPPER_MID,S=NA(0) R=157.918(1),CORR EUR_JPY=+0.95,,,
2026-09-10T07:13:53.886069+00:00,EUR_JPY,WAIT,0,47,47,178.582,UPPER_MID,S=NA(0) R=185.5115(8),CORR GBP_JPY=+0.97,,,
2026-09-10T07:13:53.886079+00:00,GBP_JPY,WAIT,0,54,54,207.997,UPPER_MID,S=NA(0) R=214.49949999999998(4),CORR EUR_JPY=+0.97,,,
2026-09-10T07:13:53.886087+00:00,EUR_USD,WAIT,42,12,42,1.16397,UPPER_25,S=1.1576133333333334(3) R=1.1641(1),CORR USD_JPY=-0.37,,,
2026-09-10T07:19:46.190138+00:00,USD_JPY,WAIT,11,46,46,153.546,UPPER_MID,S=NA(0) R=157.918(1),CORR EUR_JPY=+0.95,,,
2026-09-10T07:19:46.190159+00:00,EUR_JPY,WAIT,11,33,33,178.697,UPPER_MID,S=NA(0) R=185.5115(8),CORR GBP_JPY=+0.97,,,
2026-09-10T07:19:46.190170+00:00,GBP_JPY,WAIT,11,43,43,208.105,UPPER_MID,S=NA(0) R=214.49949999999998(4),CORR EUR_JPY=+0.97,,,
2026-09-10T07:19:46.190178+00:00,EUR_USD,WAIT,31,12,31,1.16378,UPPER_25,S=1.1576133333333334(3) R=1.1641(1),CORR USD_JPY=-0.37,,,
2026-09-10T07:25:38.438080+00:00,USD_JPY,WAIT,11,46,46,153.546,UPPER_MID,S=NA(0) R=157.918(1),CORR EUR_JPY=+0.95,,,
2026-09-10T07:25:38.438097+00:00,EUR_JPY,WAIT,11,33,33,178.697,UPPER_MID,S=NA(0) R=185.5115(8),CORR GBP_JPY=+0.97,,,
2026-09-10T07:25:38.438104+00:00,GBP_JPY,WAIT,11,43,43,208.105,UPPER_MID,S=NA(0) R=214.49949999999998(4),CORR EUR_JPY=+0.97,,,
2026-09-10T07:25:38.438110+00:00,EUR_USD,WAIT,31,12,31,1.16378,UPPER_25,S=1.1576133333333334(3) R=1.1641(1),CORR USD_JPY=-0.37,,,
2026-09-10T07:31:32.416401+00:00,USD_JPY,WAIT,0,64,64,153.413,UPPER_MID,S=NA(0) R=157.918(1),CORR EUR_JPY=+0.95,0.6499999999999978,1.0,RR_LOW=0.65
2026-09-10T07:31:32.416434+00:00,EUR_JPY,WAIT,0,51,51,178.558,UPPER_MID,S=NA(0) R=185.5115(8),CORR GBP_JPY=+0.97,,,
2026-09-10T07:31:32.416445+00:00,GBP_JPY,WAIT,0,51,51,207.924,UPPER_MID,S=NA(0) R=214.49949999999998(4),CORR EUR_JPY=+0.97,,,
2026-09-10T07:31:32.416455+00:00,EUR_USD,WAIT,42,5,42,1.16388,UPPER_25,S=1.1576133333333334(3) R=1.1641(1),CORR USD_JPY=-0.37,,,
2026-09-10T07:37:24.331526+00:00,USD_JPY,WAIT,0,64,64,153.413,UPPER_MID,S=NA(0) R=157.918(1),CORR EUR_JPY=+0.95,0.6499999999999978,1.0,RR_LOW=0.65
2026-09-10T07:37:24.331567+00:00,EUR_JPY,WAIT,0,51,51,178.558,UPPER_MID,S=NA(0) R=185.5115(8),CORR GBP_JPY=+0.97,,,
2026-09-10T07:37:24.331579+00:00,GBP_JPY,WAIT,0,51,51,207.924,UPPER_MID,S=NA(0) R=214.49949999999998(4),CORR EUR_JPY=+0.97,,,
2026-09-10T07:37:24.331588+00:00,EUR_USD,WAIT,42,5,42,1.16388,UPPER_25,S=1.1576133333333334(3) R=1.1641(1),CORR USD_JPY=-0.37,,,
2026-09-10T07:43:19.630490+00:00,USD_JPY,WAIT,0,64,64,153.413,UPPER_MID,S=NA(0) R=157.918(1),CORR EUR_JPY=+0.95,0.6499999999999978,1.0,RR_LOW=0.65
2026-09-10T07:43:19.630528+00:00,EUR_JPY,WAIT,0,51,51,178.558,UPPER_MID,S=NA(0) R=185.5115(8),CORR GBP_JPY=+0.97,,,
2026-09-10T07:43:19.630538+00:00,GBP_JPY,WAIT,0,51,51,207.924,UPPER_MID,S=NA(0) R=214.49949999999998(4),CORR EUR_JPY=+0.97,,,
2026-09-10T07:43:19.630548+00:00,EUR_USD,WAIT,42,5,42,1.16388,UPPER_25,S=1.1576133333333334(3) R=1.1641(1),CORR USD_JPY=-0.37,,,
2026-09-10T07:49:12.188167+00:00,USD_JPY,WAIT,7,57,57,153.413,UPPER_MID,S=NA(0) R=157.918(1),CORR EUR_JPY=+0.95,,,
2026-09-10T07:49:12.188191+00:00,EUR_JPY,WAIT,7,44,44,178.588,UPPER_MID,S=NA(0) R=185.5115(8),CORR GBP_JPY=+0.97,,,
2026-09-10T07:49:12.188202+00:00,GBP_JPY,WAIT,0,44,44,207.955,UPPER_MID,S=NA(0) R=214.49949999999998(4),CORR EUR_JPY=+0.97,,,
2026-09-10T07:49:12.188211+00:00,EUR_USD,WAIT,42,5,42,1.16407,UPPER_25,S=1.1576133333333334(3) R=1.1641(1),CORR USD_JPY=-0.37,,,
2026-09-10T07:50:24.159746+00:00,USD_JPY,WAIT,7,57,57,153.413,UPPER_MID,S=NA(0) R=157.918(1),CORR EUR_JPY=+0.95,,,
2026-09-10T07:50:24.159769+00:00,EUR_JPY,WAIT,7,44,44,178.588,UPPER_MID,S=NA(0) R=185.5115(8),CORR GBP_JPY=+0.97,,,
2026-09-10T07:50:24.159781+00:00,GBP_JPY,WAIT,0,44,44,207.955,UPPER_MID,S=NA(0) R=214.49949999999998(4),CORR EUR_JPY=+0.97,,,
2026-09-10T07:50:24.159790+00:00,EUR_USD,WAIT,42,5,42,1.16407,UPPER_25,S=1.1576133333333334(3) R=1.1641(1),CORR USD_JPY=-0.37,,,
2026-09-10T07:56:17.399823+00:00,USD_JPY,WAIT,7,57,57,153.413,UPPER_MID,S=NA(0) R=157.918(1),CORR EUR_JPY=+0.95,,,
2026-09-10T07:56:17.399850+00:00,EUR_JPY,WAIT,7,44,44,178.588,UPPER_MID,S=NA(0) R=185.5115(8),CORR GBP_JPY=+0.97,,,
2026-09-10T07:56:17.399863+00:00,GBP_JPY,WAIT,0,44,44,207.955,UPPER_MID,S=NA(0) R=214.49949999999998(4),CORR EUR_JPY=+0.97,,,
2026-09-10T07:56:17.399873+00:00,EUR_USD,WAIT,42,5,42,1.16407,UPPER_25,S=1.1576133333333334(3) R=1.1641(1),CORR USD_JPY=-0.37,,,
2026-09-10T08:02:09.511412+00:00,USD_JPY,WAIT,0,57,57,153.394,UPPER_MID,S=NA(0) R=157.918(1),CORR EUR_JPY=+0.95,,,
2026-09-10T08:02:09.511429+00:00,EUR_JPY,WAIT,0,44,44,178.55,UPPER_MID,S=NA(0) R=185.5115(8),CORR GBP_JPY=+0.97,,,
2026-09-10T08:02:09.511436+00:00,GBP_JPY,WAIT,0,44,44,207.905,UPPER_MID,S=NA(0) R=214.49949999999998(4),CORR EUR_JPY=+0.97,,,
2026-09-10T08:02:09.511442+00:00,EUR_USD,WAIT,42,5,42,1.16397,UPPER_25,S=1.1576133333333334(3) R=1.1641(1),CORR USD_JPY=-0.36,,,
2026-09-10T08:08:01.812534+00:00,USD_JPY,WAIT,0,57,57,153.394,UPPER_MID,S=NA(0) R=157.918(1),CORR EUR_JPY=+0.95,,,
2026-09-10T08:08:01.812550+00:00,EUR_JPY,WAIT,0,44,44,178.55,UPPER_MID,S=NA(0) R=185.5115(8),CORR GBP_JPY=+0.97,,,
2026-09-10T08:08:01.812557+00:00,GBP_JPY,WAIT,0,44,44,207.905,UPPER_MID,S=NA(0) R=214.49949999999998(4),CORR EUR_JPY=+0.97,,,
2026-09-10T08:08:01.812562+00:00,EUR_USD,WAIT,42,5,42,1.16397,UPPER_25,S=1.1576133333333334(3) R=1.1641(1),CORR USD_JPY=-0.36,,,
2026-09-10T08:13:54.502416+00:00,USD_JPY,WAIT,0,57,57,153.394,UPPER_MID,S=NA(0) R=157.918(1),CORR EUR_JPY=+0.95,,,
2026-09-10T08:13:54.502440+00:00,EUR_JPY,WAIT,0,44,44,178.55,UPPER_MID,S=NA(0) R=185.5115(8),CORR GBP_JPY=+0.97,,,
2026-09-10T08:13:54.502452+00:00,GBP_JPY,WAIT,0,44,44,207.905,UPPER_MID,S=NA(0) R=214.49949999999998(4),CORR EUR_JPY=+0.97,,,
2026-09-10T08:13:54.502464+00:00,EUR_USD,WAIT,42,5,42,1.16397,UPPER_25,S=1.1576133333333334(3) R=1.1641(1),CORR USD_JPY=-0.36,,,
2026-09-10T08:19:46.748117+00:00,USD_JPY,WAIT,7,46,46,153.577,UPPER_MID,S=NA(0) R=157.918(1),CORR EUR_JPY=+0.95,,,
2026-09-10T08:19:46.748141+00:00,EUR_JPY,WAIT,7,33,33,178.701,UPPER_MID,S=NA(0) R=185.5115(8),CORR GBP_JPY=+0.97,,,
2026-09-10T08:19:46.748153+00:00,GBP_JPY,WAIT,7,33,33,208.073,UPPER_MID,S=NA(0) R=214.49949999999998(4),CORR EUR_JPY=+0.97,,,
2026-09-10T08:19:46.748163+00:00,EUR_USD,WAIT,31,12,31,1.16357,UPPER_25,S=1.1576133333333334(3) R=1.1641(1),CORR USD_JPY=-0.36,,,
2026-09-10T08:25:40.669317+00:00,USD_JPY,WAIT,7,46,46,153.577,UPPER_MID,S=NA(0) R=157.918(1),CORR EUR_JPY=+0.95,,,
2026-09-10T08:25:40.669341+00:00,EUR_JPY,WAIT,7,33,33,178.701,UPPER_MID,S=NA(0) R=185.5115(8),CORR GBP_JPY=+0.97,,,
2026-09-10T08:25:40.669353+00:00,GBP_JPY,WAIT,7,33,33,208.073,UPPER_MID,S=NA(0) R=214.49949999999998(4),CORR EUR_JPY=+0.97,,,
2026-09-10T08:25:40.669364+00:00,EUR_USD,WAIT,31,12,31,1.16357,UPPER_25,S=1.1576133333333334(3) R=1.1641(1),CORR USD_JPY=-0.36,,,
2026-09-10T08:31:34.776676+00:00,USD_JPY,WAIT,7,53,53,153.574,UPPER_MID,S=NA(0) R=157.918(1),CORR EUR_JPY=+0.95,,,
2026-09-10T08:31:34.776701+00:00,EUR_JPY,WAIT,7,33,33,178.741,UPPER_MID,S=NA(0) R=185.5115(8),CORR GBP_JPY=+0.97,,,
2026-09-10T08:31:34.776714+00:00,GBP_JPY,WAIT,7,33,33,208.082,UPPER_MID,S=NA(0) R=214.49949999999998(4),CORR EUR_JPY=+0.97,,,
2026-09-10T08:31:34.776725+00:00,EUR_USD,WAIT,31,5,31,1.16383,UPPER_25,S=1.1576133333333334(3) R=1.1641(1),CORR USD_JPY=-0.36,,,
2026-09-10T08:37:28.671673+00:00,USD_JPY,WAIT,7,53,53,153.574,UPPER_MID,S=NA(0) R=157.918(1),CORR EUR_JPY=+0.95,,,
2026-09-10T08:37:28.671698+00:00,EUR_JPY,WAIT,7,40,40,178.741,UPPER_MID,S=NA(0) R=185.5115(8),CORR GBP_JPY=+0.97,,,
2026-09-10T08:37:28.671710+00:00,GBP_JPY,WAIT,7,33,33,208.082,UPPER_MID,S=NA(0) R=214.49949999999998(4),CORR EUR_JPY=+0.97,,,
2026-09-10T08:37:28.671721+00:00,EUR_USD,WAIT,31,5,31,1.16383,UPPER_25,S=1.1576133333333334(3) R=1.1641(1),CORR USD_JPY=-0.36,,,
2026-09-10T08:43:22.662036+00:00,USD_JPY,WAIT,7,46,46,153.574,UPPER_MID,S=NA(0) R=157.918(1),CORR EUR_JPY=+0.95,,,
2026-09-10T08:43:22.662052+00:00,EUR_JPY,WAIT,7,33,33,178.741,UPPER_MID,S=NA(0) R=185.5115(8),CORR GBP_JPY=+0.97,,,
2026-09-10T08:43:22.662069+00:00,GBP_JPY,WAIT,7,33,33,208.082,UPPER_MID,S=NA(0) R=214.49949999999998(4),CORR EUR_JPY=+0.97,,,
2026-09-10T08:43:22.662080+00:00,EUR_USD,WAIT,31,5,31,1.16383,UPPER_25,S=1.1576133333333334(3) R=1.1641(1),CORR USD_JPY=-0.36,,,
2026-09-10T08:49:15.107813+00:00,USD_JPY,WAIT,18,46,46,153.645,UPPER_MID,S=NA(0) R=157.918(1),CORR EUR_JPY=+0.95,,,
2026-09-10T08:49:15.107838+00:00,EUR_JPY,WAIT,18,40,40,178.792,UPPER_MID,S=NA(0) R=185.5115(8),CORR GBP_JPY=+0.97,,,
2026-09-10T08:49:15.107850+00:00,GBP_JPY,WAIT,7,33,33,208.197,UPPER_MID,S=NA(0) R=214.49949999999998(4),CORR EUR_JPY=+0.97,,,
2026-09-10T08:49:15.107860+00:00,EUR_USD,WAIT,31,23,31,1.16363,UPPER_25,S=1.1576133333333334(3) R=1.1641(1),CORR USD_JPY=-0.36,,,
2026-09-10T08:55:08.745342+00:00,USD_JPY,WAIT,18,46,46,153.645,UPPER_MID,S=NA(0) R=157.918(1),CORR EUR_JPY=+0.95,,,
2026-09-10T08:55:08.745365+00:00,EUR_JPY,WAIT,18,33,33,178.792,UPPER_MID,S=NA(0) R=185.5115(8),CORR GBP_JPY=+0.97,,,
2026-09-10T08:55:08.745378+00:00,GBP_JPY,WAIT,7,33,33,208.197,UPPER_MID,S=NA(0) R=214.49949999999998(4),CORR EUR_JPY=+0.97,,,
2026-09-10T08:55:08.745389+00:00,EUR_USD,WAIT,31,23,31,1.16363,UPPER_25,S=1.1576133333333334(3) R=1.1641(1),CORR USD_JPY=-0.36,,,
2026-09-10T08:56:19.881577+00:00,USD_JPY,WAIT,18,46,46,153.645,UPPER_MID,S=NA(0) R=157.918(1),CORR EUR_JPY=+0.95,,,
2026-09-10T08:56:19.881597+00:00,EUR_JPY,WAIT,18,40,40,178.792,UPPER_MID,S=NA(0) R=185.5115(8),CORR GBP_JPY=+0.97,,,
2026-09-10T08:56:19.881608+00:00,GBP_JPY,WAIT,7,40,40,208.197,UPPER_MID,S=NA(0) R=214.49949999999998(4),CORR EUR_JPY=+0.97,,,
2026-09-10T08:56:19.881618+00:00,EUR_USD,WAIT,31,23,31,1.16363,UPPER_25,S=1.1576133333333334(3) R=1.1641(1),CORR USD_JPY=-0.36,,,
2026-09-10T09:02:09.958532+00:00,USD_JPY,WAIT,18,40,40,153.627,UPPER_MID,S=NA(0) R=157.918(1),CORR EUR_JPY=+0.95,,,
2026-09-10T09:02:09.958554+00:00,EUR_JPY,WAIT,31,40,40,178.791,UPPER_MID,S=NA(0) R=185.5115(8),CORR GBP_JPY=+0.97,,,
2026-09-10T09:02:09.958565+00:00,GBP_JPY,WAIT,31,33,33,208.265,UPPER_MID,S=NA(0) R=214.49949999999998(4),CORR EUR_JPY=+0.97,,,
2026-09-10T09:02:09.958573+00:00,EUR_USD,WAIT,31,16,31,1.16378,UPPER_25,S=1.1576133333333334(3) R=1.1641(1),CORR USD_JPY=-0.37,,,
2026-09-10T09:08:04.253461+00:00,USD_JPY,WAIT,18,40,40,153.627,UPPER_MID,S=NA(0) R=157.918(1),CORR EUR_JPY=+0.95,,,
2026-09-10T09:08:04.253483+00:00,EUR_JPY,WAIT,31,40,40,178.791,UPPER_MID,S=NA(0) R=185.5115(8),CORR GBP_JPY=+0.97,,,
2026-09-10T09:08:04.253495+00:00,GBP_JPY,WAIT,31,40,40,208.265,UPPER_MID,S=NA(0) R=214.49949999999998(4),CORR EUR_JPY=+0.97,,,
2026-09-10T09:08:04.253505+00:00,EUR_USD,WAIT,31,16,31,1.16378,UPPER_25,S=1.1576133333333334(3) R=1.1641(1),CORR USD_JPY=-0.37,,,
2026-09-10T09:13:58.718839+00:00,USD_JPY,WAIT,18,40,40,153.627,UPPER_MID,S=NA(0) R=157.918(1),CORR EUR_JPY=+0.95,,,
2026-09-10T09:13:58.718860+00:00,EUR_JPY,WAIT,31,33,33,178.791,UPPER_MID,S=NA(0) R=185.5115(8),CORR GBP_JPY=+0.97,,,
2026-09-10T09:13:58.718871+00:00,GBP_JPY,WAIT,31,40,40,208.265,UPPER_MID,S=NA(0) R=214.49949999999998(4),CORR EUR_JPY=+0.97,,,
2026-09-10T09:13:58.718885+00:00,EUR_USD,WAIT,31,16,31,1.16378,UPPER_25,S=1.1576133333333334(3) R=1.1641(1),CORR USD_JPY=-0.37,,,
2026-09-10T09:19:49.298515+00:00,USD_JPY,WAIT,18,33,33,153.615,UPPER_MID,S=NA(0) R=157.918(1),CORR EUR_JPY=+0.95,,,
2026-09-10T09:19:49.298537+00:00,EUR_JPY,WAIT,31,33,33,178.812,UPPER_MID,S=NA(0) R=185.5115(8),CORR GBP_JPY=+0.97,,,
2026-09-10T09:19:49.298547+00:00,GBP_JPY,WAIT,31,40,40,208.247,UPPER_MID,S=NA(0) R=214.49949999999998(4),CORR EUR_JPY=+0.97,,,
2026-09-10T09:19:49.298557+00:00,EUR_USD,WAIT,38,5,38,1.16401,UPPER_25,S=1.1576133333333334(3) R=1.1641(1),CORR USD_JPY=-0.37,,,
2026-09-10T09:25:44.552957+00:00,USD_JPY,WAIT,18,33,33,153.615,UPPER_MID,S=NA(0) R=157.918(1),CORR EUR_JPY=+0.95,,,
2026-09-10T09:25:44.552982+00:00,EUR_JPY,WAIT,31,33,33,178.812,UPPER_MID,S=NA(0) R=185.5115(8),CORR GBP_JPY=+0.97,,,
2026-09-10T09:25:44.552993+00:00,GBP_JPY,WAIT,31,33,33,208.247,UPPER_MID,S=NA(0) R=214.49949999999998(4),CORR EUR_JPY=+0.97,,,
2026-09-10T09:25:44.553003+00:00,EUR_USD,WAIT,38,5,38,1.16401,UPPER_25,S=1.1576133333333334(3) R=1.1641(1),CORR USD_JPY=-0.37,,,
2026-09-10T09:31:35.709625+00:00,USD_JPY,WAIT,18,33,33,153.712,UPPER_MID,S=NA(0) R=157.918(1),CORR EUR_JPY=+0.95,,,
2026-09-10T09:31:35.709644+00:00,EUR_JPY,WAIT,31,33,33,178.876,UPPER_MID,S=NA(0) R=185.5115(8),CORR GBP_JPY=+0.97,,,
2026-09-10T09:31:35.709651+00:00,GBP_JPY,WAIT,31,33,33,208.281,UPPER_MID,S=NA(0) R=214.49949999999998(4),CORR EUR_JPY=+0.97,,,
2026-09-10T09:31:35.709657+00:00,EUR_USD,WAIT,31,23,31,1.16367,UPPER_25,S=1.1576133333333334(3) R=1.1641(1),CORR USD_JPY=-0.37,,,
2026-09-10T09:37:29.178241+00:00,USD_JPY,WAIT,18,33,33,153.712,UPPER_MID,S=NA(0) R=157.918(1),CORR EUR_JPY=+0.95,,,
2026-09-10T09:37:29.178264+00:00,EUR_JPY,WAIT,31,33,33,178.876,UPPER_MID,S=NA(0) R=185.5115(8),CORR GBP_JPY=+0.97,,,
2026-09-10T09:37:29.178275+00:00,GBP_JPY,WAIT,31,33,33,208.281,UPPER_MID,S=NA(0) R=214.49949999999998(4),CORR EUR_JPY=+0.97,,,
2026-09-10T09:37:29.178283+00:00,EUR_USD,WAIT,31,23,31,1.16367,UPPER_25,S=1.1576133333333334(3) R=1.1641(1),CORR USD_JPY=-0.37,,,
2026-09-10T09:43:21.528161+00:00,USD_JPY,WAIT,18,33,33,153.712,UPPER_MID,S=NA(0) R=157.918(1),CORR EUR_JPY=+0.95,,,
2026-09-10T09:43:21.528184+00:00,EUR_JPY,WAIT,31,40,40,178.876,UPPER_MID,S=NA(0) R=185.5115(8),CORR GBP_JPY=+0.97,,,
2026-09-10T09:43:21.528200+00:00,GBP_JPY,WAIT,31,40,40,208.281,UPPER_MID,S=NA(0) R=214.49949999999998(4),CORR EUR_JPY=+0.97,,,
2026-09-10T09:43:21.528209+00:00,EUR_USD,WAIT,31,23,31,1.16367,UPPER_25,S=1.1576133333333334(3) R=1.1641(1),CORR USD_JPY=-0.37,,,
2026-09-10T09:49:13.544721+00:00,USD_JPY,WAIT,11,40,40,153.663,UPPER_MID,S=NA(0) R=157.918(1),CORR EUR_JPY=+0.95,,,
2026-09-10T09:49:13.544744+00:00,EUR_JPY,WAIT,24,61,61,178.758,UPPER_MID,S=NA(0) R=185.5115(8),CORR GBP_JPY=+0.97,,,
2026-09-10T09:49:13.544751+00:00,GBP_JPY,WAIT,13,54,54,208.138,UPPER_MID,S=NA(0) R=214.49949999999998(4),CORR EUR_JPY=+0.97,,,
2026-09-10T09:49:13.544757+00:00,EUR_USD,WAIT,31,16,31,1.16329,UPPER_25,S=1.1576133333333334(3) R=1.1641(1),CORR USD_JPY=-0.37,,,
2026-09-10T09:55:07.649156+00:00,USD_JPY,WAIT,11,40,40,153.663,UPPER_MID,S=NA(0) R=157.918(1),CORR EUR_JPY=+0.95,,,
2026-09-10T09:55:07.649182+00:00,EUR_JPY,WAIT,24,61,61,178.758,UPPER_MID,S=NA(0) R=185.5115(8),CORR GBP_JPY=+0.97,,,
2026-09-10T09:55:07.649193+00:00,GBP_JPY,WAIT,13,54,54,208.138,UPPER_MID,S=NA(0) R=214.49949999999998(4),CORR EUR_JPY=+0.97,,,
2026-09-10T09:55:07.649202+00:00,EUR_USD,WAIT,31,16,31,1.16329,UPPER_25,S=1.1576133333333334(3) R=1.1641(1),CORR USD_JPY=-0.37,,,
2026-09-10T10:00:58.853401+00:00,USD_JPY,WAIT,24,47,47,153.701,UPPER_MID,S=NA(0) R=157.918(1),CORR EUR_JPY=+0.95,,,
2026-09-10T10:00:58.853423+00:00,EUR_JPY,WAIT,24,47,47,178.827,UPPER_MID,S=NA(0) R=185.5115(8),CORR GBP_JPY=+0.97,,,
2026-09-10T10:00:58.853434+00:00,GBP_JPY,WAIT,24,47,47,208.254,UPPER_MID,S=NA(0) R=214.49949999999998(4),CORR EUR_JPY=+0.97,,,
2026-09-10T10:00:58.853443+00:00,EUR_USD,WAIT,18,23,23,1.16346,UPPER_25,S=1.1576133333333334(3) R=1.1641(1),CORR USD_JPY=-0.36,,,
2026-09-10T10:02:01.258733+00:00,USD_JPY,WAIT,24,47,47,153.701,UPPER_MID,S=NA(0) R=157.918(1),CORR EUR_JPY=+0.95,,,
2026-09-10T10:02:01.258750+00:00,EUR_JPY,WAIT,24,47,47,178.827,UPPER_MID,S=NA(0) R=185.5115(8),CORR GBP_JPY=+0.97,,,
2026-09-10T10:02:01.258758+00:00,GBP_JPY,WAIT,24,47,47,208.254,UPPER_MID,S=NA(0) R=214.49949999999998(4),CORR EUR_JPY=+0.97,,,
2026-09-10T10:02:01.258765+00:00,EUR_USD,WAIT,18,23,23,1.16346,UPPER_25,S=1.1576133333333334(3) R=1.1641(1),CORR USD_JPY=-0.36,,,
2026-09-10T10:07:42.391571+00:00,USD_JPY,WAIT,24,47,47,153.701,UPPER_MID,S=NA(0) R=157.918(1),CORR EUR_JPY=+0.95,,,
2026-09-10T10:07:42.391585+00:00,EUR_JPY,WAIT,24,47,47,178.827,UPPER_MID,S=NA(0) R=185.5115(8),CORR GBP_JPY=+0.97,,,
2026-09-10T10:07:42.391590+00:00,GBP_JPY,WAIT,24,47,47,208.254,UPPER_MID,S=NA(0) R=214.49949999999998(4),CORR EUR_JPY=+0.97,,,
2026-09-10T10:07:42.391595+00:00,EUR_USD,WAIT,18,23,23,1.16346,UPPER_25,S=1.1576133333333334(3) R=1.1641(1),CORR USD_JPY=-0.36,,,
2026-09-10T10:13:22.817639+00:00,USD_JPY,WAIT,24,47,47,153.701,UPPER_MID,S=NA(0) R=157.918(1),CORR EUR_JPY=+0.95,,,
2026-09-10T10:13:22.817658+00:00,EUR_JPY,WAIT,24,47,47,178.827,UPPER_MID,S=NA(0) R=185.5115(8),CORR GBP_JPY=+0.97,,,
2026-09-10T10:13:22.817666+00:00,GBP_JPY,WAIT,24,47,47,208.254,UPPER_MID,S=NA(0) R=214.49949999999998(4),CORR EUR_JPY=+0.97,,,
2026-09-10T10:13:22.817674+00:00,EUR_USD,WAIT,18,23,23,1.16346,UPPER_25,S=1.1576133333333334(3) R=1.1641(1),CORR USD_JPY=-0.36,,,
2026-09-10T10:19:02.829639+00:00,USD_JPY,WAIT,31,33,33,153.722,UPPER_MID,S=NA(0) R=157.918(1),CORR EUR_JPY=+0.95,,,
2026-09-10T10:19:02.829659+00:00,EUR_JPY,WAIT,24,54,54,178.859,UPPER_MID,S=NA(0) R=185.5115(8),CORR GBP_JPY=+0.97,,,
2026-09-10T10:19:02.829667+00:00,GBP_JPY,WAIT,24,33,33,208.284,UPPER_MID,S=NA(0) R=214.49949999999998(4),CORR EUR_JPY=+0.97,,,
2026-09-10T10:19:02.829674+00:00,EUR_USD,WAIT,18,23,23,1.16351,UPPER_25,S=1.1576133333333334(3) R=1.1641(1),CORR USD_JPY=-0.36,,,
2026-09-10T10:24:44.040174+00:00,USD_JPY,WAIT,31,33,33,153.722,UPPER_MID,S=NA(0) R=157.918(1),CORR EUR_JPY=+0.95,,,
2026-09-10T10:24:44.040187+00:00,EUR_JPY,WAIT,24,54,54,178.859,UPPER_MID,S=NA(0) R=185.5115(8),CORR GBP_JPY=+0.97,,,
2026-09-10T10:24:44.040193+00:00,GBP_JPY,WAIT,24,40,40,208.284,UPPER_MID,S=NA(0) R=214.49949999999998(4),CORR EUR_JPY=+0.97,,,
2026-09-10T10:24:44.040197+00:00,EUR_USD,WAIT,18,23,23,1.16351,UPPER_25,S=1.1576133333333334(3) R=1.1641(1),CORR USD_JPY=-0.36,,,
2026-09-10T10:30:24.886100+00:00,USD_JPY,WAIT,31,33,33,153.722,UPPER_MID,S=NA(0) R=157.918(1),CORR EUR_JPY=+0.95,,,
2026-09-10T10:30:24.886113+00:00,EUR_JPY,WAIT,24,54,54,178.859,UPPER_MID,S=NA(0) R=185.5115(8),CORR GBP_JPY=+0.97,,,
2026-09-10T10:30:24.886119+00:00,GBP_JPY,WAIT,24,33,33,208.375,UPPER_MID,S=NA(0) R=214.49949999999998(4),CORR EUR_JPY=+0.97,,,
2026-09-10T10:30:24.886123+00:00,EUR_USD,WAIT,18,23,23,1.16304,UPPER_25,S=1.1576133333333334(3) R=1.1641(1),CORR USD_JPY=-0.36,,,
2026-09-10T10:36:05.867418+00:00,USD_JPY,WAIT,24,33,33,153.872,UPPER_MID,S=NA(0) R=157.918(1),CORR EUR_JPY=+0.95,,,
2026-09-10T10:36:05.867433+00:00,EUR_JPY,WAIT,24,40,40,178.962,UPPER_MID,S=NA(0) R=185.5115(8),CORR GBP_JPY=+0.97,,,
2026-09-10T10:36:05.867445+00:00,GBP_JPY,WAIT,24,33,33,208.375,UPPER_MID,S=NA(0) R=214.49949999999998(4),CORR EUR_JPY=+0.97,,,
2026-09-10T10:36:05.867452+00:00,EUR_USD,WAIT,18,23,23,1.16304,UPPER_25,S=1.1576133333333334(3) R=1.1641(1),CORR USD_JPY=-0.36,,,
2026-09-10T10:41:47.110394+00:00,USD_JPY,WAIT,24,33,33,153.872,UPPER_MID,S=NA(0) R=157.918(1),CORR EUR_JPY=+0.95,,,
2026-09-10T10:41:47.110411+00:00,EUR_JPY,WAIT,24,33,33,178.962,UPPER_MID,S=NA(0) R=185.5115(8),CORR GBP_JPY=+0.97,,,
2026-09-10T10:41:47.110419+00:00,GBP_JPY,WAIT,24,33,33,208.375,UPPER_MID,S=NA(0) R=214.49949999999998(4),CORR EUR_JPY=+0.97,,,
2026-09-10T10:41:47.110426+00:00,EUR_USD,WAIT,18,23,23,1.16304,UPPER_25,S=1.1576133333333334(3) R=1.1641(1),CORR USD_JPY=-0.36,,,
2026-09-10T10:47:28.211460+00:00,USD_JPY,WAIT,31,33,33,154.13,UPPER_MID,S=NA(0) R=157.918(1),CORR EUR_JPY=+0.95,,,
2026-09-10T10:47:28.211474+00:00,EUR_JPY,WAIT,31,33,33,179.16,UPPER_MID,S=NA(0) R=185.5115(8),CORR GBP_JPY=+0.97,,,
2026-09-10T10:47:28.211480+00:00,GBP_JPY,WAIT,31,33,33,208.654,UPPER_MID,S=NA(0) R=214.49949999999998(4),CORR EUR_JPY=+0.97,,,
2026-09-10T10:47:28.211484+00:00,EUR_USD,WAIT,18,23,23,1.16238,UPPER_25,S=1.1576133333333334(3) R=1.1641(1),CORR USD_JPY=-0.36,,,
2026-09-10T10:53:08.743844+00:00,USD_JPY,WAIT,31,40,40,154.13,UPPER_MID,S=NA(0) R=157.918(1),CORR EUR_JPY=+0.95,,,
2026-09-10T10:53:08.743862+00:00,EUR_JPY,WAIT,31,40,40,179.16,UPPER_MID,S=NA(0) R=185.5115(8),CORR GBP_JPY=+0.97,,,
2026-09-10T10:53:08.743869+00:00,GBP_JPY,WAIT,31,33,33,208.654,UPPER_MID,S=NA(0) R=214.49949999999998(4),CORR EUR_JPY=+0.97,,,
2026-09-10T10:53:08.743876+00:00,EUR_USD,WAIT,18,23,23,1.16238,UPPER_25,S=1.1576133333333334(3) R=1.1641(1),CORR USD_JPY=-0.36,,,
2026-09-10T10:58:49.376550+00:00,USD_JPY,WAIT,31,33,33,154.13,UPPER_MID,S=NA(0) R=157.918(1),CORR EUR_JPY=+0.95,,,
2026-09-10T10:58:49.376564+00:00,EUR_JPY,WAIT,31,33,33,179.16,UPPER_MID,S=NA(0) R=185.5115(8),CORR GBP_JPY=+0.97,,,
2026-09-10T10:58:49.376570+00:00,GBP_JPY,WAIT,31,33,33,208.654,UPPER_MID,S=NA(0) R=214.49949999999998(4),CORR EUR_JPY=+0.97,,,
2026-09-10T10:58:49.376575+00:00,EUR_USD,WAIT,18,23,23,1.16238,UPPER_25,S=1.1576133333333334(3) R=1.1641(1),CORR USD_JPY=-0.36,,,
2026-09-10T11:04:29.633969+00:00,USD_JPY,WAIT,24,40,40,154.074,UPPER_MID,S=NA(0) R=157.918(1),CORR EUR_JPY=+0.95,,,
2026-09-10T11:04:29.633982+00:00,EUR_JPY,WAIT,24,40,40,179.153,UPPER_MID,S=NA(0) R=185.5115(8),CORR GBP_JPY=+0.97,,,
2026-09-10T11:04:29.633988+00:00,GBP_JPY,WAIT,31,40,40,208.605,UPPER_MID,S=NA(0) R=214.49949999999998(4),CORR EUR_JPY=+0.97,,,
2026-09-10T11:04:29.633992+00:00,EUR_USD,WAIT,18,29,29,1.16275,UPPER_25,S=1.1576133333333334(3) R=1.1641(1),CORR USD_JPY=-0.38,,,
2026-09-10T11:05:28.867976+00:00,USD_JPY,WAIT,24,40,40,154.074,UPPER_MID,S=NA(0) R=157.918(1),CORR EUR_JPY=+0.95,,,
2026-09-10T11:05:28.867992+00:00,EUR_JPY,WAIT,24,40,40,179.153,UPPER_MID,S=NA(0) R=185.5115(8),CORR GBP_JPY=+0.97,,,
2026-09-10T11:05:28.867997+00:00,GBP_JPY,WAIT,31,40,40,208.605,UPPER_MID,S=NA(0) R=214.49949999999998(4),CORR EUR_JPY=+0.97,,,
2026-09-10T11:05:28.868001+00:00,EUR_USD,WAIT,18,29,29,1.16275,UPPER_25,S=1.1576133333333334(3) R=1.1641(1),CORR USD_JPY=-0.38,,,
2026-09-10T11:11:10.216691+00:00,USD_JPY,WAIT,24,40,40,154.074,UPPER_MID,S=NA(0) R=157.918(1),CORR EUR_JPY=+0.95,,,
2026-09-10T11:11:10.216705+00:00,EUR_JPY,WAIT,24,40,40,179.153,UPPER_MID,S=NA(0) R=185.5115(8),CORR GBP_JPY=+0.97,,,
2026-09-10T11:11:10.216710+00:00,GBP_JPY,WAIT,31,40,40,208.605,UPPER_MID,S=NA(0) R=214.49949999999998(4),CORR EUR_JPY=+0.97,,,
2026-09-10T11:11:10.216715+00:00,EUR_USD,WAIT,18,29,29,1.16275,UPPER_25,S=1.1576133333333334(3) R=1.1641(1),CORR USD_JPY=-0.38,,,
2026-09-10T11:16:51.891542+00:00,USD_JPY,WAIT,24,40,40,154.153,UPPER_MID,S=NA(0) R=157.918(1),CORR EUR_JPY=+0.95,,,
2026-09-10T11:16:51.891557+00:00,EUR_JPY,WAIT,31,40,40,179.194,UPPER_MID,S=NA(0) R=185.5115(8),CORR GBP_JPY=+0.97,,,
2026-09-10T11:16:51.891562+00:00,GBP_JPY,WAIT,24,40,40,208.609,UPPER_MID,S=NA(0) R=214.49949999999998(4),CORR EUR_JPY=+0.97,,,
2026-09-10T11:16:51.891566+00:00,EUR_USD,WAIT,18,29,29,1.16243,UPPER_25,S=1.1576133333333334(3) R=1.1641(1),CORR USD_JPY=-0.38,,,
2026-09-10T11:22:34.332858+00:00,USD_JPY,WAIT,24,33,33,154.153,UPPER_MID,S=NA(0) R=157.918(1),CORR EUR_JPY=+0.95,,,
2026-09-10T11:22:34.332879+00:00,EUR_JPY,WAIT,31,33,33,179.194,UPPER_MID,S=NA(0) R=185.5115(8),CORR GBP_JPY=+0.97,,,
2026-09-10T11:22:34.332885+00:00,GBP_JPY,WAIT,24,33,33,208.609,UPPER_MID,S=NA(0) R=214.49949999999998(4),CORR EUR_JPY=+0.97,,,
2026-09-10T11:22:34.332891+00:00,EUR_USD,WAIT,18,29,29,1.16243,UPPER_25,S=1.1576133333333334(3) R=1.1641(1),CORR USD_JPY=-0.38,,,
2026-09-10T11:28:15.838721+00:00,USD_JPY,WAIT,24,33,33,154.153,UPPER_MID,S=NA(0) R=157.918(1),CORR EUR_JPY=+0.95,,,
2026-09-10T11:28:15.838741+00:00,EUR_JPY,WAIT,31,33,33,179.194,UPPER_MID,S=NA(0) R=185.5115(8),CORR GBP_JPY=+0.97,,,
2026-09-10T11:28:15.838747+00:00,GBP_JPY,WAIT,24,33,33,208.609,UPPER_MID,S=NA(0) R=214.49949999999998(4),CORR EUR_JPY=+0.97,,,
2026-09-10T11:28:15.838753+00:00,EUR_USD,WAIT,18,29,29,1.16243,UPPER_25,S=1.1576133333333334(3) R=1.1641(1),CORR USD_JPY=-0.38,,,
2026-09-10T11:33:57.822103+00:00,USD_JPY,WAIT,24,47,47,154.109,UPPER_MID,S=NA(0) R=157.918(1),CORR EUR_JPY=+0.95,,,
2026-09-10T11:33:57.822117+00:00,EUR_JPY,WAIT,24,33,33,179.125,UPPER_MID,S=NA(0) R=185.5115(8),CORR GBP_JPY=+0.97,,,
2026-09-10T11:33:57.822122+00:00,GBP_JPY,WAIT,24,47,47,208.532,UPPER_MID,S=NA(0) R=214.49949999999998(4),CORR EUR_JPY=+0.97,,,
2026-09-10T11:33:57.822127+00:00,EUR_USD,WAIT,18,29,29,1.1623,UPPER_25,S=1.1576133333333334(3) R=1.1641(1),CORR USD_JPY=-0.38,,,
2026-09-10T11:39:39.968930+00:00,USD_JPY,WAIT,24,47,47,154.109,UPPER_MID,S=NA(0) R=157.918(1),CORR EUR_JPY=+0.95,,,
2026-09-10T11:39:39.968944+00:00,EUR_JPY,WAIT,24,33,33,179.125,UPPER_MID,S=NA(0) R=185.5115(8),CORR GBP_JPY=+0.97,,,
2026-09-10T11:39:39.968949+00:00,GBP_JPY,WAIT,24,47,47,208.532,UPPER_MID,S=NA(0) R=214.49949999999998(4),CORR EUR_JPY=+0.97,,,
2026-09-10T11:39:39.968953+00:00,EUR_USD,WAIT,18,29,29,1.1623,UPPER_25,S=1.1576133333333334(3) R=1.1641(1),CORR USD_JPY=-0.38,,,
2026-09-10T11:45:21.292209+00:00,USD_JPY,WAIT,24,47,47,154.109,UPPER_MID,S=NA(0) R=157.918(1),CORR EUR_JPY=+0.95,,,
2026-09-10T11:45:21.292240+00:00,EUR_JPY,WAIT,24,33,33,179.125,UPPER_MID,S=NA(0) R=185.5115(8),CORR GBP_JPY=+0.97,,,
2026-09-10T11:45:21.292246+00:00,GBP_JPY,WAIT,24,47,47,208.532,UPPER_MID,S=NA(0) R=214.49949999999998(4),CORR EUR_JPY=+0.97,,,
2026-09-10T11:45:21.292250+00:00,EUR_USD,WAIT,18,29,29,1.16261,UPPER_25,S=1.1576133333333334(3) R=1.1641(1),CORR USD_JPY=-0.38,,,
2026-09-10T11:51:02.366290+00:00,USD_JPY,WAIT,24,47,47,154.072,UPPER_MID,S=NA(0) R=157.918(1),CORR EUR_JPY=+0.95,,,
2026-09-10T11:51:02.366304+00:00,EUR_JPY,WAIT,24,43,43,179.128,UPPER_MID,S=NA(0) R=185.5115(8),CORR GBP_JPY=+0.97,,,
2026-09-10T11:51:02.366309+00:00,GBP_JPY,WAIT,24,47,47,208.498,UPPER_MID,S=NA(0) R=214.49949999999998(4),CORR EUR_JPY=+0.97,,,
2026-09-10T11:51:02.366313+00:00,EUR_USD,WAIT,18,29,29,1.16261,UPPER_25,S=1.1576133333333334(3) R=1.1641(1),CORR USD_JPY=-0.38,,,
2026-09-10T11:56:44.822967+00:00,USD_JPY,WAIT,24,47,47,154.072,UPPER_MID,S=NA(0) R=157.918(1),CORR EUR_JPY=+0.95,,,
2026-09-10T11:56:44.822989+00:00,EUR_JPY,WAIT,24,43,43,179.128,UPPER_MID,S=NA(0) R=185.5115(8),CORR GBP_JPY=+0.97,,,
2026-09-10T11:56:44.822997+00:00,GBP_JPY,WAIT,24,47,47,208.498,UPPER_MID,S=NA(0) R=214.49949999999998(4),CORR EUR_JPY=+0.97,,,
2026-09-10T11:56:44.823003+00:00,EUR_USD,WAIT,18,29,29,1.16261,UPPER_25,S=1.1576133333333334(3) R=1.1641(1),CORR USD_JPY=-0.38,,,
2026-09-10T12:02:25.452304+00:00,USD_JPY,WAIT,24,15,24,154.158,UPPER_MID,S=NA(0) R=157.918(1),CORR EUR_JPY=+0.95,,,
2026-09-10T12:02:25.452318+00:00,EUR_JPY,WAIT,24,25,25,179.086,UPPER_MID,S=NA(0) R=185.5115(8),CORR GBP_JPY=+0.97,,,
2026-09-10T12:02:25.452323+00:00,GBP_JPY,WAIT,24,29,29,208.555,UPPER_MID,S=NA(0) R=214.49949999999998(4),CORR EUR_JPY=+0.97,,,
2026-09-10T12:02:25.452328+00:00,EUR_USD,WAIT,9,38,38,1.16169,UPPER_25,S=1.1576133333333334(3) R=1.1631399999999998(2),CORR USD_JPY=-0.38,,,
2026-09-10T12:08:06.844301+00:00,USD_JPY,WAIT,24,15,24,154.158,UPPER_MID,S=NA(0) R=157.918(1),CORR EUR_JPY=+0.95,,,
2026-09-10T12:08:06.844317+00:00,EUR_JPY,WAIT,24,25,25,179.086,UPPER_MID,S=NA(0) R=185.5115(8),CORR GBP_JPY=+0.97,,,
2026-09-10T12:08:06.844322+00:00,GBP_JPY,WAIT,24,29,29,208.555,UPPER_MID,S=NA(0) R=214.49949999999998(4),CORR EUR_JPY=+0.97,,,
2026-09-10T12:08:06.844326+00:00,EUR_USD,WAIT,9,38,38,1.16169,UPPER_25,S=1.1576133333333334(3) R=1.1631399999999998(2),CORR USD_JPY=-0.38,,,
2026-09-10T12:09:08.205954+00:00,USD_JPY,WAIT,24,15,24,154.158,UPPER_MID,S=NA(0) R=157.918(1),CORR EUR_JPY=+0.95,,,
2026-09-10T12:09:08.205971+00:00,EUR_JPY,WAIT,24,25,25,179.086,UPPER_MID,S=NA(0) R=185.5115(8),CORR GBP_JPY=+0.97,,,
2026-09-10T12:09:08.205978+00:00,GBP_JPY,WAIT,24,29,29,208.555,UPPER_MID,S=NA(0) R=214.49949999999998(4),CORR EUR_JPY=+0.97,,,
2026-09-10T12:09:08.205985+00:00,EUR_USD,WAIT,9,38,38,1.16169,UPPER_25,S=1.1576133333333334(3) R=1.1631399999999998(2),CORR USD_JPY=-0.38,,,
